Date,Open,High,Low,Close,Adj Close,Volume,VIX,Treasury_Yield_10Y,Daily_Return,Log_Return,SMA_50,SMA_200,EMA_20,SMA_50_Ratio,SMA_200_Ratio,Golden_Cross,Volatility_21d,Volatility_63d,Rolling_Sharpe_63d,RSI_14,MACD,MACD_Signal,MACD_Hist,BB_Middle,BB_Upper,BB_Lower,BB_Bandwidth,BB_Position,ATR_14,ATR_Ratio,ROC_10,Volume_Change,Volume_SMA_20,Volume_Ratio,Next_Close,Next_Day_Return,Target_Direction
2018-10-05,277.62,279.91,274.64,276.92,276.92,313876149.0,24.31,2.93,-0.018779675430515286,-0.018958252819790043,279.1554,267.2855,283.8437954238226,0.9919922738374397,1.036045726386205,1,0.14329967651728542,0.1231520303175877,1.0707914479660023,36.80162840229308,0.29861661198975753,1.838192617138935,-1.5395760051491774,286.4055,293.386253917964,279.42474608203605,0.048747345410193536,-0.17940369416339316,5.488571428571435,0.019820061492746767,-0.030561876422194878,-0.049809265517738566,239238319.3,1.3119810819537052,277.91,0.0035750397226636177,1
2018-10-08,278.68,280.68,275.92,277.91,277.91,332327715.0,23.05,3.08,0.0035750397226637087,0.0035686644581854167,279.3866,267.3289,283.27867205012524,0.9947148503185194,1.03958083095393,1,0.11646120630837548,0.12317114186795695,1.2511923831664242,39.328845167266394,-0.17815278421329594,1.434923536868489,-1.613076321081785,285.76,293.38025279315525,278.13974720684473,0.053333236234102695,-0.015074775933680146,5.500714285714293,0.019793149889224183,-0.024226677434078803,0.058786136056486304,246242374.85,1.3495959629305858,279.76,0.006656831348278097,1
2018-10-09,278.46,283.29,274.95,279.76,279.76,302951159.0,20.83,3.03,0.006656831348277992,0.006634772487110212,279.6368,267.38225,282.9435604263038,1.0004405714841538,1.046292339899152,1,0.11736784849456215,0.12307139171315773,1.2363222172616748,43.84767094365675,-0.40208148170324876,1.0675225331541414,-1.4696040148573901,285.2975,293.2046396784645,277.3903603215355,0.05543083748323609,0.14984177431242696,5.81000000000001,0.020767800972261975,-0.025022652819404745,-0.08839634696131193,252062495.9,1.2018890708762517,283.83,0.014548184157849562,1
2018-10-10,285.18,287.57,281.45,283.83,283.83,312899170.0,23.58,3.09,0.014548184157849642,0.014443374629342216,279.99420000000003,267.44815,283.0279832428463,1.0136995694910822,1.0612524334155984,1,0.12902290288279322,0.12443630815404891,1.9868002235114575,52.27016368080703,-0.2482697035919159,0.80436408580493,-1.0526337893968458,285.1535,293.0572267026059,277.24977329739414,0.05543489175183295,0.41627367378606733,6.162142857142868,0.02171068194744343,-0.013108484005563414,0.0328370125165951,256829264.8,1.21831587316836,287.83,0.014092942958813375,1
2018-10-11,288.33,290.9,285.26,287.83,287.83,344240946.0,25.5,3.01,0.01409294295881347,0.013994560691191444,280.4186,267.51665,283.485318172099,1.0264297732033465,1.0759330307104247,1,0.13608999749993633,0.12709904778658543,2.311570825173833,58.80932491716825,0.1941557032313881,0.6823224092902216,-0.4881667060588335,285.14500000000004,293.0361929589765,277.25380704102355,0.05534863286362247,0.6701263682999631,6.217857142857151,0.02160253324134785,0.010213393233188262,0.10016573709671395,264137519.85,1.3032640958978097,281.44,-0.02220060452350341,0
2018-10-12,282.62,285.36,278.71,281.44,281.44,343066334.0,20.98,3.1,-0.022200604523503364,-0.02245074708640578,280.6994,267.55490000000003,283.29052596523246,1.0026384096296608,1.051896265028224,1,0.15555174437148794,0.13391865392182206,1.1994000938974108,47.591951767973946,0.028829105121644716,0.5516237484565063,-0.5227946433348616,284.8345,292.79903580105747,276.8699641989425,0.055923954443928094,0.286899068252277,6.487857142857154,0.02305236335580285,-0.014186136116851822,-0.0034121797933939213,269943988.8,1.2708796944323733,277.01,-0.015740477544059148,0
2018-10-15,275.89,279.44,273.47,277.01,277.01,325642156.0,26.02,3.07,-0.01574047754405916,-0.0158656743705055,280.919,267.57275,282.6923806352103,0.9860849568736896,1.0352698471724044,1,0.16367155738598407,0.13550434880293807,1.0796084854008359,41.659352187526316,-0.4544191310625365,0.3504151725526978,-0.8048343036152343,284.2115,292.5879463637166,275.8350536362834,0.058945161358263894,0.07013393941945573,6.741428571428579,0.024336408690764158,-0.03352871397669388,-0.05078953040026368,274856537.2,1.1847713695201134,278.65,0.005920363885780247,1
2018-10-16,277.51,281.93,274.25,278.65,278.65,314689124.0,21.88,3.17,0.005920363885780322,0.005902907396802812,281.088,267.5806,282.30739200328554,0.991326559653916,1.0413684699114958,1,0.16342474523564135,0.13588062072269907,1.189749623921639,44.421477168594954,-0.6970276450978758,0.14092660902258305,-0.8379542541204589,283.6065,291.73883772307295,275.474162276927,0.05734944525632728,0.19525982755654953,6.853571428571436,0.02459562687447133,-0.013069349011829656,-0.03363517836431473,278888818.35,1.12836766228853,280.3,0.005921406782702437,1
2018-10-17,280.18,282.43,278.06,280.3,280.3,314520437.0,22.79,3.17,0.005921406782702476,0.005903944155197393,281.2664,267.58735,282.11621181249643,0.9965641114615895,1.0475084117391946,1,0.1642202695788927,0.13622140419172848,1.2822198288297473,47.13340541238463,-0.7475382740988152,-0.0367663676016966,-0.7107719064971186,283.084,290.6035755759295,275.5644244240705,0.053126107981397164,0.31488316912282976,6.762857142857148,0.024127210641659465,-0.007717360521098837,-0.0005360433111123442,284860678.65,1.1041202263877288,281.97,0.005957902247591923,1
2018-10-18,282.4,284.95,279.42,281.97,281.97,325967805.0,25.33,3.14,0.005957902247591962,0.0059402241295772465,281.52639999999997,267.6068,282.102286877973,1.0015756959205249,1.053672776626005,1,0.16627698603730598,0.13606433845981866,1.2561273832360431,49.803121717610345,-0.6453738008191863,-0.15848785424519454,-0.48688594657399176,282.7345,289.73607418389906,275.732925816101,0.04952755453525674,0.4454051345907708,6.724285714285718,0.023847521772832985,-0.0008858337467224642,0.036396261270615016,290243124.0,1.1230853654951702,298.21,0.057594779586480654,1
2018-10-19,299.82,302.02,296.01,298.21,298.21,343779073.0,22.34,3.08,0.05759477958648063,0.055997254008624764,282.07959999999997,267.7006,283.6363547943565,1.0571838587405824,1.1139683661523359,1,0.2622743983910531,0.17585234291659263,2.4927349933065166,67.1670483522878,0.7375228526142905,0.02071428712670248,0.716808565487588,283.3625,293.1600074703513,273.56499252964875,0.06915175769776655,1.2577182280122279,7.649285714285712,0.025650668033552572,0.07688140979344205,0.05464118764735071,296378680.25,1.159931857143088,300.23,0.0067737500419169,1
2018-10-22,300.87,302.77,298.33,300.23,300.23,348744299.0,24.09,3.2,0.006773750041916937,0.00675091127515786,282.712,267.80879999999996,285.2167019567987,1.0619641189620534,1.1210609957551807,1,0.2583891294184614,0.17447185520912012,2.8948990668230414,68.6210332615977,1.9737236739355808,0.4113161644884782,1.5624075094471026,284.1335,296.5005738997597,271.7664261002404,0.0870511495456616,1.150780456610761,7.46642857142857,0.02486902898254195,0.08031377064517287,0.014443072280900582,303730801.15,1.1482019527804483,304.84,0.015354894580821225,1
2018-10-23,304.62,307.16,302.3,304.84,304.84,323810694.0,23.21,3.02,0.015354894580821288,0.015238201213814228,283.3994,267.94440000000003,287.0855874847226,1.075655064901337,1.1376987165994137,1,0.2612939880645608,0.17639695380912976,3.1030860841018404,71.70105931640357,3.2875137912221817,0.986555689835219,2.3009581013869624,285.0285,300.4615380745509,269.5954619254491,0.10829119245617015,1.141853532115861,7.569285714285712,0.024830355971282355,0.08964826994566777,-0.07149537661689487,310096636.35,1.0442251093446921,308.68,0.012596772077155335,1
2018-10-24,307.73,311.34,305.07,308.68,308.68,312313882.0,24.32,3.03,0.012596772077155372,0.012518092791485733,284.11,268.0957,289.1421982004633,1.0864805885044524,1.1513798990435131,1,0.2629049457774204,0.17759346226394115,3.298720453981596,73.99114614096716,4.585696774381518,1.7063839067444788,2.8793128676370388,286.08250000000004,304.78747358571025,267.37752641428983,0.13076629004322055,1.1040505723076626,7.733571428571428,0.025053684814602267,0.08755240813162812,-0.03550473228039841,313803999.9,0.9952514375199971,311.15,0.00800181417649336,1
2018-10-25,312.3,314.77,308.68,311.15,311.15,337187263.0,18.05,3.1,0.00800181417649326,0.007969969425824399,284.9024,268.27965,291.2381793242287,1.0921283920388174,1.159797248878176,1,0.2632880676256604,0.17794064073498392,3.412872576979474,75.37173992115986,5.747570088544819,2.514621143104547,3.2329489454402722,287.394,309.1802278080735,265.60777219192653,0.15161226614332707,1.0452068207547003,7.627142857142851,0.02451275223250153,0.08102004655525818,0.07964225234150812,319964304.2,1.0538277507019485,309.12,-0.006524184476940295,0
2018-10-26,308.23,311.43,305.93,309.12,309.12,318088138.0,19.43,3.22,-0.0065241844769402535,-0.006545559991073585,285.60900000000004,268.47145,292.9412098647784,1.0823188344905097,1.1514073470382047,1,0.2616957248456122,0.17884896825560664,3.173839127896276,71.98955048624833,6.430432997492687,3.297783513982175,3.1326494835105123,288.5755,312.39505717914454,264.7559428208554,0.16508371070352146,0.9312527694061564,7.679999999999994,0.02484472049689439,0.09835133598635593,-0.05664248652239279,324812239.35,0.9792984976075532,312.1,0.009640269151138775,1
2018-10-29,313.63,315.56,310.18,312.1,312.1,323430578.0,25.54,3.1,0.009640269151138803,0.009594098252580655,286.3538,268.6834,294.7658565443233,1.0899104534320831,1.1615901838371854,1,0.26229159598801005,0.17882178812940538,3.497906680152,73.84499951795227,7.129879060087262,4.064202623203193,3.065676436884069,289.8495,315.8540756904841,263.8449243095159,0.17943502190201735,0.9278189397109523,7.5442857142857065,0.02417265528447839,0.12667412728782357,0.016795470694352055,325078084.8,0.9949319659582293,307.95,-0.01329702018583798,0
2018-10-30,307.69,310.58,305.06,307.95,307.95,350000000.0,26.59,3.1,-0.013297020185838004,-0.01338621714368161,286.976,268.8847,296.02148925438775,1.0730862511150758,1.1452864369002773,1,0.26935744127242317,0.18162830996569707,3.097140655102716,67.17182315326316,7.26557179790251,4.7044764581430565,2.5610953397594534,291.13,318.0824813817131,264.1775186182869,0.18515770536612858,0.8120306394237994,7.489285714285708,0.024319810729942225,0.10514982953525931,0.08214876331204524,327019958.75,1.0702710664445034,306.31,-0.005325539860366898,0
2018-10-31,307.77,309.61,304.47,306.31,306.31,346974519.0,21.72,3.04,-0.005325539860366879,-0.005339771096265516,287.4774,269.07365,297.00134742063653,1.065509845295665,1.1383872036522342,1,0.2630289102666102,0.18227075510507731,2.9042479242119628,64.68416929451669,7.158259022140669,5.195232970942579,1.9630260511980904,292.3215,319.76632946222367,264.87667053777636,0.1877715423746099,0.7548476393066965,7.351428571428564,0.023999962689525527,0.0927934356047091,-0.008644231428571403,328241953.3,1.057069382849057,303.54,-0.009043126244654049,0
2018-11-01,304.15,307.22,300.48,303.54,303.54,335264550.0,23.39,3.16,-0.009043126244654087,-0.009084263504886942,287.93100000000004,269.25765,297.6240762377187,1.0542109046959167,1.1273217306917742,1,0.2666877821386107,0.18307965025160142,2.8056292241964713,60.601829464872445,6.7716377987131295,5.5105139364966895,1.26112386221644,293.3875,320.8364995024267,265.9385004975733,0.18711771634669616,0.6849338807124379,7.181428571428564,0.023658919982304027,0.07649749973401421,-0.033748786607583736,328488699.55,1.020627347179012,303.36,-0.0005930025696778244,0
2018-11-02,303.24,306.05,300.56,303.36,303.36,310241417.0,24.74,3.16,-0.0005930025696778696,-0.0005931784652428106,288.4114,269.45495,298.1703546912693,1.051830822221313,1.1258282692524297,1,0.26662084470609937,0.18107887663653044,2.4771420903550028,60.335352040614616,6.377200796897114,5.683851308576775,0.6933494883203393,294.7095,321.35411827757923,268.06488172242075,0.18081954112431958,0.662331092703566,7.00428571428571,0.02308902200120553,0.01726970926528293,-0.07463697846968909,328306962.95,0.9449736131464525,313.52,0.033491561181434495,1
2018-11-05,313.03,315.42,311.13,313.52,313.52,336199439.0,25.73,3.15,0.03349156118143459,0.03294293482471903,289.1314,269.68665,299.6322256730532,1.084351267278476,1.1625343709078666,1,0.2728079246231385,0.19174475266978444,2.9468173024457673,68.70117400914422,6.805978635395718,5.908276773940564,0.897701861455154,296.49,323.1670257949265,269.81297420507354,0.1799522803118924,0.8191885056845358,7.317142857142853,0.023338679692341328,0.04426606268527444,0.0836703953037965,328500549.15,1.0234364596038608,304.31,-0.029376116356213258,0
2018-11-06,304.0,306.79,301.52,304.31,304.31,350000000.0,18.93,3.08,-0.02937611635621329,-0.02981623522147043,289.7,269.87395,300.0777279899053,1.0504314808422506,1.1276004964539927,1,0.2992032405797765,0.20079807017557144,2.40571226675253,56.97088783420181,6.3296538235596245,5.992552183864376,0.3371016396952484,297.7175,323.3937309703375,272.04126902966243,0.1724872133499126,0.628377486691634,7.862142857142852,0.02583596614354721,-0.0017386169793989215,0.04104873298137779,330852991.2,1.0578716508820247,306.9,0.008511057802898278,1
2018-11-07,307.3,309.56,304.65,306.9,306.9,325926410.0,21.78,3.08,0.008511057802898181,0.00847504295578475,290.3204,270.07265,300.7274681813429,1.0571079400551942,1.136360901409306,1,0.29944068924295314,0.20107182230549028,2.4548681120427913,59.086499274532905,6.090941747920965,6.012230096675694,0.07871165124527124,298.871,323.9870312821997,273.75496871780024,0.16807272222541303,0.6598381509627773,7.842142857142854,0.025552762649536837,-0.005766489568485245,-0.06878168571428567,331504353.2,0.9831738462974731,299.03,-0.025643532095145014,0
2018-11-08,299.1,301.87,296.26,299.03,299.03,350000000.0,23.17,3.05,-0.025643532095145027,-0.025978058820007636,290.765,270.24635,300.5658045450245,1.0284250167661169,1.1065089315729888,1,0.3145777894471307,0.20780803005391052,2.0196768167444885,50.897519622082186,5.20669790805681,5.851123658951918,-0.6444257508951079,299.431,324.00407461001754,274.8579253899824,0.16413180071492592,0.4918406628625875,7.17,0.023977527338394145,-0.038952273822914996,0.0738620414344453,331792305.9,1.054876782180379,296.39,-0.008828545630873113,0
2018-11-09,295.86,299.68,292.57,296.39,296.39,350000000.0,25.76,3.12,-0.008828545630873097,-0.008867748144529517,291.1412,270.4118,300.1681088740698,1.0180283656177826,1.0960690324904458,1,0.31411302343404474,0.20861215108063794,1.7097835401080574,48.47071487869007,4.243980393541506,5.529695005869836,-1.2857146123283307,300.1785,323.3147893581311,277.04221064186885,0.15415020967893478,0.41812645619668753,7.352142857142858,0.024805637360042033,-0.04118141821946175,0.0,332138989.2,1.0537757125202933,300.73,0.014642869192617943,1
2018-11-12,300.58,302.33,298.98,300.73,300.73,350000000.0,30.25,3.06,0.014642869192617924,0.014536697566756771,291.564,270.597,300.2216223146346,1.0314373516620707,1.1113574799424977,1,0.30475647161847774,0.20959681950989026,1.7920769345284926,52.48185795856591,3.7875609118723332,5.181268187070336,-1.393707275198003,301.3645,321.770950450777,280.95804954922306,0.13542703570400128,0.4844534451982487,7.281428571428571,0.024212511460208728,-0.03643063120794621,0.0,333356881.4,1.049925828829763,300.47,-0.0008645628969507228,0
2018-11-13,300.55,303.22,297.8,300.47,300.47,337841754.0,23.43,3.06,-0.0008645628969506935,-0.0008649368470031817,291.9776,270.79220000000004,300.2452773322884,1.0290857928827417,1.109596214366588,1,0.29728962748855564,0.20910000790305888,1.8932500556332879,52.21960768812081,3.366063472822475,4.818227244220765,-1.4521637713982898,302.45550000000003,319.8612237712201,285.04977622877993,0.11509609692111764,0.4429641643593719,7.2042857142857155,0.02397672218286589,-0.024289657411917354,-0.03473784571428573,334514512.9,1.0099464775717957,295.12,-0.01780543814690326,0
2018-11-14,293.24,297.61,290.77,295.12,295.12,342779354.0,20.48,3.1,-0.017805438146903274,-0.017965862092486646,292.2154,270.95595000000003,299.7571556815943,1.0099399278751222,1.0891807321448375,1,0.30661682952423513,0.212239162110719,1.3727875209815097,47.013701857259115,2.570690112053228,4.368719817787258,-1.79802970573403,303.1965,317.6407161434955,288.7522838565045,0.09527957046633367,0.22042442732839373,7.462142857142863,0.025285114045618267,-0.03653161829519114,0.01461512658379105,335927458.75,1.0203969490183868,291.45,-0.012435619409053997,0
2018-11-15,291.85,294.74,288.56,291.45,291.45,350000000.0,25.01,3.1,-0.012435619409054022,-0.012513588796861486,292.3884,271.10685,298.965997997633,0.9967905703509442,1.0750373883950184,1,0.31091196743677774,0.21392659047427404,1.0563715730204817,43.78875704800709,1.6254751984926656,3.8200708939283397,-2.194595695435674,303.6705,315.58193188175545,291.75906811824456,0.0784497136318228,-0.012973592146591082,7.537857142857149,0.025863294365610395,-0.039830005930025836,0.021064996814248005,337129068.5,1.0381780531630425,293.91,0.008440555841482369,1
2018-11-16,293.04,296.58,290.38,293.91,293.91,340329393.0,27.3,3.1,0.0084405558414824,0.008405133533101966,292.48260000000005,271.2723,298.48447437881083,1.0048802903147058,1.0834500979274333,1,0.31142472984202774,0.214086170441573,1.0786571857114808,46.44082962556059,1.0626375858911388,3.2685842323209,-2.2059466464297612,303.4555,315.92412415910707,290.9868758408929,0.08217761193365095,0.1172191944231022,7.520714285714291,0.025588494048226634,-0.031151107594936667,-0.027630305714285708,336956584.5,1.0100096233614333,290.18,-0.012690959817631308,0
2018-11-19,289.18,292.31,287.05,290.18,290.18,323728403.0,24.27,3.15,-0.012690959817631353,-0.012772177937121619,292.4698,271.42460000000005,297.6935720570193,0.992170815585062,1.0690998531452196,1,0.24099001731945843,0.21365736998946258,0.5456584659703436,43.11891512683001,0.3120082588000628,2.6772690376167327,-2.36526077881667,302.95300000000003,316.71221677697554,289.1937832230245,0.09083400248177169,0.03583840537311563,7.507857142857148,0.02587310339395254,-0.07444501148252103,-0.04877918375977597,335705789.7,0.964321774996185,290.6,0.001447377489833951,1
2018-11-20,289.13,292.96,286.78,290.6,290.6,324650500.0,21.73,3.13,0.0014473774898340341,0.0014463310486435828,292.5016,271.5588,297.0179937658746,0.9934988389807099,1.0701181475245878,1,0.23947401093958248,0.21362759497939124,0.5981125078678552,43.60805235269885,-0.24614301751120138,2.092586626591146,-2.3387296441023473,302.241,317.02469072927875,287.4573092707212,0.09782716924063808,0.10628911233067401,7.5821428571428635,0.026091338118179156,-0.04505274226939626,0.0028483660730875826,335747780.0,0.9669475699884003,290.28,-0.0011011699931178596,0
2018-11-21,288.72,292.39,286.62,290.28,290.28,336674711.0,26.39,3.11,-0.0011011699931178232,-0.0011017767262464682,292.573,271.69075,296.37628007388656,0.9921626397514466,1.068420621607471,1,0.23158477949358122,0.21330581612673222,0.6797853349130109,43.30251707620451,-0.7061630429116121,1.5328366926905945,-2.2389997356022064,301.321,316.69579126088564,285.9462087391144,0.10204925153463974,0.14093821461401063,7.512857142857148,0.025881414988484043,-0.05415444770283484,0.037037401759738575,336965821.45,0.9991360831530411,286.94,-0.011506132010472563,0
2018-11-22,285.77,289.99,282.73,286.94,286.94,309915175.0,25.66,3.14,-0.01150613201047257,-0.011572839739692206,292.5518,271.81635,295.47758673351643,0.9808177560349995,1.0556392211138146,1,0.22715491262532606,0.21422336260619615,0.5837003151044665,40.141212587239266,-1.324968897081078,0.96127557473626,-2.286244471817338,300.1105,316.02952334348873,284.19147665651127,0.10608774663622692,0.08632826537460328,7.660000000000001,0.02669547640621733,-0.04043072601411224,-0.07948187115247873,335602217.05,0.9234598559097927,295.78,0.03080783439046482,1
2018-11-23,295.15,298.37,292.57,295.78,295.78,329992968.0,21.43,3.08,0.03080783439046475,0.03034280006837896,292.7144,271.9767,295.50638799699107,1.0104730071359658,1.0875196294388452,1,0.2537295639998773,0.22211656098708413,1.2241767076945809,50.451566956939295,-1.089503752660221,0.5511197092569639,-1.6406234619171847,299.4435,314.8837553496751,284.00324465032486,0.10312633501561097,0.381365303959871,7.615000000000001,0.025745486510244105,-0.0020580991261514026,0.0647848011960046,336197458.55,0.9815450997852285,298.07,0.007742240854689366,1
2018-11-26,299.82,303.45,294.46,298.07,298.07,350000000.0,24.95,3.14,0.007742240854689442,0.007712423511112927,292.8864,272.16055,295.7505415210872,1.0176983294546964,1.095199138890629,1,0.25553510118304484,0.22248575666861028,1.361247799457569,52.723317155981874,-0.7099284542944133,0.29891007654668844,-1.0088385308411016,298.742,312.9899141224994,284.49408587750065,0.095386079777545,0.47641760068530786,7.400000000000001,0.024826383064380855,-0.008845143484188522,0.06062866163863223,337525929.65,1.0369573690617935,288.63,-0.031670412990237186,0
2018-11-27,288.18,291.11,285.7,288.63,288.63,294153057.0,26.49,3.14,-0.03167041299023721,-0.03218276720845289,292.844,272.2942,295.0723947095551,0.9856100859160509,1.0599931985330573,1,0.27215131649893404,0.23201145885970692,0.7018509905778215,43.806831964384784,-1.1574984803121424,0.007628365174922269,-1.1651268454870647,297.776,312.01506176684444,283.5369382331556,0.09563606044003957,0.1788411993030586,7.90857142857143,0.02740037913096847,-0.03940493227277275,-0.15956269428571423,334733582.5,0.8787676898238915,288.92,0.0010047465613415808,1
2018-11-28,289.07,291.22,286.78,288.92,288.92,350000000.0,26.95,3.06,0.0010047465613416406,0.001004242141363261,292.80740000000003,272.4489,294.4864523562642,0.9867236961907383,1.0604557405076696,1,0.2702172360912453,0.23197470834627057,0.6707656053950122,44.11948457188734,-1.4718339881002862,-0.28826410548011944,-1.1835698826201668,296.90649999999994,311.0750021679858,282.73799783201406,0.09544083519854339,0.21816004594106642,7.465714285714292,0.02584007436561779,-0.021008403361344463,0.18985674862457746,334884856.55,1.0451353447442113,285.55,-0.011664128478471564,0
2018-11-29,285.9,287.6,283.85,285.55,285.55,350000000.0,23.83,3.18,-0.011664128478471536,-0.011732688071774125,292.7392,272.59965,293.6353616556676,0.9754416217575235,1.0475068474959524,1,0.27182295016631086,0.23290084733840086,0.34332411173083216,41.24743413061118,-1.9701671182693872,-0.624644708037973,-1.345522410231414,296.00699999999995,310.6776324622394,281.3363675377605,0.099123550876769,0.1436077303736329,7.320000000000006,0.02563473997548592,-0.02024360953851423,0.0,335621629.05,1.0428410141226563,288.71,0.011066363158816208,1
2018-11-30,288.82,290.4,287.13,288.71,288.71,324454119.0,23.1,3.09,0.01106636315881615,0.011005578990694272,292.8004,272.7634,293.16627959322307,0.9860300737294073,1.058463122251739,1,0.27527763601632604,0.23386865940129006,0.5189026619356123,44.87137152025735,-2.086067238848898,-0.9169292142001579,-1.16913802464874,295.2745,309.86201373065717,280.6869862693428,0.09880645792716795,0.2749959272881771,7.24214285714286,0.025084489131456687,-0.017692490898574498,-0.07298823142857147,336332264.15,0.9646833015559206,284.78,-0.013612275293547183,0
2018-12-03,284.72,286.45,283.05,284.78,284.78,342009339.0,27.07,3.14,-0.013612275293547138,-0.013705771748717796,292.7998,272.89914999999996,292.3675862986304,0.9726099539685477,1.04353567975569,1,0.27797782700692064,0.23434424374957996,0.07558089681643984,41.44731881642347,-2.4666036041023744,-1.2268640921806013,-1.2397395119217731,293.8375,306.37557485432416,281.2994251456758,0.08534019554537124,0.13880021034429302,7.259285714285714,0.02549085509616446,-0.018609139155007393,0.05410694138852956,336622759.15,1.0160018290611175,283.78,-0.003511482547931737,0
2018-12-04,282.76,286.39,280.17,283.78,283.78,332555085.0,20.97,3.2,-0.0035114825479317657,-0.0035176622736812937,292.7366,273.02734999999996,291.54972093685603,0.9694038941492111,1.0393830508189015,1,0.24455283498336663,0.23443729530102136,0.04147355671372734,40.598388534440225,-2.8164072680006598,-1.544772727344613,-1.2716345406560468,292.81100000000004,305.0981073209195,280.5238926790806,0.08392517576783315,0.13250097178052636,7.01071428571428,0.02470475116538967,-0.023468685478320928,-0.027643262688800463,335750513.4,0.9904827296684039,285.42,0.005779124674043426,1
2018-12-05,286.67,289.42,282.68,285.42,285.42,350000000.0,25.1,3.18,0.005779124674043512,0.005762489593078069,292.693,273.16415,290.9659379904888,0.9751514385379905,1.0448662461746903,1,0.2295782902276205,0.23025794735351485,-0.25055301423763887,42.672200548247126,-2.9275479474879376,-1.8213277713732783,-1.1062201761146593,291.73699999999997,302.49930478152925,280.9746952184707,0.07378086962910013,0.2065219705054268,7.023571428571423,0.024607846081463887,-0.01674245556014864,0.05245721923031188,336954192.9,1.0387168564003348,288.64,0.011281620068670627,1
2018-12-06,290.2,291.9,286.95,288.64,288.64,349696954.0,20.57,3.14,0.011281620068670728,0.01121845720201372,292.76739999999995,273.31940000000003,290.7444200866327,0.985902118883455,1.0560538329880718,1,0.23151306888528986,0.23110887276569428,-0.15135688714621998,46.61316097454188,-2.724395511787179,-2.0019413194560585,-0.7224541923311207,291.2175,301.48943596266315,280.9455640373368,0.07054477126290767,0.37453679570514664,7.043571428571421,0.024402617199873272,0.0059245835366277255,-0.0008658457142857179,336939040.6,1.0378641589804538,282.97,-0.019643847006651744,0
2018-12-07,281.55,285.89,278.64,282.97,282.97,307998762.0,26.66,3.12,-0.019643847006651782,-0.019839351917305174,292.717,273.4607,290.0039991260011,0.9667016264856501,1.0347739181535045,1,0.2248973317323025,0.23411307680369883,-0.3787405538273675,41.23740001904996,-2.9864909480696724,-2.1988512451787816,-0.7876397028908908,290.54650000000004,301.1438865199224,279.9491134800777,0.07294795511139086,0.14252978855214657,7.267857142857134,0.025684196709393693,-0.043309216309418974,-0.1192409356816988,334838978.7,0.9198414210788537,281.05,-0.00678517157295832,0
2018-12-10,280.19,283.25,277.99,281.05,281.05,342777092.0,23.35,3.19,-0.006785171572958326,-0.0068082955088696355,292.60560000000004,273.59895,289.15123730447715,0.9605079328625289,1.0272334743974711,1,0.224286787777144,0.2339673770418681,-0.3589557313041126,39.57309006461722,-3.310964683640634,-2.421273932871152,-0.889690750769482,289.5625,299.82804354189415,279.29695645810585,0.07090381898110905,0.08538483786340798,7.202142857142848,0.025625841868503283,-0.05710068104807586,0.11291710971227875,334477833.3,1.0248125821018346,278.56,-0.008859633517167795,0
2018-12-11,278.32,281.05,275.83,278.56,278.56,328901512.0,27.17,3.18,-0.008859633517167786,-0.008899113428205097,292.53,273.72865,288.14254803738413,0.9522442142686222,1.0176501436733056,1,0.2163792456340324,0.2343995208371924,-0.5863509246819654,37.46149406261815,-3.7260826852003106,-2.682235683336984,-1.0438470018633268,288.467,298.5052491658548,278.42875083414515,0.06959720984251258,0.006537453079704435,7.162857142857137,0.025713875441043713,-0.03488895818175519,-0.04047989297954602,334030821.2,0.9846442038445045,275.34,-0.011559448592762879,0
2018-12-12,274.55,278.54,271.36,275.34,275.34,333949569.0,25.23,3.11,-0.011559448592762922,-0.011626778385081919,292.3872,273.83075,286.92325774810945,0.9416964901336309,1.0055116162081867,1,0.21787242200118034,0.23545236778320297,-0.7594549618755863,34.870256572667984,-4.265721202830321,-2.9989327872356513,-1.2667884155946694,287.47799999999995,298.59587484425975,276.36012515574015,0.07734765682397353,-0.045877704596620425,7.137857142857139,0.02592379292096005,-0.04700263048594777,0.015348232877688828,333589331.95,1.001079881805255,282.22,0.024987288443379288,1
2018-12-13,282.65,285.57,279.31,282.22,282.22,319756991.0,20.94,3.11,0.024987288443379274,0.024680210994817667,292.3872,273.96295000000003,286.4753284387657,0.9652269319587178,1.0301392943826893,1,0.23371147924894847,0.24058128312373114,-0.4330461216232131,43.81307900707086,-4.091070796952636,-3.2173603891790483,-0.8737104077735873,287.0165,298.2061950242996,275.82680497570044,0.07797248607143199,0.2856733364998079,7.052142857142854,0.024988104518258288,-0.011661705480651263,-0.04249916549525479,332077181.5,0.9628996173589843,283.43,0.0042874353341364165,1
2018-12-14,282.81,285.76,280.49,283.43,283.43,350000000.0,27.56,3.04,0.004287435334136447,0.00427827046976839,292.51739999999995,274.11834999999996,286.18529715888326,0.9689338138517574,1.0339694515161062,1,0.2314927398104781,0.24057073028168344,-0.4352674634623932,45.23724989891113,-3.8110903274250063,-3.33610637682824,-0.4749839505967661,286.4925,297.29790970751964,275.6870902924804,0.07543240892855424,0.3582885756646944,6.786428571428567,0.02394393173421503,-0.01828824772262816,0.0945812284054175,332560711.85,1.0524394118986187,277.62,-0.020498888614472716,0
2018-12-17,279.43,285.76,275.65,277.62,277.62,350000000.0,27.88,3.16,-0.020498888614472688,-0.020711906952419815,292.5116,274.2407,285.36955457232295,0.9490905659809731,1.0123223868667197,1,0.2378838567349396,0.24393924101431014,-0.7654465337653342,39.99510353427084,-4.011776964377191,-3.471240494338031,-0.5405364700391599,285.8645,297.2137971727671,274.51520282723294,0.07940333390629042,0.13678367591256305,6.624999999999996,0.02386355449895539,-0.02514221504319114,0.0,333874291.7,1.0482987420741265,280.96,0.012030833513435542,1
2018-12-18,281.97,283.33,279.61,280.96,280.96,319554004.0,26.21,3.14,0.01203083351343559,0.011959038299788574,292.5356,274.3829,284.94959699400647,0.9604301151723073,1.023970517113129,1,0.24008150186520252,0.2449706309812944,-0.465297658430968,44.01176078975762,-3.8568530820533056,-3.548363011881086,-0.3084900701722195,285.38250000000005,296.7037773595836,274.0612226404165,0.07934107634170913,0.3046819338561182,6.715714285714276,0.02390274162056619,-0.009937275354147568,-0.08698855999999999,333619466.9,0.9578398016437811,289.53,0.030502562642369,1
2018-12-19,289.72,291.86,287.39,289.53,289.53,309144314.0,22.1,3.21,0.030502562642368947,0.030046608140402453,292.64959999999996,274.574,285.38582585172014,0.9893401528654063,1.054469833268991,1,0.26433792633028025,0.2515107184690194,0.21399350372363027,52.75127369531555,-3.0078745066480224,-3.4402653108344734,0.43239080418645104,285.34499999999997,296.6027636369419,274.087236363058,0.07890633189228824,0.6858717296915527,7.132142857142851,0.024633519349092844,0.014399831826781506,-0.03257568320126569,332242947.05,0.9304766790233057,293.52,0.01378095534141543,1
2018-12-20,294.42,296.87,291.08,293.52,293.52,325750728.0,23.23,3.17,0.013780955341415435,0.013686861459872282,292.7634,274.7781,286.1605091039373,1.002584339435872,1.068207400808143,1,0.26858104009500633,0.2528449800848465,0.4773808904727594,56.180781557588304,-1.990151981682061,-3.150242645003991,1.1600906633219301,285.674,297.49836093744335,273.8496390625566,0.08278219885185199,0.8317726869417041,7.309999999999998,0.024904606159716538,0.01690687361419063,0.05371735221369778,333034724.7,0.978128416769268,286.39,-0.024291360043608597,0
2018-12-21,287.34,289.33,284.41,286.39,286.39,340103796.0,24.36,3.22,-0.024291360043608545,-0.024591261771238045,292.8624,274.93534999999997,286.18236537975275,0.977899518681811,1.0416630673356482,1,0.27931814526554494,0.25727808898036764,-0.02489649185670527,49.29510232475312,-1.7388861631852706,-2.867971348640247,1.1290851854549766,285.2045,296.04396488288774,274.36503511711226,0.07601187837393683,0.554684433791416,7.556428571428569,0.02638509924029669,0.012086086864331769,0.044061507055173754,333540266.1,1.019678373399247,283.81,-0.009008694437654891,0
2018-12-24,283.33,286.21,280.93,283.81,283.81,336703602.0,22.24,3.12,-0.00900869443765484,-0.009049518088874537,292.9984,275.06940000000003,285.9564258197763,0.9686401017889518,1.0317759808979114,1,0.2572686350526728,0.2578781223788627,-0.20030130697804657,47.048038578875236,-1.7280210784576866,-2.6399812946037353,0.9119602161460487,284.4915,293.4868514895772,275.49614851042276,0.06323810370113413,0.46211932344990997,7.5021428571428554,0.026433680480401872,0.00982031666963179,-0.009997518522257276,332875446.2,1.0115002648699416,288.73,0.017335541383319882,1
2018-12-25,288.02,291.28,285.48,288.73,288.73,350000000.0,28.23,3.21,0.01733554138331983,0.017186995180958967,293.2,275.23584999999997,286.22057574170236,0.9847544338335608,1.0490275885208997,1,0.2638334143767578,0.2595024030285463,0.21178860175672523,51.58076611149078,-1.3073373673069568,-2.37345250914438,1.066115141837423,284.49649999999997,293.5016430334347,275.49135696656526,0.06330582649279028,0.7350601197308392,7.55428571428571,0.02616384066181453,0.03650919012062048,0.03948991908913402,335667793.35,1.042697592482624,285.17,-0.012329858345166773,0
2018-12-26,285.24,287.6,282.8,285.17,285.17,346323595.0,24.36,3.13,-0.012329858345166755,-0.0124065017013321,293.29740000000004,275.38689999999997,286.12052090915927,0.9722895600165565,1.0355249287457031,1,0.24358848956190876,0.26070994280256665,-0.009059972949430123,48.35530877460463,-1.2468320395700516,-2.1481284152295146,0.901296375659463,284.309,293.0794405458567,275.53855945414335,0.06169653824413454,0.5490853335672892,7.514999999999999,0.026352701897113997,0.035701314738141976,-0.010504014285714236,335483973.1,1.0323104015963498,286.56,0.004874285513903939,1
2018-12-27,287.3,289.46,284.4,286.56,286.56,349467457.0,17.24,3.2,0.004874285513903898,0.004862444645860858,293.3892,275.54075,286.1623760606679,0.9767230695608426,1.039991362439131,1,0.24425005120185045,0.26077128102272895,0.004849433978996831,49.67845239710748,-1.0743354775018474,-1.9333698276839812,0.8590343501821338,284.3595,293.171559858362,275.54744014163805,0.06197830463431668,0.6248572998109524,7.162142857142856,0.02499351918321767,0.015378073843101081,0.009077816369976288,335457345.95,1.0417642100229585,289.39,0.009875767727526467,1
2018-12-28,289.51,292.11,286.78,289.39,289.39,338219969.0,24.85,3.09,0.009875767727526519,0.00982732103779721,293.2128,275.69795,286.4697688167947,0.986962369992033,1.0496632274559894,1,0.24299230713912343,0.2596653873843901,0.3870117264733801,52.35488318750449,-0.7011904732888183,-1.6869339568049488,0.9857434835161305,284.3935,293.2811597476197,275.5058402523803,0.06250255190493764,0.7810919939052037,7.182857142857143,0.024820681927009033,0.0210281198179445,-0.032184650601100206,336145638.45,1.0061709280523912,284.88,-0.0155845053388161,0
2018-12-31,283.53,287.58,280.84,284.88,284.88,308187272.0,23.13,3.17,-0.015584505338816057,-0.015707220380676498,292.9058,275.8368,286.3183622628143,0.9725993817807637,1.0327846030696413,1,0.24624872501312797,0.2616560561770065,0.13813376740365693,47.975653561403476,-0.7606217039106582,-1.5016715062260908,0.7410498023154326,284.3985,293.28718772506215,275.5098122749379,0.06250868218384335,0.5270849879288302,7.4207142857142845,0.02604856180045733,0.026150853684892894,-0.08879634484266663,334454535.1,0.9214623802540268,285.07,0.0006669474866610423,1
2019-01-01,284.38,286.31,283.15,285.07,285.07,189075275.0,13.31,2.38,0.0006669474866609626,0.0006667251760268349,292.5104,275.9777,286.19947061873677,0.9745636394466658,1.0329457778653854,1,0.24160840505919687,0.26164603347502996,0.1628068435686172,48.17233523918495,-0.7833598851224792,-1.3580091820053686,0.5746492968828893,284.463,293.3515120417186,275.57448795828145,0.06249327358347007,0.5341451975660745,7.132142857142859,0.025018917659321776,0.014628416856492077,-0.38649226565073724,327280544.6,0.5777162074546364,278.98,-0.021363173957273565,0
2019-01-02,278.92,281.45,276.46,278.98,278.98,211051570.0,12.58,2.46,-0.021363173957273607,-0.021594669481460015,291.9164,276.0987,285.5119019883809,0.9556845727064324,1.010435760834803,1,0.25268522875549104,0.26246120155558783,0.1232120189451603,42.61158558830244,-1.2780594870961863,-1.342019243023532,0.06395975592734571,284.14099999999996,293.34455286088706,274.93744713911286,0.06478158985049473,0.21961914717996678,7.016428571428572,0.025150292391671703,-0.036438365627050606,0.11623040082845315,320333123.1,0.6588502867189134,277.29,-0.006057781919850877,0
2019-01-03,277.23,278.99,275.53,277.29,277.29,191598348.0,15.52,2.49,-0.0060577819198508465,-0.006076204719293174,291.23920000000004,276.22265000000004,284.7288637037732,0.9521039750143524,1.0038640929699283,1,0.2521924661323378,0.26267238444241764,-0.023220023400561396,41.19060574501548,-1.785894679672822,-1.43079433035339,-0.3551003493194318,283.5735,293.0058592516727,274.14114074832736,0.06652496972840835,0.1669179029068124,6.887142857142862,0.024837328634797005,-0.05529435813573169,-0.09217283718856017,312428192.8,0.6132556293428075,277.11,-0.0006491398896462434,0
2019-01-04,278.75,280.51,275.35,277.11,277.11,201304081.0,16.3,2.44,-0.0006491398896462108,-0.0006493506721675404,290.599,276.3367,284.00325763674715,0.9535820839025599,1.0027983977517283,1,0.24807236424667706,0.2623371551678968,-0.13429089480572354,41.03365228908999,-2.177778153290717,-1.5801910949408555,-0.5975870583498615,283.28049999999996,293.1459132145956,273.4150867854043,0.06965119882632824,0.18726601380172836,6.53357142857143,0.023577537543110785,-0.03240336603931693,0.050656663281877456,307093458.75,0.6555140634365596,275.0,-0.007614304788712113,0
2019-01-07,273.86,277.08,271.78,275.0,275.0,186921904.0,14.21,2.41,-0.007614304788712167,-0.007643441606057199,289.857,276.42555,283.14580452848554,0.9487436908544558,0.9948429152080913,1,0.24057062335835264,0.2610772483370767,-0.4740800126436493,39.150420541479996,-2.6283104684808904,-1.7898149696488628,-0.8384954988320277,282.97799999999995,293.4817509089789,272.474249091021,0.07423722627866346,0.12023090278633974,6.506428571428578,0.023659740259740283,-0.031041894225009692,-0.07144503444021089,299300699.35,0.624528791298997,278.47,0.012618181818181917,1
2019-01-08,278.89,280.76,276.6,278.47,278.47,174478292.0,12.65,2.5,0.012618181818181862,0.012539235970372604,289.2674,276.53175,282.70048981148693,0.9626732912177453,1.0070091409033504,1,0.24430686586231964,0.2607616727050964,-0.4969656608908285,43.72460669012514,-2.6745302542454965,-1.9667580265681899,-0.7077722276773066,282.9735,293.4852944284144,272.4617055715856,0.07429525682353487,0.28578823858501473,6.139285714285718,0.02204648872153452,-0.03553492882623899,-0.06657118151332331,291579538.35,0.5983900413154625,276.0,-0.008869896218623288,0
2019-01-09,277.23,279.45,273.79,276.0,276.0,190341478.0,13.4,2.45,-0.00886989621862333,-0.008909467919793993,288.6612,276.61445,282.06234792467865,0.9561381993839144,0.9977786771443069,1,0.2443113849270087,0.25757378755920396,-0.2956962084728382,41.3422721001063,-2.8773003968901776,-2.1488665006325878,-0.7284338962575898,283.0065,293.42108749214583,272.5919125078542,0.07359963458160157,0.16362085846186386,6.019285714285713,0.02180900621118012,-0.03215625767086305,0.09091782030970363,284399133.8,0.6692758710504905,275.45,-0.001992753623188447,0
2019-01-10,277.33,279.22,273.57,275.45,275.45,197908330.0,13.55,2.43,-0.0019927536231884035,-0.00199474179842446,288.0994,276.68985,281.4326005032807,0.956093626019353,0.9955189899448788,1,0.24099458255805237,0.25565878054193386,-0.08241888950256845,40.80907956004198,-3.0472507890261795,-2.328543358311306,-0.7187074307148733,282.668,293.61661413964924,271.71938586035077,0.07746624407156455,0.17036923997388992,5.772142857142861,0.020955319866193,-0.038770240089335606,0.03975408870157038,278306700.75,0.7111159360039232,276.01,0.0020330368487928925,1
2019-01-11,275.67,277.44,274.24,276.01,276.01,181025464.0,11.49,2.45,0.0020330368487928574,0.0020309730261235492,287.5524,276.77395,280.9161623601111,0.9598598377200122,0.9972398052634649,1,0.22365529656656447,0.25541328078869024,-0.14292966342315955,41.634463894909246,-3.101003936266295,-2.483035473902304,-0.617968462363991,282.29699999999997,293.6329068079212,270.96109319207875,0.08031191835464822,0.22269532086178184,5.61071428571429,0.020327938428731894,-0.04623518435329488,-0.08530649518390665,269857973.95,0.6708175465422448,279.11,0.011231477120394271,1
2019-01-14,279.52,281.47,277.17,279.11,279.11,188375053.0,14.95,2.58,0.011231477120394295,0.011168872407377387,286.86420000000004,276.86905,280.7441468972434,0.9729690912982518,1.0080938985415668,1,0.2269787792943761,0.2561355043582919,-0.05923506574825126,46.114022708589175,-2.86048570192429,-2.558525519506701,-0.3019601824175888,282.3715,293.59703344178405,271.145966558216,0.07950896915407021,0.3547285072344675,5.467142857142867,0.019587771334394564,-0.02025414209491705,0.04059975230887969,261776726.6,0.719601988483265,276.63,-0.008885385690229723,0
2019-01-15,277.1,278.27,275.45,276.63,276.63,176059393.0,14.65,2.5,-0.008885385690229675,-0.00892509613306685,286.31059999999997,276.93485,280.35232338322027,0.9661884680483365,0.9988991995770847,1,0.2175411199484112,0.2564663669708502,-0.29026716096370087,43.253936814282696,-2.8372821200104568,-2.6142768396074523,-0.2230052804030045,282.155,293.6587284573755,270.65127154262444,0.08154190751420148,0.2598604652078029,5.305000000000011,0.01917724035715581,-0.02960676325113132,-0.06537840230893,254601996.05,0.6915082981730614,279.19,0.009254238513537948,1
2019-01-16,279.36,281.17,277.38,279.19,279.19,212086786.0,17.35,2.5,0.009254238513537905,0.009211680408716224,285.7564,277.01304999999996,280.24162591815167,0.9770209871065005,1.0078586550344832,1,0.2157989752767769,0.22895531498217706,-1.1692842819127682,46.914082423137025,-2.582552451901279,-2.6079319620662176,0.02537951016493878,281.63800000000003,292.6657136056573,270.6102863943428,0.07831126201448738,0.38900691077372507,5.267857142857155,0.018868358977245443,0.000752742132052342,0.20463204141570568,249749119.65,0.849199333704238,279.52,0.0011819907589812819,1
2019-01-17,279.44,281.27,277.69,279.52,279.52,187347024.0,16.64,2.46,0.0011819907589811773,0.0011812927578704515,285.36620000000005,277.0755,280.17289964023246,0.9795133411034661,1.0088225050572859,1,0.1849066049961736,0.22846186961051942,-1.2691983427762843,47.38519989124774,-2.3272223421074614,-2.5517900380744667,0.22456769596700532,280.938,290.4652873479549,271.41071265204505,0.0678248392735837,0.4255821752489723,5.127142857142867,0.01834266906533653,0.008042121966172378,-0.11664923810953498,242828934.45,0.7715185359781577,277.91,-0.005759874069833847,0
2019-01-18,278.28,279.93,276.27,277.91,277.91,217923222.0,11.79,2.45,-0.005759874069833804,-0.005776526117736272,284.9966,277.1568,279.95738538878174,0.9751344402003393,1.0027175952385077,1,0.1766182169924446,0.2261978469522719,-1.6548876288187837,45.27415785830002,-2.229089380393134,-2.4872499065382003,0.25816052614506635,280.514,289.7706070855804,271.2573929144196,0.06599746954196521,0.3593437111306291,4.777857142857154,0.017192102273603516,0.002886940204251065,0.16320621137808944,236719905.75,0.9205952550105727,279.12,0.00435392753049541,1
2019-01-21,277.0,280.81,275.32,279.12,279.12,219253087.0,15.55,2.32,0.0043539275304953495,0.0043444766105085785,284.5644,277.23470000000003,279.87763439937396,0.9808675997419214,1.0068003752776977,1,0.15918227853333988,0.22472554503572162,-1.8119466382993568,47.17877127881929,-2.030277636823314,-2.395855452595223,0.3655778157719092,280.2795,289.42145067287265,271.1375493271273,0.06523452962375094,0.436583556293013,4.944285714285725,0.017713835319166395,0.014981818181818207,0.006102447402324129,230847380.0,0.9497750721710595,279.82,0.0025078819145886665,1
2019-01-22,280.39,281.21,279.0,279.82,279.82,191081695.0,11.12,2.4,0.0025078819145887277,0.0025047424266211775,284.15139999999997,277.3144,279.8721454089574,0.9847567177216091,1.0090352322129685,1,0.15702645042156868,0.22404918646337213,-1.915004999306772,48.29976772013655,-1.7955359273389604,-2.275791547543971,0.48025562020501056,279.834,288.0650487916486,271.6029512083514,0.05882808230321694,0.4991495615653886,4.487142857142865,0.016035818944831907,0.00484791898588699,-0.12848800619167566,222901464.75,0.8572473725747466,278.95,-0.003109141591022817,0
2019-01-23,279.06,280.54,277.47,278.95,278.95,174852147.0,15.24,2.41,-0.0031091415910228237,-0.003113985013602506,283.828,277.3921,279.78432203667575,0.9828135349577913,1.0056162378092237,1,0.14289352901823185,0.22384721915544395,-1.8551339244370335,46.96568639363366,-1.660561244098119,-2.152745486854801,0.4921842427566818,279.523,287.3660313688398,271.67996863116025,0.05611725238217761,0.4634707568083926,4.459285714285719,0.015985967787365905,0.010688405797101508,-0.0849351268314843,214327892.35,0.8158161081268152,279.39,0.0015773436099659355,1
2019-01-24,279.21,281.2,277.4,279.39,279.39,155996787.0,12.21,2.33,0.0015773436099659754,0.0015761009101388208,283.5868,277.47025,279.7467675569923,0.9852010037138541,1.006918759758929,1,0.13776568305865527,0.22279006346552313,-2.008150815616566,47.75169548772702,-1.5007883584353294,-2.0223540611709065,0.5215657027355771,279.1645,286.2743936996993,272.05460630030063,0.050936947209791174,0.5158581836106557,4.362142857142865,0.015613095877242796,0.014303866400435572,-0.10783602216791766,204654358.85,0.7622451233219849,278.95,-0.0015748595153727684,0
2019-01-25,280.66,282.51,277.11,278.95,278.95,166739351.0,10.94,2.37,-0.0015748595153727285,-0.0015761009101387413,283.2876,277.56625,279.67088493251686,0.9846883520492955,1.0049852963031347,1,0.1361388179885148,0.22153117956972818,-1.8073823103663758,47.001512625576574,-1.3936068855264807,-1.8966046260420215,0.5029977405155408,278.64250000000004,283.87701651615185,273.4079834838482,0.03757155865406769,0.529372340169502,4.36714285714286,0.015655647453460694,0.01065178797869648,0.06886400807729465,196080327.95,0.8503624649307917,279.48,0.001899982075640902,1
2019-01-28,278.91,280.72,277.67,279.48,279.48,168457890.0,14.2,2.32,0.0018999820756409047,0.0018981793927126955,283.0736,277.6664,279.65270541513433,0.9873050683638461,1.0065315789018765,1,0.13062094393198406,0.2214917774677522,-1.6766995507054492,48.06000592370465,-1.2514720348369224,-1.7675781078010018,0.5161060729640794,278.3725,282.7371372008115,274.0078627991885,0.03135824983283781,0.6268719424339817,4.173571428571433,0.014933345601014145,0.00132564221991327,0.010306739169207768,189093858.85,0.8908691748346539,281.08,0.005724917704307878,1
2019-01-29,280.74,283.5,278.34,281.08,281.08,216623218.0,9.0,2.42,0.005724917704307941,0.005708592639746969,282.8832,277.77004999999997,279.7886382327406,0.9936256377190303,1.011916151507335,1,0.12253565439422275,0.22137845027769149,-1.4101893453989935,51.22690176152054,-0.9982157041275741,-1.6137056270663164,0.6154899229387423,278.17299999999994,281.4869520054924,274.8590479945075,0.023826554018402613,0.9386001961168182,4.137857142857151,0.014721279147776973,0.016086469291110905,0.28591909823873496,190471256.0,1.1373013574289657,284.54,0.012309662729472166,1
2019-01-30,286.24,287.59,283.19,284.54,284.54,194526930.0,9.12,2.46,0.012309662729472093,0.012234514899024027,282.7684,277.87469999999996,280.24114887724147,1.0062651979499833,1.0239867105569527,1,0.13044731187069028,0.22300226358725983,-1.1679870833138597,57.29131616971813,-0.5124084284535684,-1.3934461873437667,0.8810377588901983,278.451,282.8161148173207,274.08588518267936,0.03135283994171314,1.197461607956055,4.19928571428572,0.014758156021247346,0.019162577456212748,-0.10200332265399181,189645024.0,1.02574233637683,282.39,-0.007556055387643333,0
2019-01-31,281.69,284.66,279.42,282.39,282.39,199318079.0,13.06,2.47,-0.007556055387643368,-0.007584746995782538,282.6774,277.9733,280.44580136512326,0.9989832933230601,1.0158889360956609,1,0.10904430970121504,0.21210281102007536,-2.0016060980661536,52.89049984722138,-0.2974607517464847,-1.1742491002243103,0.8767883484778256,278.706,283.3710972799665,274.04090272003356,0.0334768342263871,0.894847071563276,4.345000000000007,0.015386522185629827,0.010267601602747645,0.024629746637136574,190031010.55,1.0488713311744264,286.95,0.016147880590672483,1
2019-02-01,286.48,288.98,284.46,286.95,286.95,153642632.0,13.71,2.43,0.016147880590672514,0.016018890327133058,282.5008,278.10235,281.06524885415917,1.0157493359310839,1.0318143661856867,1,0.11866572582342895,0.2073341562293569,-1.1688721973777925,59.92218676934424,0.23809609754533767,-0.8917800606703807,1.1298761582157184,279.198,285.0730125643739,273.32298743562603,0.04208491869105728,1.1597432698142949,4.425714285714292,0.015423294252358574,0.03252851642618104,-0.22915857522387617,187647938.1,0.8187813495617622,283.37,-0.012476041122146661,0
2019-02-04,283.25,284.83,281.79,283.37,283.37,171535587.0,12.58,2.36,-0.01247604112214662,-0.012554520346393202,282.2068,278.21795,281.28474896328686,1.0041218000416716,1.0185180359498733,1,0.12824911085108828,0.20773201614846482,-1.5702020345536867,53.20748637017919,0.3693945282150253,-0.6395451428932996,1.0089396711083247,279.6165,285.4244701137384,273.80852988626157,0.04154239906241324,0.8231335497317916,4.532857142857146,0.015996249224890232,0.015226425910002783,0.11645826921267521,186878622.25,0.917898392736037,283.38,3.528955076398668e-05,1
2019-02-05,284.1,286.79,280.69,283.38,283.38,208023896.0,9.55,2.31,3.528955076403939e-05,3.528892810249175e-05,282.1018,278.32325000000003,281.48429668106905,1.004530988458776,1.0181686222764357,1,0.1243827682387706,0.20170228694589648,-1.1073176126413196,53.22325415188281,0.46885176559760566,-0.4178657611951185,0.8867175267927241,279.86199999999997,285.8773053910289,273.846694608971,0.04298765385087984,0.7924207309951582,4.644285714285717,0.016388897290866386,0.01272246444142655,0.21271567980817885,188555902.45,1.103247860698301,284.86,0.005222669207424723,1
2019-02-06,285.04,286.23,283.68,284.86,284.86,197518546.0,11.46,2.31,0.005222669207424646,0.005209078370359369,282.0206,278.43175,281.80579223525297,1.010068058858112,1.0230873454625775,1,0.11852344756242876,0.2013789691222225,-0.8293570535391066,55.60749603682847,0.6594937405772043,-0.20239386084065394,0.8618876014178583,280.305,286.42680743863804,274.183192561362,0.04367961640795697,0.8720306498354484,4.592142857142862,0.016120700895678096,0.021186592579315322,-0.050500688632425184,188914755.85,1.0455432404487848,285.74,0.003089236818086061,1
2019-02-07,284.63,288.01,282.37,285.74,285.74,189923907.0,14.48,2.34,0.0030892368180861496,0.003084474930571984,282.0244,278.5494,282.1804786890384,1.0131747465822105,1.0258144515838126,1,0.11294771316394757,0.1991493896724353,-1.070127851198584,57.01059211491844,0.8715409433038985,0.01239309998825655,0.859147843315642,280.8195,286.9528856881803,274.6861143118197,0.04368204977331305,0.9011242932742051,4.733571428571431,0.01656600905918468,0.02272808618776634,-0.03845025772921595,188515534.7,1.0074708553978922,284.81,-0.003254707076363151,0
2019-02-08,284.36,287.12,282.05,284.81,284.81,202384741.0,14.95,2.35,-0.003254707076363106,-0.0032600151560652226,281.9464,278.6562,282.43090929008235,1.0101565403920747,1.0220838438190143,1,0.11354733157856862,0.19921312753098597,-1.1172114446151504,55.031024556367385,0.953554666884088,0.20062541336742284,0.7529292535166652,281.2595,287.19969838406774,275.31930161593226,0.042239983958206724,0.7988536551846461,4.70357142857143,0.01651476924465935,0.021007348987273744,0.06560961280140476,189583498.55,1.0675229782544806,284.71,-0.00035111126716064303,0
2019-02-11,284.19,286.16,282.74,284.71,284.71,221126461.0,13.46,2.39,-0.0003511112671606975,-0.0003511729211536912,281.945,278.7607,282.64796554816974,1.0098068772278281,1.0213419610440064,1,0.11373741971001698,0.19618265745405103,-0.7780156891994442,54.81063988352574,0.9989665053940371,0.36029363177274576,0.6386728736212913,281.5395,287.5801673559499,275.49883264405,0.042911686324146305,0.7624296135190004,4.7900000000000045,0.01682413684099612,0.01871332474595655,0.09260441230596528,191221068.95,1.1563917209239092,284.04,-0.002353271750201816,0
2019-02-12,283.97,286.54,281.47,284.04,284.04,188631756.0,16.39,2.34,-0.002353271750201835,-0.0023560450459002382,281.9502,278.8508,282.78054025786787,1.0074119472162106,1.0186092347592333,1,0.10872186432677719,0.1947192306227938,-0.5761278058572349,53.271327406124904,0.9697140540226883,0.4821777162227343,0.487536337799954,281.91,287.5804181596457,276.23958184035433,0.04022857053403978,0.6878168363728989,4.932857142857147,0.017366769267909966,0.01053080973388365,-0.14695077582777394,191849687.1,0.9832268107983795,283.18,-0.003027742571468855,0
2019-02-13,283.54,285.2,281.53,283.18,283.18,193713971.0,14.49,2.41,-0.003027742571468872,-0.003032335457068148,281.9054,278.94325000000003,282.8185840428328,1.004521374900942,1.0151885733029926,1,0.10389502384218571,0.19396799355759123,-0.8142932566425961,51.280549026853855,0.8671406057514446,0.5591702941284764,0.3079703116229682,282.10949999999997,287.65639661930345,276.5626033806965,0.039324422745663085,0.5964953984970757,4.923571428571433,0.017386720208247167,-0.004779644338230193,0.02694252074926351,190931046.35,1.014575548100745,285.18,0.007062645667066883,1
2019-02-14,285.54,287.49,283.24,285.18,285.18,195870446.0,11.63,2.37,0.007062645667066825,0.0070378219971482135,281.83619999999996,279.0484,283.04348080065824,1.0118643382219887,1.021973249085105,1,0.10199716402746985,0.19294945954476272,-0.40844169413311926,55.4501269511405,0.9364390083223952,0.6346240369672602,0.301814971355135,282.39250000000004,287.96062308923035,276.82437691076973,0.039435346825504175,0.7503087624482612,4.845714285714292,0.016991774618536685,0.00987995325613511,0.011132263661044917,191357217.45,1.0235853583687236,286.21,0.003611753979942397,1
2019-02-15,284.69,288.15,282.76,286.21,286.21,234361918.0,12.8,2.38,0.0036117539799422893,0.0036052472589470233,281.901,279.16204999999997,283.3450540577384,1.015285508032962,1.0252468055740385,1,0.1023890264013698,0.19307323117351177,-0.36272273923815596,57.46890327627992,1.062226201124986,0.7201444697988054,0.34208173132618047,282.8075,288.20350193125273,277.4114980687473,0.03816024632468125,0.8152797240006525,5.012857142857148,0.01751461214792337,-0.00257884648893536,0.19651495560488996,192179152.25,1.219497095580512,285.14,-0.003738513678767315,0
2019-02-18,286.05,287.78,283.41,285.14,285.14,155761265.0,9.99,2.44,-0.003738513678767319,-0.0037455193871053895,281.9828,279.2849,283.51600129033477,1.0111964275835263,1.0209646135541162,1,0.10089962955295453,0.19319700646624646,-0.41654411441793576,54.69603758175806,1.0633161533079942,0.7887788065006432,0.274537346807351,283.1085,288.3063913740882,277.9106086259118,0.03672013644288218,0.6954157804674143,4.95642857142857,0.017382438701790594,0.006246250485231197,-0.33538150596634053,189004561.15,0.8241137888539257,287.26,0.007434944237918232,1
2019-02-19,287.48,289.71,285.03,287.26,287.26,204456402.0,13.23,2.32,0.0074349442379182396,0.007407441277861818,282.1568,279.41445,283.87257259601716,1.018086397350693,1.0280785406767616,1,0.10264594146275874,0.19240829792289166,-0.023806761594579274,58.9247919843046,1.2211693505646508,0.8752569153134448,0.34591243525120596,283.4805,288.75185047112717,278.20914952887284,0.03719021570166956,0.8584944711837122,4.825714285714286,0.01679911677822978,0.01369186251676191,0.3126267432406895,189673296.5,1.077939835352627,288.19,0.0032374852050407535,1
2019-02-20,289.39,291.63,285.97,288.19,288.19,190490960.0,16.28,2.4,0.0032374852050407465,0.003232255833449965,282.41380000000004,279.54515,284.28375615830123,1.020452966533505,1.0309247003569908,1,0.10277712228720821,0.1821454106228429,-0.6300135078649272,60.65958238723111,1.4051150823120224,0.9812285487131605,0.42388653359886197,283.9425,289.16137213062063,278.72362786937936,0.03676006325648509,0.9069365844558396,4.855714285714283,0.016849003385663218,0.011689952959348382,-0.06830523213452622,190455237.15,1.0001875655956463,290.16,0.00683576806967635,1
2019-02-21,290.54,291.46,289.24,290.16,290.16,202418505.0,15.21,2.37,0.006835768069676451,0.006812510137520496,282.5726,279.68485,284.8433984289392,1.0268511525887507,1.0374534051451125,1,0.10302326592060984,0.18199072745918396,-0.6498008955881107,64.11679745531399,1.6903703982700904,1.1230569186245465,0.5673134796455439,284.481,289.93909644858763,279.02290355141236,0.03837230921269578,1.0202363179611196,4.618571428571422,0.015917326401197345,0.015468607825295688,0.06261475610181177,192776323.05,1.0500174596000522,291.76,0.005514199062586041,1
2019-02-22,292.72,295.26,289.24,291.76,291.76,180995980.0,17.01,2.35,0.005514199062585989,0.005499051525777689,282.73920000000004,279.8342,285.5021223880879,1.0319050205984877,1.0426173784333723,1,0.1037688333963995,0.17084401148977202,0.17914642672553735,66.67807123011718,2.022232877744159,1.302892110448469,0.71934076729569,285.1215,290.84666982050885,279.3963301794912,0.040159509686142535,1.0797644617579398,4.679999999999994,0.016040581299698365,0.024402233067659207,-0.10583283875157556,193489154.5,0.9354321717292945,290.39,-0.004695640252262149,0
2019-02-25,290.8,291.76,289.43,290.39,290.39,191643111.0,12.74,2.41,-0.004695640252262101,-0.004706699404398952,282.9946,279.9907,285.9676345416034,1.0261326541213154,1.037141590774265,1,0.10570099836229807,0.17111887264569675,0.04621187320029027,62.56041846985304,2.1499059556483644,1.472294879488448,0.6776110761599163,285.66700000000003,291.2048624034894,280.12913759651065,0.03877145349984421,0.926428074133585,4.410714285714278,0.01518893310966038,0.01995012468827939,0.058825234682007954,194648415.55,0.9845603441389019,289.57,-0.0028237886979578953,0
2019-02-26,290.74,293.11,287.21,289.57,289.57,204949685.0,16.87,2.41,-0.002823788697957852,-0.002827783110620243,283.1668,280.14665,286.31071696621257,1.0226128204295135,1.0336372039430062,1,0.10698062944410751,0.1695469139390942,0.2559250454753216,60.165492272921234,2.1600212622041113,1.6098401560315807,0.5501811061725306,286.09150000000005,291.4474893675441,280.735510632456,0.03744249212245266,0.8247299201389423,4.628571428571421,0.01598429197973347,0.01946908886072385,0.06943413687330513,194064738.9,1.0560892522861092,291.41,0.006354249404289228,1
2019-02-27,291.87,294.3,288.99,291.41,291.41,246975928.0,13.02,2.31,0.006354249404289192,0.006334146276791958,283.20439999999996,280.31460000000004,286.7963629694304,1.0289741261082104,1.0395819554172347,1,0.10729981874641235,0.1685874407923408,0.1463137336319959,63.53848818261719,2.2901113597939116,1.745894396784047,0.5442169630098646,286.435,292.2348348433821,280.6351651566179,0.04049669100048415,0.9288915230705117,4.604999999999994,0.01580247760886721,0.02906278691998021,0.2050563922554942,196687188.8,1.2556787735226402,292.98,0.005387598229298902,1
2019-02-28,292.9,294.25,291.63,292.98,292.98,206640633.0,17.18,2.35,0.005387598229298796,0.005373137039426387,283.1936,280.49784999999997,287.3852807818656,1.0345572781305792,1.0444999845809873,1,0.10121671846871225,0.16652896098590186,0.6052493268466811,66.1706721612878,2.4911778310133172,1.894951083629901,0.5962267473834162,286.9645,293.1314491732336,280.7975508267664,0.042980571974666655,0.987720899753915,4.445714285714279,0.015174122075617033,0.027351146644224666,-0.16331670590989744,197053316.5,1.0486534135547017,293.26,0.0009556966345824722,1
2019-03-01,295.26,296.9,291.63,293.26,293.26,177658852.0,13.45,2.37,0.0009556966345825035,0.000955240247309202,283.33099999999996,280.6834,287.94477785025936,1.0350438180079131,1.0448070673221144,1,0.09586740992109458,0.16633060694263455,0.7141920825825806,66.63330643300333,2.64265523346711,2.044491913597343,0.5981633198697671,287.28000000000003,294.05908237851713,280.5009176214829,0.047194948332591934,0.9410626442606381,4.577857142857133,0.015610233727262952,0.024632263023653955,-0.1402520916590495,198254127.5,0.8961167882872956,293.83,0.001943667735115574,1
2019-03-04,294.61,295.88,292.56,293.83,293.83,185084205.0,15.27,2.34,0.0019436677351156728,0.0019417812570455887,283.5314,280.86685,288.5052751978537,1.036322608360132,1.046154076210845,1,0.08051205023026935,0.1660195134115918,0.6239237030129765,67.60455391709861,2.7766884663472524,2.1909312241473247,0.5857572421999278,287.803,294.91761978863434,280.68838021136565,0.04944090081486032,0.9235644474427571,4.452857142857133,0.015154535421356339,0.030476257277127106,0.04179557008507517,198931558.4,0.9303913692157554,296.79,0.010073852227478598,1
2019-03-05,297.3,299.06,295.04,296.79,296.79,184565253.0,17.19,2.38,0.010073852227478586,0.010023449197262339,283.69259999999997,281.0448,289.2942966075819,1.0461675771592212,1.0560238083038718,1,0.06961384675452797,0.16571845246979322,0.5966328558812143,72.13981478878596,3.0861824412095302,2.369981467559766,0.7162009736497641,288.4735,296.32268976710253,280.62431023289747,0.054418792485793815,1.029768055412949,4.564285714285704,0.015378839294739391,0.03317552043444971,-0.002803869730536923,197758626.25,0.9332854727999508,295.89,-0.0030324471848783116,0
2019-03-06,294.76,297.59,293.06,295.89,295.89,161076244.0,13.02,2.36,-0.003032447184878273,-0.003037054369229127,283.907,281.21565000000004,289.92245883543126,1.0422074834364774,1.0521818398087017,1,0.07160673094977314,0.1607694917573041,1.0290466126644648,68.97780533956875,3.221698433580741,2.5403248607639615,0.6813735728167796,289.025,297.3412554832776,280.70874451672233,0.057546962949564025,0.912745857368826,4.5799999999999885,0.015478725201933113,0.026718484333252412,-0.12726669087599063,195936511.15,0.8220838630564745,297.35,0.004934266112406761,1
2019-03-07,296.2,299.64,293.92,297.35,297.35,186723421.0,14.05,2.44,0.004934266112406771,0.004922132518590971,284.1228,281.3903,290.62984370824734,1.0465545179760303,1.0567173068865559,1,0.07145348892027516,0.1602418884708785,1.325721361566397,71.18434465507498,3.4076246562808024,2.71378481986733,0.6938398364134724,289.6055,298.5531288537943,280.6578711462057,0.06179184341294211,0.9327682856326313,4.603571428571415,0.015481995724134572,0.02477943203749655,0.15922383315568256,195776486.85,0.9537581555596292,297.26,-0.0003026736169498296,0
2019-03-08,297.52,300.1,294.68,297.26,297.26,205324508.0,16.72,2.27,-0.0003026736169498001,-0.00030271943185387386,284.2802,281.5645,291.26128716460477,1.0456584735764223,1.05574388816772,1,0.0718002226037714,0.1590230043635653,1.5520293809322558,70.84980151284465,3.5072805326836374,2.872483962430592,0.6347965702530454,290.22799999999995,299.4974145616527,280.9585854383472,0.06387677661439155,0.8793119809427808,4.678571428571421,0.015738987514537513,0.018851110501782342,0.09961839227442182,195923475.2,1.0479831872643306,297.13,-0.00043732759200698195,0
2019-03-11,297.26,299.88,294.51,297.13,297.13,170200937.0,13.17,2.33,-0.00043732759200698634,-0.000437423247607924,284.5252,281.75725,291.8202121965472,1.044301172620211,1.054560264199058,1,0.06989278964944627,0.15697215231443365,1.8565118679518744,70.33560586301451,3.5350191192365514,3.004990993791784,0.5300281254447676,290.84900000000005,300.22541138849556,281.47258861150453,0.06447614664972734,0.8349362426051161,4.727857142857134,0.015911746181325126,0.023210165639312663,-0.17106370467961862,193377199.0,0.8801499756959454,299.76,0.008851344529330582,1
2019-03-12,299.2,301.34,297.62,299.76,299.76,210848446.0,10.2,2.29,0.008851344529330563,0.008812401012290942,284.81899999999996,281.96265000000005,292.5763824635427,1.0524578767568176,1.0631195301930945,1,0.07314063471311573,0.15023026818782723,1.5110606870761119,74.3857339010628,3.7262670817011667,3.1492462113736606,0.5770208703275062,291.635,301.2408501911455,282.02914980885447,0.06587583925874867,0.9229193583805076,4.624285714285707,0.015426627015898408,0.03519010947266632,0.23882071225025037,194488033.5,1.0841204068218417,301.83,0.006905524419535606,1
2019-03-13,301.95,303.74,300.04,301.83,301.83,201036059.0,18.86,2.36,0.006905524419535514,0.006881790486636977,285.276,282.17699999999996,293.4576793717767,1.0580280149749715,1.0696477742693418,1,0.07248320420871324,0.15055391727737552,1.5780880919578426,77.04252095722255,3.9987688519318567,3.3191507394853,0.6796181124465566,292.5675,302.3369860609314,282.7980139390686,0.06678449288385079,0.9740525725333228,4.674999999999995,0.015488851340158353,0.035757180604646166,-0.04653763016114432,194854137.9,1.0317258907951576,303.88,0.006791902726700498,1
2019-03-14,305.33,306.33,302.89,303.88,303.88,179650916.0,12.33,2.25,0.006791902726700494,0.006768941662951861,285.8078,282.37505,294.45028133636936,1.0632320041650367,1.0761574013001503,1,0.07030194310171999,0.1444526849536014,2.4014433577557495,79.32917677952939,4.330230137987996,3.5213666191858395,0.8088635188021569,293.5025,303.85692010879757,283.1480798912024,0.07055762801858445,1.0011144945810004,4.566428571428568,0.015027078357998446,0.03720390470339274,-0.10637466286582942,194043161.4,0.9258296695634026,307.01,0.010300118467816229,1
2019-03-15,307.65,309.14,305.52,307.01,307.01,190023231.0,13.9,2.35,0.0103001184678162,0.010247433711580458,286.4058,282.59,295.6464450186199,1.0719405822088799,1.08641494745037,1,0.07327368404670973,0.14397940172950868,2.3621259289423127,82.2381513792571,4.790261286459497,3.775145552640571,1.0151157338189263,294.54249999999996,305.93877432194625,283.14622567805367,0.07738288581041856,1.0469989422307882,4.775714285714282,0.015555565895945677,0.046886721680420074,0.057735942743537105,191826227.05,0.9906008887432788,307.39,0.0012377446988697288,1
2019-03-18,306.34,309.86,303.88,307.39,307.39,220470631.0,16.39,2.29,0.001237744698869836,0.0012369793243937467,287.0536,282.80285000000003,296.76487882637036,1.0708453055457237,1.0869409555101723,1,0.07370002073488247,0.13131667119681042,1.6995880760172108,82.55905608046095,5.126408069034483,4.045398055919353,1.0810100131151295,295.655,307.52095927321875,283.7890407267812,0.08026895721823507,0.9944817240984124,4.781428571428568,0.01555492557151686,0.046149133852908086,0.16022988262945592,195061695.35,1.1302610212856432,309.2,0.005888285240248552,1
2019-03-19,309.1,312.05,306.25,309.2,309.2,205337086.0,11.98,2.29,0.005888285240248647,0.0058710170422719985,287.6682,283.0243,297.9491760810018,1.0748494272220563,1.0924856982244988,1,0.06934145422565219,0.12912094221942233,1.4850670293510273,84.03832160851432,5.47573779248745,4.331466003232973,1.1442717892544776,296.752,309.38218539681424,284.1218146031858,0.08512283251180558,0.9927876989892409,4.816428571428568,0.015577065237479197,0.04181407729370923,-0.06864199975914254,195105729.55,1.0524400614661498,308.87,-0.0010672703751616562,0
2019-03-20,308.13,310.13,306.87,308.87,308.87,192653713.0,10.98,2.25,-0.001067270375161633,-0.0010678403137436118,288.32559999999995,283.25565,298.98925454947783,1.0712541654296395,1.090428381569794,1,0.07009096932393519,0.11866557040400076,2.400052226791616,82.66174379797854,5.660702814651643,4.597313365516707,1.0633894491349354,297.78599999999994,310.8436251568517,284.7283748431482,0.08769804595788872,0.924426335797344,4.846428571428569,0.015690836181657553,0.043867653519889194,-0.06176854482097793,195213867.2,0.9868853876175863,309.92,0.00339948845792732,1
2019-03-21,309.55,311.54,307.93,309.92,309.92,188340541.0,14.13,2.29,0.0033994884579273688,0.003393723259162622,289.015,283.4794,300.03027792571805,1.0723318858882758,1.0932716804113456,1,0.07008646856080669,0.11689679098639466,2.8620805921880343,83.58319446244084,5.824869680282802,4.842824628469927,0.9820450518128752,298.774,312.38079149310556,285.16720850689444,0.09108417394458701,0.9095748804829565,4.727857142857142,0.01525508887086068,0.0422734151673112,-0.022388211121578516,194509969.0,0.9682822015153373,309.97,0.00016133195663400673,1
2019-03-22,309.59,311.91,307.65,309.97,309.97,193840658.0,9.02,2.37,0.00016133195663403654,0.00016131894403346758,289.6942,283.69460000000004,300.9769181232687,1.0699903553471213,1.0926186117042762,1,0.06986944996913055,0.11235372753525744,2.3675631070144867,83.62781539581698,5.8910987666857295,5.052479456113088,0.8386193105726418,299.68449999999996,313.74460926812407,285.62439073187585,0.09383274255476806,0.8657688501202732,4.7950000000000035,0.015469238958608907,0.04275718226468417,0.02920304343821556,195152202.9,0.9932793743523763,310.53,0.0018066264477205709,1
2019-03-25,310.08,312.64,307.97,310.53,310.53,183544137.0,12.78,2.31,0.0018066264477205607,0.0018049964610491684,290.32259999999997,283.9033,301.8867354448622,1.0696032620264493,1.0937879200417888,1,0.0694740956402533,0.10896528992901665,2.961315744990119,84.14751234402564,5.920524988036391,5.226088562497749,0.6944364255386422,300.6915,314.8333963591023,286.5496036408977,0.09406249500937189,0.8478493884174042,4.755,0.015312530190319777,0.04509810520647517,-0.05311847940590464,194747254.2,0.9424735550392166,312.17,0.005281293272791818,1
2019-03-26,310.99,313.68,309.48,312.17,312.17,155666883.0,14.11,2.34,0.00528129327279192,0.00526739615184891,291.03340000000003,284.12915,302.86609397392294,1.0726260284902007,1.0986905074681708,1,0.0639585144530291,0.10902141957014992,2.97597636081757,85.59010844155034,6.006935560455986,5.382257962089397,0.6246775983665893,301.82149999999996,315.83275904406923,287.8102409559307,0.09284467172830867,0.869292294382035,4.731428571428572,0.015156576773644398,0.04139978649586351,-0.15188310809404937,192283114.1,0.8095712602149915,310.72,-0.0046449050197007674,0
2019-03-27,310.61,312.92,308.41,310.72,310.72,228238113.0,12.83,2.39,-0.004644905019700718,-0.0046557261126569955,291.664,284.33189999999996,303.61408502402554,1.0653354544955842,1.0928073846093247,1,0.06647371816266304,0.10828933522198875,2.4607556710765395,78.76529083203417,5.890511529611501,5.483908675593819,0.4066028540176827,302.787,316.43396395771504,289.1400360422849,0.09014233740332306,0.7906507272895897,4.645000000000002,0.014949150360453148,0.029453665970910814,0.46619569044753084,191346223.35,1.1928017653242071,315.66,0.015898558187435626,1
2019-03-28,315.13,317.38,313.41,315.66,315.66,195218187.0,9.64,2.32,0.015898558187435574,0.015773499867810712,292.3868,284.57359999999994,304.7613150217374,1.0795973005621322,1.1092385238827498,1,0.07892675259343096,0.10680770659007431,3.6752099989586196,83.57155434069301,6.126241858384503,5.612375312151956,0.5138665462325473,303.921,317.9018589450764,289.9401410549236,0.09200324390239845,0.9198239909721099,4.733571428571428,0.01499579113150677,0.0387653020929315,-0.14467314667993247,190775101.05,1.0232896532385298,313.79,-0.005924095545840475,0
2019-03-29,311.03,315.75,309.08,313.79,313.79,199467577.0,17.49,2.27,-0.005924095545840502,-0.005941712611101087,293.1044,284.79884999999996,305.6211897815719,1.070574170841516,1.1017951792993548,1,0.08555444765068106,0.10786305826974593,3.3949903677466478,76.51180845042698,6.091942351202135,5.708288719961992,0.3836536312401435,304.9475,318.64438535474665,291.25061464525334,0.08983110440126081,0.822792363743954,4.826428571428571,0.015381078337195483,0.0220839712061498,0.02176738789198973,191865537.3,1.0396217049032286,311.47,-0.00739347971573343,0
2019-04-01,313.39,315.67,309.2,311.47,311.47,191486614.0,13.76,2.32,-0.007393479715733453,-0.007420946956288954,293.7514,284.98794999999996,306.1782193261841,1.0603183508231793,1.09292340255088,1,0.09298662608475139,0.0990621394029351,4.260911704994778,68.75206443482465,5.81057444841025,5.728745865651645,0.0818285827586056,305.8295,318.7625901179889,292.8964098820111,0.08457712626117901,0.7180646677562571,4.987857142857146,0.01601392475312918,0.013273040762549426,-0.04001132976112709,192185657.75,0.9963626643206158,314.35,0.009246476386168797,1
2019-04-02,315.38,317.37,312.37,314.35,314.35,179635455.0,17.08,2.27,0.009246476386168823,0.009203989425689243,294.442,285.2014,306.9564841522618,1.0676126367841545,1.1022035656206457,1,0.09545936299677935,0.09887585574967096,4.8884226542127385,72.48293530638145,5.7536557274376605,5.733727838008848,0.019927889428812406,306.70750000000004,319.4393628479486,293.9756371520515,0.0830228334677635,0.8001328277908393,5.125,0.01630348337839987,0.01665588615782676,-0.061890273959306574,191939167.85,0.935897852492435,316.45,0.006680451725783253,1
2019-04-03,316.09,318.19,314.35,316.45,316.45,189246321.0,12.85,2.27,0.006680451725783243,0.00665823639224415,295.192,285.4307,307.86062851871304,1.0720141467248434,1.1086754157839362,1,0.0930914485420123,0.09916026278865393,5.170340465993812,74.84168535459703,5.811013929211924,5.7491850562494635,0.06182887296246076,307.7355,320.10472237269954,295.36627762730046,0.08038866086401696,0.8522654754102303,5.077857142857141,0.01604631740514186,0.024541069058179765,0.05350205503696359,193347671.7,0.9787876902579739,318.18,0.005466898404171333,1
2019-04-04,318.2,320.14,316.24,318.18,318.18,164510591.0,11.3,2.21,0.00546689840417125,0.005452009155779237,295.9678,285.66675000000004,308.84342580264513,1.0750493803717838,1.1138153110223712,1,0.09069016735672626,0.09737145258864786,5.803023915660224,76.61972303444956,5.927736008331863,5.784895246665943,0.1428407616659193,308.77700000000004,320.97081568880975,296.58318431119034,0.0789813728922181,0.8855642991120308,4.980714285714283,0.01565376291946157,0.026652039235931735,-0.1307065303531052,192237030.2,0.8557695196853911,319.94,0.005531460179772427,1
2019-04-05,318.81,321.9,316.86,319.94,319.94,232349013.0,14.17,2.33,0.005531460179772463,0.005516217836356038,296.7876,285.91625,309.9002423928694,1.0780099977222768,1.1189990075765193,1,0.09083430748736045,0.0953402243301964,5.62961721740566,78.29996238111528,6.092031244014606,5.846322446135676,0.24570879787893052,309.911,321.80992149027014,298.01207850972986,0.07678928137582562,0.9214247487589265,4.913571428571422,0.015357790299966938,0.032164403006742504,0.4123650738085307,193588255.45,1.2002226708428143,320.26,0.0010001875351628216,1
2019-04-08,321.89,323.71,318.46,320.26,320.26,170896040.0,12.96,2.26,0.0010001875351628442,0.0009996876808810128,297.6032,286.1832,310.8868859745009,1.0761309018182599,1.1190733767740384,1,0.09025582038382997,0.09267873333101151,6.2176017312821115,78.60107943676527,6.176854790557911,5.912428915020123,0.2644258755377882,311.0675,322.2079769339479,299.9270230660521,0.07162739234354029,0.9125721032227755,4.874285714285707,0.015219776788502176,0.03133352655137989,-0.2644856210342499,193623010.6,0.8826225739927629,318.61,-0.005152063948042145,0
2019-04-09,320.42,322.29,316.75,318.61,318.61,174440590.0,10.56,2.29,-0.005152063948042129,-0.005165381591431125,298.35380000000004,286.44035,311.62242064359606,1.0678932193925466,1.1123083741518958,1,0.09428167403435551,0.0934964347339576,6.02829870832629,72.97786462341361,6.041296545934472,5.938202441202994,0.10309410473147818,312.01,322.27785684603,301.74214315397,0.06581748563185204,0.8213913135987325,5.037142857142852,0.015809745008451875,0.020629785053015937,0.020740972113806766,191802617.8,0.9094797140980418,319.13,0.0016320893882802855,1
2019-04-10,319.28,322.21,316.2,319.13,319.13,184795463.0,17.17,2.23,0.001632089388280189,0.001630758977763736,299.0456,286.7106,312.3374282013488,1.0671616636392578,1.1130736010457931,1,0.09226528963981671,0.09350505285941309,6.0109646550644955,73.61842628613513,5.907724741218885,5.932106901206173,-0.024382159987287544,312.875,322.4213930912503,303.3286069087497,0.06102368735897593,0.8276106451611221,5.208571428571422,0.016321158864949777,0.02706616889804314,0.0593604561874046,190990588.0,0.9675631921715431,317.97,-0.0036348823363518573,0
2019-04-11,318.94,321.28,315.64,317.97,317.97,215041325.0,11.94,2.3,-0.0036348823363518967,-0.003641504573390053,299.7572,286.96925,312.8738636107442,1.0607585072185088,1.1080281249646087,1,0.09385785483235377,0.09247026327925896,5.43563482717095,69.65187200135115,5.643214355857992,5.874328392136537,-0.23111403627854443,313.5795,322.38150090888666,304.7774990911133,0.05613887967076036,0.7494035188531902,5.307142857142845,0.016690703076211105,0.007318000380155842,0.16367210270741328,192760108.45,1.1155903922713322,320.5,0.007956725477246195,1
2019-04-12,320.67,322.52,318.65,320.5,320.5,192753907.0,9.0,2.23,0.00795672547724613,0.007925237653451347,300.4282,287.2495,313.6001623144828,1.066810638948008,1.1157547706784519,1,0.09461264439305649,0.09046008854722931,6.301628494718117,73.06108535947257,5.5734901011637135,5.814160733941973,-0.24067063277825973,314.254,323.00365599324016,305.5043440067599,0.05568524819548707,0.8569283183229502,5.2985714285714165,0.01653220414530863,0.021383727970935906,-0.10364248825196742,192896642.25,0.9992600428481538,320.52,6.240249609978724e-05,1
2019-04-15,319.24,322.94,316.82,320.52,320.52,170867623.0,16.82,2.26,6.240249609978932e-05,6.240054914502572e-05,301.1712,287.51255000000003,314.25919447500826,1.0642451867907687,1.114803510316332,1,0.09061629500311029,0.08947338155082488,5.9606177721439595,73.08682374662651,5.45694272097694,5.742717131348966,-0.2857744103720261,314.9105,323.45969750004537,306.36130249995466,0.05429604601954018,0.8280717283196545,5.435714285714275,0.01695904868873791,0.02905576781070396,-0.11354521597323575,190416491.85,0.8973362618958469,319.02,-0.004679895170348184,0
2019-04-16,318.63,320.84,316.81,319.02,319.02,214450921.0,12.24,2.31,-0.0046798951703481695,-0.004690880165567682,301.88399999999996,287.77565,314.71260452500746,1.0567635250626068,1.1085719031474692,1,0.0935702072543292,0.09050903622275104,5.633613178117379,67.85079321641047,5.183785169879286,5.630930739055031,-0.44714556917574466,315.40150000000006,323.6938967077041,307.109103292296,0.05258311522093418,0.7181817951328828,5.40142857142856,0.01693131644231885,0.014856052171146716,0.2550705466301244,190872183.6,1.1235315537093273,318.66,-0.0011284558961819223,0
2019-04-17,318.78,321.47,315.98,318.66,318.66,205292510.0,11.98,2.3,-0.0011284558961819346,-0.0011290930819392033,302.56,288.0396,315.0885469511972,1.0532125859333688,1.106306216228602,1,0.0928488412266891,0.0893373260061359,5.915135370363441,66.61727415219825,4.881980419932347,5.4811406752304945,-0.5991602552981474,315.891,323.7018343108548,308.08016568914525,0.04945271825300528,0.6772537919204515,5.317857142857134,0.016688185347571497,0.006983725707062849,-0.042706326264740135,191504123.45,1.0720004681967072,319.93,0.003985439025920987,1
2019-04-18,319.5,322.16,317.27,319.93,319.93,201922611.0,9.09,2.26,0.003985439025921078,0.003977518202138477,303.24379999999996,288.3004,315.5496377177499,1.0550256921988184,1.109710565784855,1,0.09277095093926724,0.08930407781420942,5.900939350893971,68.77399187311678,4.691199143820825,5.323152368948561,-0.6319532251277362,316.39150000000006,323.8669905489484,308.9160094510517,0.047254686354878235,0.7366734314018403,5.190714285714279,0.016224531259070044,0.0055000314287509955,-0.01641510934811996,192183226.95,1.0506775966069812,319.02,-0.0028443722064202324,0
2019-04-19,318.81,320.97,316.87,319.02,319.02,205025349.0,17.85,2.17,-0.002844372206420198,-0.0028484251201991613,303.928,288.569,315.8801484112975,1.0496564975915348,1.1055241554013078,1,0.09383901569033858,0.08986495242193374,5.626280648408872,65.50819262871543,4.415673082550256,5.1416565116689,-0.725983429118644,316.844,323.75733235209873,309.93066764790126,0.0436387140174781,0.6573770714698842,5.021428571428564,0.015740168551904472,-0.002875539163593177,0.015365976027320594,192742461.5,1.0637269411442065,317.54,-0.0046392075731927825,0
2019-04-22,317.45,319.8,315.2,317.54,317.54,234401333.0,10.28,2.41,-0.004639207573192805,-0.004650002094936567,304.5846,288.82695,316.03822951498347,1.0425346521130747,1.0994126413757441,1,0.09608130913511713,0.09027653219472331,5.532835258437457,60.47818111931342,4.031421346995899,4.9196094787343005,-0.8881881317384019,317.1945,323.438370172969,310.95062982703104,0.03936934702808077,0.5276671351182228,4.928571428571424,0.015521104202845071,-0.00849309935677256,0.14327976585958657,195285321.3,1.200301852897123,318.43,0.002802796498078939,1
2019-04-23,318.36,319.54,317.25,318.43,318.43,230739160.0,13.65,2.34,0.0028027964980790188,0.002798875987860611,305.2724,289.0746,316.2660171802231,1.0431011778333057,1.1015495654063001,1,0.0962267258887736,0.09028236203927022,5.586754625581879,62.35035926477316,3.755424444815219,4.686772471950484,-0.9313480271352654,317.50750000000005,323.30231755764294,311.71268244235716,0.03650192551435563,0.5795969838777459,4.817857142857142,0.015130035307154295,-0.0005649540190201252,-0.015623516100055634,199038935.15,1.1592664511901152,319.33,0.0028263668624186706,1
2019-04-24,319.38,320.75,317.97,319.33,319.33,180482481.0,15.78,2.29,0.002826366862418661,0.002822380197682964,305.99539999999996,289.3431,316.5578250678209,1.0435777792738061,1.103637861072201,1,0.09529066517959771,0.08998399897695515,5.801064746931638,64.1973414657198,3.5681855676671717,4.463055091093822,-0.8948695234266504,317.938,322.81650969478966,313.0594903052103,0.030688434190152335,0.6426665197410604,4.737857142857142,0.014836868264357067,0.0006267038510952005,-0.2178073240797097,196651153.55,0.9177799252223099,318.55,-0.0024426142235304316,0
2019-04-25,317.54,319.87,316.22,318.55,318.55,220917987.0,14.55,2.21,-0.002442614223530426,-0.0024456022724117796,306.6628,289.60495,316.7475560137427,1.0387630974477504,1.0999466687292467,1,0.09391389048633944,0.09045370302704378,5.579098102226432,61.386653648161165,3.318603136082004,4.234164700091458,-0.9155615640094545,318.08250000000004,322.8467743966283,313.3182256033718,0.029956218255410304,0.5490630850084712,4.638571428571429,0.01456151759086934,0.0018240714532817837,0.22404116884895875,197936143.55,1.1161073618886317,317.85,-0.002197457228064632,0
2019-04-26,317.17,319.94,315.09,317.85,317.85,199205443.0,13.35,2.24,-0.0021974572280646365,-0.0021998751800793976,307.29560000000004,289.85974999999996,316.85255067910055,1.0343460824040436,1.0965648041854728,1,0.07776683404180157,0.09054921921073711,5.223558682928342,58.894590213774805,3.0294020499559906,3.993212170064365,-0.9638101201083744,318.2855,322.6048882364166,313.9661117635834,0.0271415960601601,0.4495877683814235,4.610000000000001,0.014503696712285671,-0.008268330733229301,-0.09828327830997297,197923036.85,1.0064793172659932,318.72,0.002737140160453058,1
2019-04-29,317.49,321.72,314.5,318.72,318.72,201234176.0,9.25,2.21,0.002737140160453011,0.0027334010138156117,307.9672,290.1097,317.0304029953767,1.0349154065757653,1.0986189017464774,1,0.07470281018423826,0.08809685311372457,4.934781910168994,61.013004034468814,2.8376986115387126,3.7621094583592347,-0.9244108468205221,318.648,321.5401279727182,315.75587202728184,0.01815249411707658,0.5124475818785925,4.730000000000002,0.014840612449799203,-0.00561587420441767,0.010184124336401812,198410414.95,1.0142319194822087,315.85,-0.009004769076305234,0
2019-04-30,316.78,320.05,312.59,315.85,315.85,162885260.0,11.48,2.3,-0.009004769076305208,-0.009045557051524003,308.539,290.35774999999995,316.91798366248366,1.0236955457818948,1.087796003378591,1,0.0770873165424858,0.08876845151604028,4.832470103496119,51.570990471833376,2.426219295268311,3.49493142574105,-1.0687121304727394,318.723,321.1927930874447,316.2532069125553,0.015498053717095815,-0.0816276704561541,4.8335714285714335,0.015303376376670676,-0.009936681085825239,-0.19056860401286901,197572905.2,0.8244311629426807,313.1,-0.008706664555960107,0
2019-05-01,311.12,315.43,308.8,313.1,313.1,189518249.0,13.97,2.25,-0.008706664555960142,-0.008744789012349418,309.0372,290.60525,316.5543661708186,1.0131466373627513,1.07740655063871,1,0.07702582513145374,0.08631801068664585,3.818221624964241,44.46963494106366,1.8568127734578752,3.167307695284415,-1.3104949218265398,318.5555,321.95410327349026,315.15689672650973,0.02133758967262909,-0.3026091250854831,4.934285714285721,0.015759456129944813,-0.017448063767024458,0.16350766791298366,197586501.6,0.9591659727022567,311.87,-0.003928457361865276,0
2019-05-02,312.95,315.2,309.62,311.87,311.87,178275587.0,11.53,2.19,-0.003928457361865312,-0.003936194019220165,309.4714,290.8403,316.10823605931205,1.0077506354383636,1.0723066920230793,1,0.07382318769709513,0.08233405761714709,4.418567664394953,41.70354762116928,1.2914166350200276,2.792129483231538,-1.5007128482115104,318.24,322.7689478271564,313.7110521728436,0.02846246749083817,-0.20325385088353898,5.007857142857152,0.016057514806993786,-0.0251930109711499,-0.059322318876004365,198274751.4,0.8991340840990205,311.75,-0.00038477570782699376,0
2019-05-03,313.04,314.0,310.79,311.75,311.75,206991029.0,14.01,2.21,-0.0003847757078270231,-0.0003848497529941535,309.8712,291.07079999999996,315.6931659584252,1.0060631643082674,1.0710452577173666,1,0.0703831655872044,0.08236944674871133,4.3964629033232345,41.432773503918085,0.824152804220887,2.398534147429408,-1.574381343208521,317.8305,323.12807233377987,312.5329276662201,0.0333358336205193,-0.07389494817785244,4.800000000000007,0.015396952686447496,-0.022788539903454308,0.16107332744331382,197006852.2,1.0506793377413297,312.77,0.0032718524458700297,1
2019-05-06,312.49,314.44,310.82,312.77,312.77,211243908.0,15.2,2.28,0.003271852445870138,0.003266511583162037,310.3188,291.3029,315.41476920047995,1.0078989735716946,1.0736933961179238,1,0.06815636115810242,0.08210585315249082,4.315596264277787,44.718401177901946,0.530038374914227,2.024834992926372,-1.494796618012145,317.456,323.07938126416445,311.8326187358356,0.03542778378198379,0.08334676416612641,4.770714285714296,0.01525310702981199,-0.0150217295458841,0.020546199613317606,199024245.6,1.061397858151208,316.37,0.011510055312210324,1
2019-05-07,313.9,317.91,312.36,316.37,316.37,156196488.0,15.91,2.31,0.011510055312210277,0.011444318567067676,310.8548,291.5485,315.50574356233903,1.017742045482328,1.0851367782718828,1,0.08074061161114512,0.0844626797031784,4.594025976504177,54.43440630861452,0.5807460058002789,1.7360171955011534,-1.1552711897008745,317.344,322.9598287573277,311.72817124267226,0.035392689052322006,0.4132808315119687,4.77500000000001,0.015093087208015962,-0.006469239707314056,-0.2605870177330747,198112040.5,0.7884250124615723,318.62,0.007111925909536302,1
2019-05-08,318.28,320.27,316.63,318.62,318.62,192114389.0,10.43,2.3,0.007111925909536243,0.007086755434373248,311.399,291.8118,315.80233941354487,1.0231888991294127,1.0918681149974059,1,0.08311225907976112,0.0845697564594776,5.078626489436458,59.254460426506576,0.7933431980238197,1.547482396005687,-0.7541391979818672,317.3185,322.90473599856193,311.732264001438,0.03520901553829579,0.6164916770181729,4.704285714285719,0.014764565043894668,-0.0022234052547520644,0.22995332007720948,198477986.8,0.9679380171947612,318.61,-3.1385349318909375e-05,0
2019-05-09,318.55,320.53,316.64,318.61,318.61,212132576.0,18.99,2.26,-3.138534931890202e-05,-3.138584184928348e-05,311.9116,292.0718,316.0697356598739,1.0214753154419394,1.0908619045043035,1,0.08290383723636116,0.08453917347988588,5.09583576401542,59.22447444246373,0.9500692808426265,1.4279997729730751,-0.4779304921304486,317.3505,322.9597347728449,311.7412652271551,0.03535040765858081,0.6122702160270729,4.689285714285717,0.01471794894788524,0.00018835347669132751,0.10419931117184555,198332549.35,1.0695802413432751,318.92,0.0009729763660902114,1
2019-05-10,317.96,320.66,316.22,318.92,318.92,189233118.0,15.42,2.2,0.0009729763660901725,0.0009725033313952075,312.4248,292.32939999999996,316.3411894065526,1.0207896428196481,1.0909610870476936,1,0.08193454346308746,0.0841355724268499,5.278682282099338,59.90190890689918,1.086762715747966,1.3597523615280533,-0.27298964578008733,317.2715,322.73662108018686,311.80637891981314,0.03445075325183407,0.6508200802106316,4.677857142857143,0.014667807421476053,0.0033663677835455985,-0.10794880461923961,198156509.9,0.9549679598994593,317.04,-0.005894895271541438,0
2019-05-13,316.55,317.91,315.68,317.04,317.04,205258613.0,13.5,2.05,-0.005894895271541412,-0.005912338752115084,312.88899999999995,292.58445,316.40774279640476,1.0132666856297283,1.0835845855786252,1,0.07932409461868452,0.0850026820976558,5.090586318318244,54.03847973055991,1.0315024414915115,1.2941023775207452,-0.2625999360292337,317.0975,322.3443772667828,311.8506227332173,0.03309314811227588,0.4945205502653407,4.7457142857142856,0.014968818715979956,-0.005271084337349463,0.08468652405759114,199876059.4,1.0269294562648357,317.35,0.0009777946000504739,1
2019-05-14,318.81,321.24,314.92,317.35,317.35,198645395.0,16.22,2.23,0.00097779460005043,0.000977316870299505,313.3002,292.8202,316.49748157769955,1.0129262605003124,1.083770860070446,1,0.0794698230235036,0.084342547283407,4.84211498892616,54.82373324097412,1.0011816859744158,1.2355182392114794,-0.2343365532370636,317.014,322.18465566442495,311.84334433557507,0.03262099253918522,0.5324910438128053,4.99857142857143,0.015750973463278493,0.004749089757796421,-0.032218954923952436,199085783.1,0.997787948023497,317.06,-0.0009138175515992452,0
2019-05-15,317.69,319.08,315.67,317.06,317.06,198479054.0,19.41,2.21,-0.0009138175515992497,-0.0009142353373974434,313.72360000000003,293.0486,316.55105476077574,1.0106348390749054,1.081936579802804,1,0.07800822568013481,0.08441383227274314,4.623898754044894,53.89606319157772,0.9428827272533908,1.1769911368198618,-0.23410840956647094,316.934,322.04661144519355,311.8213885548065,0.03226294083422662,0.5123224697239714,4.981428571428572,0.015711311964387093,0.01264771638454154,-0.000837376572459636,198745110.3,0.9986613190151022,318.12,0.0033432157951176506,1
2019-05-16,317.24,320.27,315.11,318.12,318.12,187751987.0,9.9,2.21,0.003343215795117649,0.0033376396738527495,314.139,293.29434999999995,316.7004781168923,1.0126727340444834,1.0846441467420018,1,0.0789293462168894,0.08376555154518728,4.998288986768263,56.77512646577212,0.9710202071471485,1.1357969508853192,-0.16477674373817064,316.8435,321.79433310374145,311.89266689625856,0.03125096840380705,0.6289176965394374,5.0035714285714255,0.01572856603976935,0.020040401449321843,-0.05404634284482235,198036579.1,0.9480672098723403,316.64,-0.0046523324531623856,0
2019-05-17,315.12,319.81,311.96,316.64,316.64,171209835.0,12.94,2.21,-0.004652332453162433,-0.00466318823467899,314.5266,293.52479999999997,316.6947182962359,1.0067193045039753,1.078750415637793,1,0.07901037376180238,0.08392096111502596,4.413114336163921,51.90169078617811,0.8639368058427976,1.081424921876815,-0.2174881160340174,316.7245,321.56831526442113,311.8806847355788,0.030586931319843334,0.4912775368301162,5.048571428571425,0.015944199812315013,0.015685645549318394,-0.08810640177139639,196345803.4,0.8719811273542095,318.14,0.004737241030823649,1
2019-05-20,317.83,319.62,316.35,318.14,318.14,172873222.0,9.0,2.13,0.004737241030823736,0.004726055615958911,314.94680000000005,293.77245,316.8323641727849,1.0101388551971315,1.0829470224318176,1,0.0805030477809652,0.08409618706749754,4.47576387441599,56.02197415092772,0.8898522400819502,1.043110385517842,-0.1532581454358919,316.7545,321.6269293087197,311.8820706912803,0.030764704581651127,0.6421775372788183,4.749285714285707,0.01492828853424815,0.017169165840713596,0.009715487430964398,193269397.85,0.8944676390732595,321.92,0.011881561576664455,1
2019-05-21,321.72,322.71,320.93,321.92,321.92,204913669.0,13.98,2.23,0.011881561576664534,0.011811530001105445,315.39000000000004,294.0297,317.31690091823396,1.0207045245568978,1.0948553836568211,1,0.08873681045553253,0.0859616558608923,4.613685789805698,64.31740472761898,1.201554050496327,1.074799118513539,0.12675493198278787,316.929,322.2805129193869,311.577487080613,0.03377105231373628,0.9663167289527423,4.572142857142849,0.01420273004828171,0.01754275057685617,0.1853407174883337,191978123.3,1.0673803112440363,322.03,0.00034169980119270874,1
2019-05-22,322.51,324.38,320.17,322.03,322.03,192840519.0,14.41,2.23,0.0003416998011926964,0.00034164143511103596,315.79400000000004,294.2741,317.76576749744976,1.019747050292279,1.0943198874790543,1,0.0883994911451271,0.08564201736762157,4.389540739466043,64.52709847352318,1.4408468757440573,1.1480086699596428,0.29283820578441455,317.06399999999996,322.7934195535937,311.3345804464062,0.03614046093896295,0.9333772341695362,4.474285714285705,0.013894002777026071,0.010702404117757691,-0.058918226680134245,192596025.2,1.0012694644126021,323.3,0.00394373195043952,1
2019-05-23,322.78,325.97,320.1,323.3,323.3,190076035.0,13.4,2.23,0.003943731950439622,0.003935975824956742,316.18240000000003,294.53294999999997,318.2928372595974,1.0225110569089233,1.0976700569494857,1,0.08884561255291656,0.08480687280600857,4.840588548330068,66.94252819346306,1.713217643379778,1.26105046464367,0.4521671787361081,317.3015,323.65057461139827,310.9524253886017,0.04001919065228677,0.9723916764388566,4.664285714285707,0.014427113251734323,0.014720190828913182,-0.0143355971781014,191053927.6,0.9948815886054572,325.22,0.00593875657284261,1
2019-05-24,325.72,328.92,322.02,325.22,325.22,185081924.0,11.86,2.24,0.005938756572842596,0.005921191666189024,316.5466,294.7901,318.95256704439765,1.0274000731645831,1.1032256510649443,1,0.08996196289453508,0.08470956094816805,5.260236635455791,70.24158421916204,2.0602520893237966,1.4208907895796954,0.6393612997441012,317.67,324.94160302315566,310.39839697684437,0.04578086078718644,1.0191427512570952,4.898571428571423,0.015062331432788336,0.0197541703248465,-0.026274280184769183,190347751.65,0.9723357507280543,324.66,-0.001721911321566946,0
2019-05-27,326.55,327.88,323.34,324.66,324.66,187159195.0,9.0,2.22,-0.0017219113215669601,-0.0017233955148775095,316.892,295.0391,319.4961320877884,1.0245130833217626,1.1003965237149924,1,0.0897636924015408,0.08450717388440282,4.8907325325402615,68.10666640454559,2.263994152791838,1.589511462222124,0.6744826905697141,317.967,325.87642702030456,310.0575729796954,0.049749986761391606,0.9231027090770985,4.826428571428567,0.01486610167999928,0.02403482210446639,0.011223521752453891,189644002.6,0.986897515524174,325.53,0.0026797264830898406,1
2019-05-28,326.33,328.67,323.19,325.53,325.53,210820956.0,14.43,2.16,0.002679726483089784,0.002676142417526845,317.2186,295.28255,320.07078617466567,1.0262008595965053,1.10243561632748,1,0.08975011495563939,0.0842038568322438,4.78007389677348,69.65000559858555,2.467222331830442,1.7650536361437876,0.7021686956866542,318.45099999999996,326.9757328095216,309.9262671904783,0.05353874102762989,0.9152036290907531,4.939285714285712,0.015173058440960011,0.02577595714510772,0.12642585366965275,192040787.4,1.0977926036143715,325.92,0.0011980462630173663,1
2019-05-29,325.87,327.7,324.09,325.92,325.92,186633228.0,17.14,2.18,0.0011980462630174493,0.001197329178269942,317.55960000000005,295.50595,320.62785415803086,1.0263270264857367,1.1029219547017581,1,0.08201307009944354,0.08419669150862469,4.792352381911714,70.34282694092668,2.6294413059281396,1.937931170100658,0.6915101358274816,319.092,327.8474220193485,310.33657798065144,0.05487710139596797,0.8899298048695399,4.9192857142857145,0.015093537414965986,0.02794423768371912,-0.11473113706969429,191896536.35,0.9725721555474026,326.5,0.0017795778105055967,1
2019-05-30,326.32,328.49,324.33,326.5,326.5,169031367.0,12.02,2.18,0.0017795778105056392,0.0017779962379900574,317.8912,295.73415,321.18710614298027,1.027080963549793,1.1040321180357426,1,0.07311867260197476,0.084195331876253,4.784935736547212,71.38886108071307,2.772838606934272,2.104912657467381,0.6679259494668908,319.8235,328.4824418947637,311.1645581052363,0.054148252987892546,0.8855263195120822,4.899285714285717,0.01500546926274339,0.026342260782094895,-0.09431257867971932,191434325.35,0.8829731381295356,325.1,-0.004287901990811569,0
2019-05-31,324.75,328.69,321.16,325.1,325.1,205513906.0,14.6,2.18,-0.004287901990811527,-0.004297121406625983,318.19379999999995,295.96295,321.5597627007917,1.0217043826749612,1.0984483023973104,1,0.07349598593961842,0.0832763391215704,4.148285038153864,65.39324616072426,2.7419067076435226,2.2323114675026097,0.509595240140913,320.49100000000004,328.5681409741221,312.41385902587797,0.05040479123655186,0.7853113505125886,5.2057142857142855,0.016012655446675746,0.02671803941384554,0.2158329524720699,191360469.2,1.0739621765099645,325.51,0.001261150415256746,1
2019-06-03,326.66,327.84,324.34,325.51,325.51,188914658.0,9.58,2.22,0.001261150415256651,0.001260355833059982,318.4934,296.2029,321.93597577690673,1.0220305978083062,1.0989426504602082,1,0.07304551622253783,0.0827759909638407,4.3811085353899175,66.28624502473133,2.7191320662317366,2.329675587248435,0.3894564789833015,321.12800000000004,328.630310100373,313.6256898996271,0.04672473344180249,0.79204338001105,5.0042857142857144,0.015373677350267932,0.023165901804237166,-0.08076946384348316,190244006.7,0.9930124016884471,327.0,0.004577432336948201,1
2019-06-04,326.39,329.21,324.18,327.0,327.0,193049427.0,14.64,2.2,0.004577432336948295,0.004566987754333681,318.79,296.45849999999996,322.41826379815376,1.0257536309169044,1.103021164851067,1,0.0734552892295955,0.08271938052819615,4.367312213722044,69.37868304329126,2.7891618250546912,2.4215728348096865,0.3675889902450047,321.65950000000004,329.24819096263445,314.0708090373656,0.0471846220155837,0.8518722810985397,5.12,0.015657492354740062,0.015780318091451306,0.021886967606293384,192086653.65,1.0050121824275946,330.71,0.011345565749235412,1
2019-06-05,330.75,333.11,328.35,330.71,330.71,220632620.0,12.52,2.27,0.011345565749235398,0.01128168752051665,319.1898,296.73265,323.20795296023437,1.0360920054462892,1.114504925561781,1,0.0731923975141748,0.08492544711372448,4.802498253586199,75.42353442957622,3.1081975412258203,2.5588977760929135,0.5492997651329068,322.264,330.7108453158281,313.8171546841719,0.05242189829333654,0.9999499625720321,5.187857142857147,0.01568702834161999,0.026954010495916503,0.14288150671382205,193512565.2,1.140146221367955,333.3,0.007831634967191897,1
2019-06-06,333.35,336.1,330.55,333.3,333.3,192140190.0,11.59,2.27,0.007831634967191858,0.007801126895923945,319.5426,297.01515,324.1691002973549,1.0430534144743142,1.1221649804732183,1,0.07384998893858592,0.08568326588344874,5.146158651788083,78.5996301323708,3.529342930918631,2.752986807058057,0.7763561238605736,322.9985,332.585338071574,313.411661928426,0.05936150212180127,1.037273078049989,5.023571428571431,0.01507222150786508,0.03093102381688828,-0.12913969838186212,192512945.9,0.9980637359308104,338.74,0.016321632163216315,1
2019-06-07,338.23,340.93,336.04,338.74,338.74,197560714.0,11.6,2.17,0.01632163216321625,0.01618986614928114,320.0416,297.32095000000004,325.55680503094015,1.0584249047623808,1.1393075395460694,1,0.0880956119388446,0.08939046228689462,5.267227221189613,83.44034289633844,4.253039826764336,3.052997410999313,1.2000424157650231,323.9895,335.67015873232793,312.3088412676721,0.0721051684223832,1.1314070266450145,5.3350000000000035,0.015749542421916524,0.041571859049258864,0.028211297178377892,192929325.7,1.0240056211423332,337.29,-0.004280569168093489,0
2019-06-10,335.9,339.6,333.6,337.29,337.29,171868838.0,12.52,1.97,-0.004280569168093495,-0.004289757033197255,320.55800000000005,297.60945,326.6742521708506,1.052196482383843,1.1333309476564002,1,0.0913889924832972,0.08967314996933567,4.752341308439944,78.35292917004494,4.655901613233084,3.3735782514460677,1.2823233617870162,325.002,337.61931575423876,312.38468424576126,0.07764454221327821,0.9869498488569151,5.437142857142861,0.016120083184034097,0.038902236185548,-0.13004547047749582,191259836.95,0.8986143705901555,339.73,0.007234130866613293,1
2019-06-11,340.06,341.96,337.83,339.73,339.73,188655784.0,14.46,2.22,0.007234130866613286,0.007208090054922561,321.0656,297.90915,327.91765672600764,1.0581326682148446,1.1403812202478507,1,0.0870711263857971,0.08977790367653501,4.766552476407052,80.50675966230449,5.113119233819816,3.7214864479208174,1.3916327858989987,326.121,339.8054266460687,312.43657335393124,0.08392238859826127,0.9972440698826203,5.470000000000003,0.01610102139934655,0.04362117162780721,0.09767300573708426,190760356.4,0.9889674540364823,340.54,0.002384246313248763,1
2019-06-12,340.48,342.85,338.17,340.54,340.54,203166705.0,10.22,2.13,0.00238424631324885,0.0023814085077974423,321.54740000000004,298.1957,329.119784656864,1.0590662527515382,1.142001712298333,1,0.08673185368971251,0.08810752332319728,4.497941951256652,81.17633052369865,5.477684386885585,4.072726035713771,1.404958351171814,327.29499999999996,341.7153226476808,312.8746773523191,0.0881181970249273,0.959247699328383,5.385000000000003,0.01581312033828626,0.04485763377515961,0.07691744558438773,190994738.95,1.063729326351688,346.18,0.016561931050684167,1
2019-06-13,346.7,348.67,344.22,346.18,346.18,165280959.0,12.51,2.11,0.016561931050684153,0.016426278005754816,322.1074,298.51259999999996,330.74456707049603,1.0747347002894065,1.1596830418548498,1,0.0964212955004342,0.0930023716979687,4.9206039281362335,85.03168413628447,6.15080313202958,4.488341454976933,1.6624616770526472,328.698,344.7297876338512,312.6662123661488,0.09754721740809146,1.0452292781761117,5.472857142857143,0.01580928171141355,0.06027565084226638,-0.1864761551357541,189871187.55,0.8704899418005456,344.61,-0.004535212895025689,0
2019-06-14,344.06,347.17,341.5,344.61,344.61,196014789.0,13.4,2.13,-0.004535212895025675,-0.004545528172830163,322.6008,298.78965,332.06508449235355,1.0682242573484009,1.1533532034995189,1,0.10106468766908734,0.09352283763856842,4.447675645838982,80.11279488267999,6.482838580424129,4.887240880066372,1.5955977003577573,330.0965,346.5730661662751,313.6199338337249,0.09982878440834851,0.9404285411351789,5.553571428571429,0.01611552603978825,0.06001230390649037,0.18594900577748952,191111435.25,1.0256570400593024,342.97,-0.0047590029308493265,0
2019-06-17,344.22,346.16,341.03,342.97,342.97,194263843.0,10.75,2.12,-0.004759002930849299,-0.004770363041493786,323.05500000000006,299.0504,333.10364787403415,1.0616458497779016,1.1468635387212323,1,0.10117817481603583,0.09426170652095563,4.256372707832775,75.2179743147569,6.538275600329598,5.217447824119017,1.3208277762105807,331.338,347.7630099415195,314.91299005848055,0.09914353283637799,0.8540941539932437,5.528571428571431,0.016119693934080036,0.053638905102761925,-0.008932723948701593,192180966.3,1.0108381008801286,341.91,-0.003090649327929563,0
2019-06-18,341.01,344.29,338.63,341.91,341.91,193222530.0,17.99,2.17,-0.0030906493279295733,-0.0030954352481751025,323.521,299.3149,333.9423480765071,1.0568402051180603,1.142308652192056,1,0.10389129461452762,0.09467358742227695,3.9638453170158843,72.14955132126684,6.422640495123517,5.458486358319918,0.9641541368035984,332.3375,348.78229104858576,315.8927089514142,0.09896440244351784,0.7910496086854267,5.675000000000003,0.016597935129127557,0.04559633027522936,-0.0053603026889569305,191596409.35,1.0084872188133207,337.23,-0.013687812582258508,0
2019-06-19,338.96,341.08,335.12,337.23,337.23,210650280.0,11.37,2.06,-0.013687812582258485,-0.0137823543939382,323.88300000000004,299.5675,334.2554577835064,1.0412093255897963,1.1257229172056382,1,0.11493836463704094,0.09944728240580727,3.2170220086305052,60.42864664365474,5.885517372866616,5.543892561229258,0.3416248116373577,333.0975,348.9300977853178,317.26490221468225,0.09506284367352047,0.6305060627259074,5.862857142857146,0.0173853368409013,0.01971515829578796,0.09019522723359441,192486897.4,1.0943616570547934,336.36,-0.00257984165109867,0
2019-06-20,334.6,339.16,331.81,336.36,336.36,198352674.0,11.83,2.08,-0.002579841651098702,-0.002583175177118206,324.2508,299.8093,334.45589037555345,1.037345166149166,1.1219131628004868,1,0.11598705732146841,0.09975335749506355,3.03162462173029,58.52525186345122,5.328221281379115,5.500758305259231,-0.17253702388011583,333.7505,348.9461551615764,318.55484483842355,0.09105996941745952,0.5858633593506555,5.850000000000007,0.01739207991437747,0.00918091809180921,-0.05837925304442981,192900729.35,1.0282629550876812,334.95,-0.0041919372101320755,0
2019-06-21,335.38,337.47,332.87,334.95,334.95,218366258.0,11.05,2.15,-0.004191937210132113,-0.004200748010420759,324.5398,300.04580000000004,334.5029484350245,1.032076805371791,1.1163295736850838,1,0.11776845980009988,0.10001109707109007,2.6452262335108268,55.47545161341713,4.7183941865512224,5.3442854815176295,-0.625891294966407,334.23699999999997,348.8962770698489,319.577722930151,0.08771785930226207,0.524319070990963,5.928571428571437,0.01769986991661871,-0.011188522170396231,0.10089898762847027,194564946.05,1.1223309359327422,335.67,0.0021495745633677483,1
2019-06-24,336.15,337.19,334.63,335.67,335.67,175112183.0,18.0,2.16,0.002149574563367729,0.002147267533462978,324.8428,300.2768,334.6140962031174,1.0333305832852075,1.1178685799235906,1,0.11678281432184366,0.09933513960920819,2.9371922201593645,56.71583298293389,4.244274449161367,5.124283275046377,-0.8800088258850103,334.7875,348.7424800580699,320.8325199419302,0.08336619532108079,0.5316195363875867,5.752142857142867,0.017136303086790202,-0.004802988526194096,-0.19808039665175747,193962595.45,0.9028141874145045,336.84,0.0034855661810705724,1
2019-06-25,336.04,339.73,333.16,336.84,336.84,194878679.0,14.88,2.16,0.003485566181070654,0.0034795056740519023,325.1992,300.50725,334.82608704091575,1.0357959060169888,1.1209047369073457,1,0.1163465625041684,0.09489608878577607,2.5516313397884867,58.72793483545563,3.9177786497913303,4.882982349995368,-0.9652037002040377,335.353,348.62852254894113,322.0774774510589,0.07917342352029974,0.5560053283764174,5.785000000000009,0.01717432608953809,-0.008506755364554364,0.1128790450862005,193165481.6,1.0088690659729136,341.67,0.01433915211970087,1
2019-06-26,342.11,343.7,340.08,341.67,341.67,193978168.0,11.16,2.09,0.014339152119700938,0.01423731879257818,325.6594,300.76185,335.47788827511425,1.0491636353810148,1.1360150896797583,1,0.12422537026120592,0.09746316092469677,3.316344155615536,65.79658271815768,4.002629192737459,4.706911718543786,-0.7042825258063274,336.14050000000003,348.9192446463618,323.3617553536383,0.07603216301709399,0.7163553679295851,5.878571428571438,0.017205407055262203,0.0033182592353320217,-0.004620880050197784,193532728.6,1.0023016231064497,344.33,0.007785289899610642,1
2019-06-27,345.65,347.42,342.57,344.33,344.33,173788046.0,16.27,2.07,0.007785289899610692,0.007755140908192277,326.1474,301.0387,336.3209465346272,1.0557496395801407,1.1438064275456943,1,0.12555373218807947,0.0966398800219298,3.9732679159578774,68.95052405520163,4.235687262649776,4.6126668273649845,-0.3769795647152083,337.03200000000004,349.46193602050164,324.60206397949844,0.07376116226628165,0.7935654691693206,5.7442857142857235,0.016682501420979073,-0.0053440406724826195,-0.1040845070771057,193770562.55,0.8968753752529166,343.32,-0.002933232654720736,0
2019-06-28,341.04,345.12,339.26,343.32,343.32,209235162.0,14.0,2.09,-0.0029332326547207854,-0.0029375430125425685,326.6334,301.32705,336.98752305513887,1.051086631067123,1.139360040859259,1,0.12701813365013023,0.09579515677881942,3.50002952909958,66.44515420186946,4.289442875684756,4.548022037028939,-0.2585791613441826,337.943,349.31664099458766,326.5693590054123,0.06731100211902019,0.7363798893345745,5.734285714285725,0.016702451690218237,-0.0037433620614608643,0.20396751569437632,193956625.35,1.078772955666915,341.54,-0.005184667365722861,0
2019-07-01,342.06,345.06,338.55,341.54,341.54,233181782.0,14.14,2.13,-0.005184667365722873,-0.005198154390926176,327.1134,301.6107,337.4210922879828,1.0441027484658225,1.1323868814998939,1,0.12765173159439344,0.09608473792270374,2.995768501374765,62.158503118666054,4.14068225483544,4.466554080590239,-0.325871825754799,338.74449999999996,348.5850123422501,328.90398765774984,0.0580999091776904,0.6420403685362791,5.865714285714298,0.01717431131262604,-0.0041694608857917315,0.11444835452656843,196169981.55,1.1886720901819852,343.1,0.004567546993031569,1
2019-07-02,340.53,343.94,339.7,343.1,343.1,192202393.0,12.64,2.19,0.004567546993031524,0.004557147405311036,327.6068,301.89149999999995,337.96194064150825,1.0472920586507972,1.1365010276870997,1,0.1277994993355355,0.09594027030487265,2.962816343023827,64.3304147903307,4.101389093146224,4.393521083101437,-0.2921319899552124,339.54949999999997,347.8598751894579,331.239124810542,0.04894941791658341,0.713618514106944,5.834285714285727,0.017004621726277255,0.0034804480711299046,-0.17574009705440885,196127629.85,0.9799863137437492,340.32,-0.008102593995919642,0
2019-07-03,339.33,344.38,335.28,340.32,340.32,201337869.0,11.63,2.01,-0.008102593995919616,-0.00813559841247703,328.02660000000003,302.1551,338.1865177232694,1.0374768387685631,1.1263089717830346,1,0.1327067682600368,0.09731261097412498,2.3611326940344015,57.94757425935466,3.802097993895188,4.275236465260187,-0.4731384713649991,340.03,347.22481392174296,332.835186078257,0.04231870083064337,0.5201534051216722,5.903571428571444,0.017347118678218865,0.009162885864246961,0.047530500829924716,195162892.3,1.031640116762094,345.09,0.014016220028208692,1
2019-07-04,346.77,349.62,342.26,345.09,345.09,193979073.0,14.34,2.1,0.014016220028208792,0.013918901124101594,328.5574,302.45595000000003,338.84399222581516,1.0503187570878025,1.1409595347686166,1,0.13538806525075472,0.10073492561851242,2.7980117664711877,64.46292230562702,3.9047947338677886,4.201148118981708,-0.2963533851139193,340.6195,347.4133965642997,333.8256034357003,0.039891412936016606,0.8290085414798892,6.162857142857157,0.017858695247202634,0.025954334641455468,-0.03654948786609036,195254836.45,0.9934661621028441,348.33,0.009388855081283171,1
2019-07-05,347.72,350.67,345.39,348.33,348.33,180012268.0,12.14,2.04,0.009388855081283065,0.00934505373099578,329.167,302.77015000000006,339.74742153764225,1.05821664990719,1.1504766899907402,1,0.1363282222662246,0.10120160442429597,3.3602318742050827,68.08047078212499,4.199217595853554,4.200762014356077,-0.0015444185025232926,341.099,348.6462794680275,333.5517205319725,0.04425272116309567,0.9790467896182713,6.195000000000014,0.0177848591852554,0.039946260635915776,-0.07200160710119485,194377414.15,0.9260966290100222,347.57,-0.0021818390606608415,0
2019-07-08,346.35,349.73,344.2,347.57,347.57,160636695.0,18.04,2.02,-0.0021818390606608284,-0.0021842227393374454,329.744,303.0749,340.49242901024775,1.0540601193653256,1.146812223645046,1,0.1268072055340796,0.10145879002910828,3.2016790153769428,66.37367416649886,4.321409666117631,4.224891544708388,0.09651812140924321,341.613,349.4622134369653,333.76378656303467,0.0459538333549505,0.8794647735699509,6.185714285714299,0.017797031635970594,0.03545148508952245,-0.10763473631697151,193815807.0,0.828811114461887,343.81,-0.010817964726529882,0
2019-07-09,343.6,346.15,341.26,343.81,343.81,180148964.0,10.33,2.15,-0.01081796472652985,-0.010876904363645929,330.3032,303.38225,340.80838815212894,1.0408921257801922,1.133256807212683,1,0.13230682973051636,0.10388871721306873,2.8504535665121136,58.55263274995543,4.067954340357289,4.193504103838169,-0.12554976348087976,341.817,349.6722298368389,333.96177016316113,0.04596161008268104,0.6268581595172755,6.151428571428584,0.017891941977919733,0.02069231682698036,0.12146831706167749,193390466.0,0.9315297063299904,347.46,0.010616328786248153,1
2019-07-10,349.62,352.15,344.95,347.46,347.46,168140728.0,17.34,2.12,0.010616328786248186,0.010560371261712406,330.9904,303.70715,341.44187499478335,1.0497585428459555,1.1440626274356727,1,0.13482725429379944,0.10471819294190803,2.9296326471856515,63.098366738417894,4.114187867578096,4.177640856586155,-0.06345298900805929,342.163,350.38255844633534,333.9434415536647,0.04804469475841225,0.8222192550707761,6.222142857142866,0.01790750836684184,0.01694617613486682,-0.06665725815664414,191639167.15,0.8773818551840852,347.57,0.000316583203822062,1
2019-07-11,345.66,350.16,343.08,347.57,347.57,222321786.0,13.22,2.12,0.00031658320382210725,0.0003165331019336348,331.7044,304.0339,342.02550594766115,1.0478305382744395,1.1431948871490973,1,0.1347705380308903,0.10470717510111395,2.9398633034492963,63.22925298653233,4.112300313490948,4.164572747967114,-0.052272434476165586,342.23249999999996,350.6169238417428,333.84807615825713,0.04899840805135884,0.8182985557462142,6.399285714285725,0.01841150189684301,0.009409578021084553,0.3222363709523133,194491208.5,1.1430942699911293,350.98,0.009810973329113633,1
2019-07-12,349.87,353.54,347.32,350.98,350.98,190485580.0,14.25,2.14,0.009810973329113626,0.00976315821777372,332.48900000000003,304.4042,342.87831490502674,1.055613869932539,1.1530064302660739,1,0.12674327514510722,0.1053477667229983,3.472453595715064,67.12235285087078,4.335980431360042,4.1988542846457,0.1371261467143423,342.55100000000004,351.7591837742926,333.3428162257075,0.05376241070243937,0.9576906915441032,6.660714285714298,0.018977475314018742,0.0223115460794594,-0.14319876865328884,194214748.05,0.9807987390893715,347.46,-0.01002906148498501,0
2019-07-15,349.02,351.28,345.22,347.46,347.46,186446411.0,15.58,2.06,-0.010029061484985058,-0.010079691319707365,333.1828,304.75195,343.31466586645274,1.0428509514896926,1.1401403666161938,1,0.1309539315080042,0.10774033433669698,3.065248615925292,60.05414884802034,4.181017783749155,4.195286984466391,-0.014269200717236252,342.7755,352.2420093327721,333.30899066722793,0.05523445714611735,0.747424886754998,6.624285714285723,0.019064887222373005,0.017333255255606916,-0.021204591969638864,193823876.45,0.9619372722023588,346.39,-0.003079491164450565,0
2019-07-16,348.32,350.39,344.33,346.39,346.39,208060191.0,11.92,2.06,-0.0030794911644506096,-0.003084242554449635,333.7832,305.0851,343.6075548315525,1.0377694263821546,1.1353881261326757,1,0.13024358053021132,0.10797672807911873,2.797111429514606,58.05294219852473,3.9266052503360243,4.141550637640318,-0.2149453873042937,342.9995,352.59096874215163,333.4080312578484,0.05592701296721223,0.6767456106291105,6.567142857142865,0.018958811908954834,0.009589041095890316,0.11592489168375564,194565759.5,1.0693566613913894,346.78,0.001125898553653357,1
2019-07-17,346.68,348.87,344.59,346.78,346.78,172869355.0,15.66,2.19,0.001125898553653304,0.001125265205222889,334.3464,305.39985,343.9096924666427,1.0371877789023598,1.1354949912385353,1,0.12959444097441908,0.10765109599288576,2.9530665086225585,58.59453403357751,3.713642664324766,4.055969042977208,-0.34232637865244175,343.477,352.80637883643806,334.1476211635619,0.05432316479071915,0.6770214318247176,6.462142857142867,0.01863470458833516,0.018982134461682953,-0.16913776648412282,192676713.25,0.8971990028483632,347.28,0.0014418363227406425,1
2019-07-18,345.99,349.35,343.93,347.28,347.28,179079879.0,9.0,2.07,0.0014418363227406417,0.001440797874811308,334.91979999999995,305.6971,344.2306741364863,1.0369049545592706,1.1360264784978333,1,0.1185492834314495,0.10696128721427335,3.200026804321749,59.31971216992166,3.54435696116127,3.95364662661402,-0.40928966545275003,344.023,352.8640051821993,335.1819948178007,0.05139775644171231,0.6841985120579658,6.430714285714296,0.018517375851515482,0.006346170564200726,0.03592611310431515,191713073.5,0.9341036358691521,346.57,-0.002044459801888907,0
2019-07-19,348.75,351.66,343.68,346.57,346.57,193691264.0,11.7,2.11,-0.0020444598018889426,-0.0020465525626931,335.47280000000006,306.02275,344.45346707586856,1.0330792839240617,1.132497502228184,1,0.11833566117052949,0.10715023881654458,3.0137727677551154,57.772391244665855,3.3146960032848938,3.825856501948195,-0.5111604986633012,344.604,352.39998655180256,336.8080134481974,0.045246059545332895,0.6260905201869122,6.535714285714298,0.018858280537017914,-0.005052679929951509,0.08159143886846154,190479323.8,1.0168624086642206,348.47,0.005482297948466498,1
2019-07-22,350.13,352.71,345.9,348.47,348.47,210503457.0,11.19,2.08,0.005482297948466552,0.005467324852787928,336.1014,306.38005,344.8359940210239,1.0368002037480355,1.1373782333412377,1,0.11726310113312034,0.10742852641783764,3.1051671204442286,60.72482035363657,3.2485548425181037,3.7103961700621766,-0.4618413275440729,345.244,351.9816441298982,338.50635587010186,0.03903120187391326,0.7394011866065531,6.719285714285726,0.019282250162957287,0.00258940645049921,0.08679892243358989,192248887.5,1.0949527965408903,346.25,-0.0063707062300916205,0
2019-07-23,346.96,348.06,345.15,346.25,346.25,201279488.0,10.37,1.98,-0.006370706230091616,-0.0063910857798845835,336.67939999999993,306.71805,344.9706612571169,1.02842644961349,1.1288869370420163,1,0.12070946741952274,0.10828487769096605,2.935845497613067,55.81445574393783,2.982620259666419,3.5648409879830254,-0.5822207283166065,345.7145,351.17416443928323,340.25483556071674,0.03158481602170261,0.5490414754795144,6.306428571428585,0.018213512119649344,0.007096943079026197,-0.04381861054186864,192568927.95,1.0452334659736056,346.29,0.00011552346570403021,1
2019-07-24,345.44,348.88,342.86,346.29,346.29,196845689.0,12.96,1.97,0.00011552346570398164,0.00011551679338228571,337.264,307.048,345.09631256596293,1.0267624175719912,1.1278041218311143,1,0.12057766536931469,0.10807574162253443,3.027529065994221,55.88367684417998,2.7434678627350877,3.400566362933438,-0.6570985001983503,345.9455,351.0649920595181,340.8260079404819,0.029597101621517324,0.5336459159874954,6.072142857142869,0.017534848991142882,-0.00336729407701597,-0.02202807173277388,192712304.0,1.0214484748207877,346.96,0.0019347945363711312,1
2019-07-25,346.91,349.27,344.6,346.96,346.96,193867060.0,14.46,2.04,0.0019347945363710206,0.0019329252321800367,337.8408,307.37295,345.2738066072998,1.026992595328924,1.1287915868979361,1,0.11101266236568497,0.10804681876122472,2.9988856209873322,57.0961009398995,2.578280453598211,3.236109181066393,-0.657828727468182,346.077,351.1567268886485,340.9972731113515,0.029356050177468198,0.5869141214448238,6.0071428571428624,0.017313646694555172,-0.0017550421497828372,-0.015131796968131717,193716254.7,1.0007784855237551,348.6,0.004726769656444672,1
2019-07-26,348.43,350.78,346.24,348.6,348.6,199504127.0,15.26,2.12,0.004726769656444585,0.004715633558809787,338.48,307.62489999999997,345.5905869304141,1.0298983691798629,1.1331982554078037,1,0.10906062394939667,0.10616084902727563,3.569816669188594,59.99431643630319,2.550304216199322,3.098948188092979,-0.5486439718936569,346.341,351.36594367604954,341.3160563239505,0.029017319208727944,0.7247786388176193,5.936428571428572,0.01702934185722482,-0.006781013163143168,0.02907697161137124,193229702.95,1.032471322753229,350.72,0.006081468732071154,1
2019-07-29,351.07,353.04,348.76,350.72,350.72,196028925.0,14.1,2.1,0.00608146873207116,0.0060630512336754955,339.13159999999993,307.87735,346.07910246085083,1.0341708056695398,1.1391549264666596,1,0.10983893810603519,0.10443747256810304,4.195343782693193,63.43305592486453,2.6684390248901764,3.0128463554524187,-0.3444073305622424,346.8,351.6525674159582,341.94743258404185,0.02798481785434931,0.9039098958424345,5.802857142857143,0.01654555526590198,0.009382374949634675,-0.017419198551215986,191372060.1,1.0243340898225508,348.35,-0.006757527372262786,0
2019-07-30,349.87,352.78,345.45,348.35,348.35,174475485.0,11.84,2.1,-0.006757527372262762,-0.006780462843468098,339.66020000000003,308.0949,346.29537841696026,1.02558380404887,1.130658118651104,1,0.11108983693183985,0.10522115173651206,4.056685391179706,57.48432673479044,2.541525396087991,2.9185821635795333,-0.3770567674915424,347.0625,351.6320692530039,342.4929307469961,0.026332831999946713,0.6408776110037916,5.730714285714287,0.01645102421620292,0.005658361961950575,-0.10995030452776289,190485714.7,0.9159504967329711,345.01,-0.009588057987656183,0
2019-07-31,345.92,348.69,342.25,345.01,345.01,193306386.0,14.42,2.01,-0.009588057987656162,-0.009634319357593547,340.11979999999994,308.27655,346.17296142486884,1.0143778750898949,1.1191574578085812,1,0.11601732912703971,0.10757403311042293,3.6260398681987582,50.32207026798316,2.1466896425126265,2.764203659366152,-0.6175140168535256,347.297,350.7561212757151,343.83787872428496,0.019920248523339405,0.16942471542910922,5.684999999999998,0.016477783252659337,-0.005104100582501769,0.10792863536100783,190084140.55,1.0169516796123894,348.5,0.010115648821773309,1
2019-08-01,347.37,350.21,345.66,348.5,348.5,173710448.0,13.81,2.13,0.010115648821773293,0.01006482808204415,340.62379999999996,308.4633,346.3945841463099,1.0231228704512134,1.1297940468120518,1,0.11657583944970343,0.10886093184685117,3.8348626772834757,56.43071040006129,2.091286249910638,2.6296201774750494,-0.5383339275644112,347.46750000000003,350.8025191351301,344.13248086486993,0.019196150057893175,0.6547967129287395,5.612142857142852,0.01610370977659355,0.00351301543423177,-0.10137242956888137,189070709.3,0.9187591702761967,349.69,0.003414634146341457,1
2019-08-02,351.14,353.6,347.23,349.69,349.69,193918944.0,15.84,2.0,0.0034146341463414664,0.003408817520503309,341.11320000000006,308.66615,346.7084332752328,1.0251435593814602,1.1329068639369753,1,0.10725330421790724,0.10709808813107664,3.596088938194425,58.31300609276844,2.1189754864770975,2.527491239275459,-0.4085157527983614,347.5355,350.99760447105893,344.0733955289411,0.019923745752873936,0.8111546773355821,5.634285714285714,0.016112230015973332,0.009002510315376355,0.11633437270278635,189766043.1,1.0218843204619679,348.25,-0.0041179330263948,0
2019-08-05,348.57,350.16,346.66,348.25,348.25,184088661.0,15.44,2.06,-0.004117933026394849,-0.004126435061166841,341.585,308.8469,346.85524915378204,1.0195119809125108,1.127581335606736,1,0.10353196994297954,0.10710956323302052,3.1766810162596757,55.20497197022115,2.001649669126266,2.4223229252456204,-0.42067325611935447,347.56949999999995,351.0463556575248,344.09264434247507,0.020006678707509586,0.5978614107734671,5.451428571428571,0.015653779099579528,-0.0006313312480271671,-0.05069274201493179,190938641.4,0.9641247033613805,352.44,0.012031586503948307,1
2019-08-06,353.16,354.51,351.09,352.44,352.44,236939178.0,13.58,2.04,0.0120315865039482,0.011959782338613821,342.1232,309.06935,347.3871301867552,1.0301552189386747,1.1403265966036427,1,0.1111678945215406,0.10913636165347729,3.560130759872505,61.61573584596276,2.221161924260173,2.382090725048531,-0.16092880078835803,348.00100000000003,351.65107800927467,344.3509219907254,0.020977399543473427,1.1080691957285096,5.59285714285714,0.015868962498175973,0.01787725631768944,0.2870927340820846,193778152.1,1.2227342217492434,353.11,0.0019010327999092495,1
2019-08-07,354.66,356.5,351.28,353.11,353.11,191801848.0,11.26,2.03,0.0019010327999091636,0.0018992281238596096,342.66700000000003,309.30334999999997,347.9321654070642,1.030475651288277,1.1416300534733945,1,0.1030159761300541,0.10912956515576154,3.5946164258789888,62.5389560631146,2.4212793671798636,2.3899284534747975,0.03135091370506604,348.2835,352.5754178635518,343.9915821364482,0.02464611653173058,1.0622777686317972,5.5785714285714265,0.015798395481780258,0.019694475728435634,-0.1905017582191494,194961208.1,0.9837949296129747,356.43,0.009402169295686876,1
2019-08-08,355.24,359.23,352.45,356.43,356.43,167925807.0,11.87,2.11,0.009402169295686935,0.009358244015917096,343.26560000000006,309.5678,348.74148298734383,1.038350478463324,1.1513794393344527,1,0.10170880547524731,0.10912456728261058,4.155413068815081,66.80019237608047,2.8153169151404995,2.475006145807938,0.3403107693325613,348.72650000000004,354.3353098934766,343.11769010652347,0.03216738557844323,1.1867321361500343,5.492857142857141,0.015410759876713916,0.02729421258934761,-0.12448285169807127,192241409.15,0.8735152730230598,356.99,0.0015711359874309185,1
2019-08-09,356.95,359.85,354.09,356.99,356.99,190151846.0,12.13,2.0,0.0015711359874308606,0.001569903044530394,343.9034,309.83595,349.52705603616823,1.0380531277097,1.1521903768752464,1,0.10165905807519575,0.10911099579586801,4.178016365967651,67.47230743402523,3.1366247727718815,2.607329871200727,0.5292949015711543,349.027,355.68923006761196,342.364769932388,0.038176015423407844,1.0976227117713964,5.4178571428571445,0.015176495540091163,0.024067699368904183,0.13235630304280743,192224722.45,0.989216389944123,362.58,0.015658701924423583,1
2019-08-12,362.0,365.19,359.38,362.58,362.58,201588778.0,12.71,1.97,0.015658701924423646,0.015537369418685979,344.64480000000003,310.08125,350.7701935565332,1.0520396651857216,1.1693064317819926,1,0.10954468636311734,0.11236387906261915,4.647362623914897,73.28603719591715,3.7985426125370054,2.845572419467983,0.9529701930690226,349.783,358.7346575354339,340.83134246456615,0.05118406289275508,1.2147838234500188,5.766428571428569,0.01590387934091392,0.03381614963503643,0.060146310649016765,192981840.8,1.0445997258826023,367.46,0.01345909868167024,1
2019-08-13,365.73,370.26,362.95,367.46,367.46,221783869.0,14.17,2.03,0.013459098681670278,0.013369329590066597,345.454,310.397,352.3596989321014,1.0637016795289675,1.1838387613282344,1,0.10841381339391848,0.11459742356035597,4.9101260146646935,77.129100413719,4.663138725030592,3.209085680580505,1.4540530444500872,350.8365,362.6186850801654,339.0543149198346,0.06716624456196438,1.2054506394904287,5.884999999999999,0.016015348609372447,0.0548586192048226,0.10017963896780002,193668024.7,1.1451754585897835,367.23,-0.0006259184673160653,0
2019-08-14,367.61,370.27,364.57,367.23,367.23,182184583.0,15.29,2.01,-0.0006259184673160778,-0.0006261144360578446,346.18440000000004,310.69865000000004,353.7759180814251,1.0607930340015321,1.181949133026487,1,0.10709353331239624,0.11388287846427148,5.082635754201381,76.5699990482993,5.269040081257401,3.6210765607158844,1.6479635205415168,351.859,365.553224522158,338.16477547784194,0.07783927381206177,1.061221994500954,5.95857142857143,0.016225720743325518,0.06440393032086034,-0.17854899086461518,194133786.1,0.9384486165955428,370.14,0.007924189200228653,1
2019-08-15,372.93,374.85,368.23,370.14,370.14,164807510.0,13.37,2.19,0.007924189200228637,0.007892957694071383,346.92119999999994,311.0542,355.33440207367033,1.0669281669727881,1.1899533907595525,1,0.10833067489962706,0.11432840948970872,5.174247240279634,78.67614225386055,5.915839832360916,4.080029215044891,1.8358106173160254,353.002,368.7491783270298,337.2548216729702,0.0892186351747877,1.0441609805592496,6.178571428571432,0.01669252560807109,0.06209469153515057,-0.09538168770296007,193420167.65,0.8520699366687784,372.22,0.00561949532609294,1
2019-08-16,370.17,374.86,367.55,372.22,372.22,206794647.0,13.54,2.06,0.005619495326092849,0.005603764866215337,347.5908,311.43335,356.94255425713027,1.0708568811372454,1.195183495922964,1,0.10847632253033428,0.11290164189071539,5.0180154106250985,80.05614433877079,6.521100721888104,4.568243516413534,1.9528572054745696,354.28450000000004,371.89394420654105,336.675055793459,0.0994084934931746,1.009257980792165,6.383571428571433,0.017149995778226405,0.06442849380880222,0.25476470702093623,194075336.8,1.0655380040025775,376.22,0.010746332813927246,1
2019-08-19,376.18,379.13,373.27,376.22,376.22,168339522.0,13.86,2.0,0.010746332813927229,0.010689001349056928,348.36940000000004,311.81080000000003,358.7785014707369,1.0799455979773194,1.2065650067284392,1,0.10953522621202053,0.11406783539861579,5.331890552423853,82.41325883007421,7.240081752464789,5.102611163623785,2.137470588841004,355.672,375.57594893376745,335.7680510662326,0.11192305795064814,1.0161789770301248,6.353571428571432,0.016887915125648377,0.08031586503948329,-0.18595802917471072,191967140.05,0.8769184244561546,374.1,-0.005635000797405785,0
2019-08-20,374.82,377.69,371.23,374.1,374.1,184867279.0,12.21,1.96,-0.005635000797405754,-0.005650937310774061,349.0568,312.17895,360.2376918068572,1.0717453434512665,1.1983511380251617,1,0.11423138894945001,0.11517741617888212,4.948236946503083,77.20516876825351,7.551761115424142,5.592441153983858,1.9593199614402845,357.0645,378.0598884410268,336.0691115589732,0.11759997670430983,0.9056962329357401,6.355000000000002,0.016987436514300992,0.061457269322438,0.09818108548508286,191146529.6,0.9671495443148239,376.31,0.005907511360598716,1
2019-08-21,376.45,379.63,373.14,376.31,376.31,187991641.0,11.19,1.92,0.0059075113605986385,0.005890130433783265,349.7722,312.5849,361.76838782525175,1.0758716673309086,1.2038649339747378,1,0.10877336340214602,0.11517347059793226,4.94776232747031,78.71521992559839,7.886190689076841,6.051191061002455,1.834999628074386,358.56550000000004,380.5849626589662,336.54603734103387,0.12281975069494842,0.9029276343823857,6.44714285714286,0.017132531309672506,0.06570190592166747,0.016900567893358698,190703827.2,0.9857780190370506,379.53,0.008556774999335576,1
2019-08-22,379.4,382.4,376.53,379.53,379.53,191281414.0,9.11,1.96,0.008556774999335603,0.00852037330680397,350.43919999999997,313.0253,363.45996993713254,1.08301240272207,1.2124579067570576,1,0.10891076857131891,0.11553248804823212,5.28861603333058,80.71934718538229,8.315203139214134,6.5039934766447915,1.8112096625693423,360.194,383.38588551378143,337.0021144862186,0.1287744133090336,0.9168699433168763,6.427142857142859,0.016934479111382128,0.06480935948152511,0.017499570632504957,190574544.9,1.003709147516899,375.3,-0.011145364002845524,0
2019-08-23,373.84,377.9,371.24,375.3,375.3,204560377.0,11.76,2.01,-0.011145364002845493,-0.011207938953712594,351.05299999999994,313.43225,364.5875918478818,1.0690693428057874,1.1973879522608155,1,0.12135104372553199,0.11871376499408572,4.68126359156101,71.23092709078118,8.219127957535761,6.8470203728229855,1.3721075847127757,361.529,384.983223186098,338.074776813902,0.12975016215038407,0.7935718631553087,6.769285714285713,0.018036998972250768,0.05128995209949849,0.06942108343051046,190827357.4,1.0719656750851174,372.61,-0.007167599253930183,0
2019-08-26,372.87,375.94,369.55,372.61,372.61,180536400.0,14.68,2.08,-0.007167599253930179,-0.0071934099009958105,351.6458,313.8444,365.3516307195121,1.0596173763485872,1.1872443796989847,1,0.12703583388270717,0.12019581922840282,4.345273616990194,65.92384970553209,7.835603208841576,7.044736940026704,0.790866268814872,362.62350000000004,385.99677873764205,339.250221262358,0.1289121016016753,0.7136307043479393,6.778571428571427,0.018192135016696885,0.027662860610072393,-0.11744198633345304,190052731.15,0.949927943195464,367.74,-0.013069965916105323,0
2019-08-27,366.9,370.03,364.61,367.74,367.74,187709738.0,11.74,2.06,-0.01306996591610532,-0.013156129514283953,352.16240000000005,314.2301,365.579094460511,1.0442341374320483,1.1702889061232518,1,0.13839180276279456,0.12399374248193068,3.7332900461545573,57.56230755133227,7.057336203923398,7.047256792806044,0.010079411117354553,363.59299999999996,386.0645980740165,341.12140192598343,0.12360852972392057,0.5922720312491454,6.977142857142853,0.01897303218889121,0.0007619876993414376,0.039733472031125094,190714443.8,0.9842450013741434,367.45,-0.0007886006417578193,0
2019-08-28,365.03,369.18,363.31,367.45,367.45,192250268.0,12.91,2.01,-0.0007886006417577862,-0.0007889117508151647,352.7668,314.61595,365.75727594046236,1.041622964519337,1.1679318864793726,1,0.13497456032645178,0.1234781162221871,3.862456009677119,57.09788047479864,6.344023465552425,6.906610127355321,-0.5625866618028956,364.71500000000003,385.4539351602027,343.97606483979735,0.11372680125657471,0.565938775986011,6.912142857142852,0.018811111327099884,0.0005990795958934481,0.02418910200599189,190661637.9,1.008332195807702,369.7,0.006123282079194449,1
2019-08-29,371.03,373.26,367.48,369.7,369.7,195117964.0,14.67,1.98,0.0061232820791945475,0.006104610967706089,353.4336,315.02975,366.13277346994215,1.0460239207590902,1.1735399593213023,1,0.12791727656990343,0.12374643024583369,4.01155338870641,59.80741375791518,5.8923508247711425,6.703758266838486,-0.8114074420673436,365.775,385.14640214472814,346.4035978552718,0.10591977114168659,0.6013091352415828,6.9157142857142775,0.018706286950809514,-0.001188739395904248,0.014916473354409154,191732013.7,1.0176598066992504,374.02,0.011685150121720295,1
2019-08-30,375.1,376.96,372.17,374.02,374.02,194211975.0,14.8,2.01,0.011685150121720334,0.011617405977987718,354.215,315.42095,366.8839379013762,1.0559123696060302,1.1857804625849995,1,0.1290769680378041,0.12514449659473503,4.194163170140429,64.44982299066379,5.815942336127421,6.526195080696273,-0.7102527445688525,366.9915,385.126076773032,348.8569232269679,0.09882832039969666,0.6937872630630761,6.84857142857142,0.018310709129381906,0.004835849766267053,-0.004643288508278998,191746665.25,1.0128571192974112,374.63,0.0016309288273354732,1
2019-09-02,374.69,376.59,372.72,374.63,374.63,200130101.0,10.8,1.97,0.0016309288273355094,0.001629600307200633,354.9942,315.80375,367.62165810124515,1.0553130163816762,1.1862747038310977,1,0.12922265160118449,0.12374842511471197,3.9278521217575633,65.06345525998718,5.73846055914305,6.368648176385628,-0.6301876172425782,368.3105,384.4311392389954,352.1898607610046,0.08753830932841523,0.6960064953261064,6.576428571428559,0.01755446326089357,-0.004226250598054371,0.030472508196263348,192548737.25,1.0393737391284814,379.34,0.012572404772709019,1
2019-09-03,379.6,381.89,377.05,379.34,379.34,207267191.0,15.99,2.07,0.012572404772708934,0.012494028328401699,355.8442,316.2573,368.7376906630313,1.0660283348723962,1.1994663838589654,1,0.13005381522499812,0.12501152885191588,4.040110078335488,69.44850607579943,5.988086397014058,6.292535820511315,-0.3044494234972568,369.65549999999996,384.65025624133307,354.66074375866685,0.08112827343995987,0.8229295576170061,6.687857142857131,0.017630245012013317,0.014006950013365271,0.035662251527070365,191065137.9,1.0847985837608944,376.11,-0.008514788843781203,0
2019-09-04,377.32,379.16,374.27,376.11,376.11,199371097.0,16.32,1.98,-0.008514788843781207,-0.008551246760132818,356.533,316.69325000000003,369.4398153617902,1.0549093632286493,1.187616092228047,1,0.13371408097594392,0.12337435446243247,3.288729055731555,63.557024352126824,5.857758077431356,6.2055802718953235,-0.34782219446396745,370.8055,383.8597180720962,357.7512819279038,0.07041005633444489,0.7031718778559162,6.505714285714272,0.017297371209790413,-0.0005314767080332183,-0.03809620790393209,191443600.35,1.0414090449380748,372.06,-0.010768126346015823,0
2019-09-05,372.31,374.45,369.92,372.06,372.06,200437746.0,10.68,1.98,-0.010768126346015872,-0.010826522206201901,357.08759999999995,317.1258,369.6893567559054,1.0419292072869515,1.1732252626560185,1,0.14212368235218342,0.1253178814976384,3.030637031186088,57.024779899570866,5.3658169942547715,6.037627616367213,-0.6718106221124414,371.587,382.7523959790319,360.42160402096806,0.060095729823712245,0.5211815147607439,6.425714285714272,0.01727063991214931,-0.019682238558216714,0.005350068370241212,193069197.3,1.0381653251945229,372.32,0.0006988120195667121,1
2019-09-06,373.33,374.41,371.25,372.32,372.32,164811094.0,11.44,1.87,0.0006988120195667857,0.0006985679641400653,357.66759999999994,317.54385,369.93989420772397,1.0409665286987138,1.1724994831422495,1,0.14000360627696648,0.12480192238243396,2.8341494174999293,57.32799091118874,4.939984897814497,5.81809907265667,-0.8781141748421728,372.3535,381.15395758380623,363.55304241619376,0.04726936947702976,0.49809668984941513,6.157857142857133,0.016539152188593503,-0.007940314415134653,-0.17774422588048855,191802159.7,0.859276528782486,373.74,0.0038139235066609795,1
2019-09-09,373.4,376.23,370.91,373.74,373.74,193378984.0,16.48,1.97,0.003813923506660988,0.003806668940127607,358.31160000000006,317.98865,370.3018090450836,1.0430586115548588,1.1753249683597198,1,0.14010913445836065,0.12487650551056133,2.878454990785776,59.02823477737038,4.663335991511474,5.587146456427631,-0.9238104649161576,372.9115,380.42362430535536,365.3993756946446,0.04028904608914033,0.5551441886321183,6.076428571428563,0.016258437875069736,0.0030326614959341747,0.17333717838193596,191391670.0,1.0103834926567077,374.06,0.0008562101996039845,1
2019-09-10,375.53,377.9,371.71,374.06,374.06,200891382.0,13.13,2.02,0.0008562101996039129,0.0008558438607447586,358.93080000000003,318.44005,370.65973199317085,1.0421507432630468,1.1746638024959486,1,0.13133194743875753,0.12107380589906305,2.4500989906600745,59.420626447972715,4.418971908322419,5.3535115468065895,-0.9345396384841704,373.2415,380.312184549615,366.17081545038496,0.03788798699820929,0.5578798271722301,6.054999999999991,0.016187242688338745,0.01718605536520368,0.038848058070260594,190347045.65,1.0553953244401195,369.09,-0.013286638507191433,0
2019-09-11,369.45,371.23,367.31,369.09,369.09,205256470.0,9.0,1.92,-0.013286638507191473,-0.013375695614666854,359.5062,318.8584,370.51023370810697,1.0266582328760951,1.1575357588195887,1,0.13335631254794314,0.12400567789642344,2.1101489088946437,51.21643891595151,3.7806926760993633,5.038947772665145,-1.2582550965657813,373.33450000000005,380.11524821210423,366.55375178789586,0.03632532333382542,0.18701831513148398,6.10214285714285,0.0165329400881705,0.004463192271057181,0.021728597596087917,191500640.0,1.071831770379462,369.27,0.0004876859302609305,1
2019-09-12,369.48,372.25,366.51,369.27,369.27,180383861.0,10.0,1.93,0.0004876859302609393,0.0004875670501268609,359.98979999999995,319.26155,370.39211621209677,1.0257790637401394,1.1566378726157283,1,0.13332052750831805,0.12343735306858772,2.290128151648891,51.47773937707817,3.2518905120943487,4.681536320550985,-1.4296458084566366,373.291,380.16850842278126,366.41349157721874,0.03684797341892967,0.20767029620142619,5.9199999999999955,0.016031629972648728,-0.0011631052204490455,-0.12117819720859468,192279457.55,0.9381338147008933,366.32,-0.007988734530289459,0
2019-09-13,364.92,369.24,362.01,366.32,366.32,180966812.0,12.88,2.01,-0.007988734530289476,-0.008020815441474071,360.3496,319.6783,370.00429562046855,1.0165683547310722,1.1459019895939138,1,0.13324659176504644,0.1245139027277795,2.113181020657214,47.03152934177682,2.565200605684822,4.258269177577753,-1.6930685718929306,372.996,380.54071414827035,365.4512858517296,0.040454665188099315,0.05757104451809927,5.982142857142853,0.0163303746919165,-0.020587134377840766,0.0032317248160023127,190988065.8,0.9475294241133677,368.44,0.005787289801266664,1
2019-09-16,368.76,370.02,367.19,368.44,368.44,182453238.0,10.59,1.89,0.005787289801266748,0.005770607771194909,360.76700000000005,320.11525,369.85531508518585,1.0212685750082462,1.1509604743916448,1,0.13334429125792507,0.12114325011935687,2.815243921823672,50.35036033157123,2.1670794470371106,3.8400312314696246,-1.672951784432514,372.60699999999997,380.25338779528954,364.9606122047104,0.04104264168557783,0.22751839745856844,5.674999999999995,0.015402779285636726,-0.016522969329738624,0.008213804418458759,191693751.6,0.9517954366124473,369.8,0.003691238736293599,1
2019-09-17,368.87,371.62,367.05,369.8,369.8,201887243.0,12.47,2.01,0.0036912387362935117,0.003684442832989594,361.2868,320.57144999999997,369.8500469818348,1.0235635511731953,1.153564985278633,1,0.12801173289765166,0.12094770081439216,3.027285557292201,52.410363193990776,1.9389551267628349,3.459816010528267,-1.5208608837654323,372.392,380.1031692061891,364.6808307938109,0.04141425812675018,0.33193210192745193,5.582142857142851,0.015095032063663739,-0.025148942900827698,0.10651499098086714,192544749.8,1.048521152665571,367.77,-0.0054894537587886144,0
2019-09-18,367.07,369.58,365.27,367.77,367.77,210592918.0,13.58,1.93,-0.0054894537587886205,-0.005504576178012005,361.69300000000004,321.0336,369.6519472692791,1.0168015416389036,1.1455810232947579,1,0.12794327331800387,0.12122490029181583,2.977837739766184,49.13340855296405,1.5761915695477455,3.0830911223321626,-1.5068995527844171,371.965,379.70839378881016,364.2216062111898,0.04163506667987238,0.22912394005511993,5.490714285714282,0.014929750348626267,-0.022174363882906722,0.04312147152358703,193674813.65,1.0873531463960697,366.86,-0.002474372569812568,0
2019-09-19,365.96,368.55,364.27,366.86,366.86,185369448.0,17.16,1.94,-0.002474372569812533,-0.002477438888807751,362.07880000000006,321.4568,369.38604752934776,1.013204860378459,1.1412419958140565,1,0.1256969025385167,0.12147877222184664,2.8196466875400867,47.693797404153756,1.2014202176607682,2.706756941397884,-1.5053367237371158,371.3315,378.52237221121726,364.14062778878275,0.03873020312684428,0.18908500465257524,5.277857142857142,0.014386570198051415,-0.013976240391334716,-0.11977359086690653,193379215.35,0.9585799987061536,364.55,-0.006296679932399287,0
2019-09-20,363.38,367.39,360.55,364.55,364.55,208389340.0,12.77,1.9,-0.006296679932399241,-0.0063165876337653295,362.35020000000003,321.8624,368.9254715741718,1.0060709225495115,1.1326268616651092,1,0.12166549178357,0.12238140399036536,2.479457651208014,44.156902318625995,0.7098310363514884,2.3073717603886053,-1.5975407240371169,370.794,378.3344548236515,363.25354517634844,0.04067193548779758,0.08596661964601388,5.490000000000001,0.015059662597723223,-0.02086914482165869,0.12418385148344413,193570663.5,1.0765543509127868,364.79,0.0006583459059114226,1
2019-09-23,367.11,369.3,362.62,364.79,364.79,194660896.0,16.18,1.97,0.0006583459059115171,0.0006581292913119444,362.6968,322.29825,368.53161713853643,1.0057712116566786,1.1318398408927135,1,0.11713548691042587,0.11947416181346572,2.0819174103308216,44.616444153866475,0.33573887394277335,1.913045183099439,-1.5773063091566657,370.403,378.34715004894554,362.4588499510545,0.042894631247177094,0.14672117435069254,5.448571428571431,0.014936186377289483,-0.023947129020174374,-0.06587882086482921,194276888.3,1.001976600013312,367.64,0.00781271416431362,1
2019-09-24,369.11,371.26,365.5,367.64,367.64,190324998.0,17.07,2.07,0.007812714164313617,0.007782352946157509,363.1218,322.73164999999995,368.44670122058056,1.012442656981762,1.1391507464483266,1,0.11919857308548597,0.11948044157826808,2.0827261041473397,49.88994187497159,0.26617106722432027,1.5836703599244153,-1.317499292700095,370.398,378.34932984575227,362.4466701542478,0.04293397829216558,0.3265698912113433,5.548571428571429,0.015092404059872238,-0.017163021975084236,-0.02227410892016035,194407651.3,0.9789995235645337,365.51,-0.005793711239255782,0
2019-09-25,367.62,368.61,364.53,365.51,365.51,188800775.0,17.09,1.98,-0.005793711239255761,-0.005810559893225749,363.4964,323.11154999999997,368.16701539004913,1.0055395321659306,1.1312192337290328,1,0.11206863084822409,0.12000561988674475,1.9784121982739478,46.33869280943509,0.03871855692096915,1.274679999323726,-1.235961442402757,370.301,378.4486632749682,362.15333672503175,0.04400562393807327,0.20598932242786733,5.397857142857147,0.014768014945848668,-0.009699531279633633,-0.008008527602874294,194235176.65,0.9720215372738973,367.21,0.004651035539383296,1
2019-09-26,365.86,369.94,363.14,367.21,367.21,205565698.0,14.21,1.9,0.004651035539383397,0.00464025289430636,363.895,323.48,368.0758710671873,1.009109770675607,1.1351861011499937,1,0.11332606689877985,0.11954916119651111,2.315364605514437,49.432502510579354,-0.004313678295773116,1.0188812637998264,-1.0231949420955995,370.1765,378.4381304622572,361.91486953774273,0.04463616929888811,0.3204652208863168,5.657857142857146,0.015407688088170654,-0.005578573943185172,0.08879689715256722,194757563.35,1.055495326928981,366.25,-0.0026143078892186477,0
2019-09-27,366.33,367.82,364.76,366.25,366.25,198197611.0,9.0,2.0,-0.002614307889218681,-0.0026177311597121674,364.28860000000003,323.8793,367.90197858459806,1.005384192642866,1.1308225008513975,1,0.1113964541013724,0.11958461880587168,2.074703602790535,47.758001218344845,-0.11456043035110497,0.7921929249696401,-0.9067533553207451,369.788,378.0193306464196,361.55666935358045,0.04451918746090898,0.2850894252544668,5.4964285714285745,0.01500731350560703,-0.00019108975758896918,-0.03584297901685918,194956845.15,1.016622990834236,364.63,-0.004423208191126292,0
2019-09-30,363.21,366.96,360.88,364.63,364.63,232326944.0,14.65,1.92,-0.004423208191126293,-0.004433019518863599,364.6118,324.28340000000003,367.5903615765411,1.0000499161025507,1.124417716108811,1,0.10299460521721993,0.11866101099591454,2.215002754276238,44.9884921466686,-0.3288613280543018,0.5679820743648518,-0.8968434024191536,369.288,377.4957667967379,361.08023320326214,0.044451846779292294,0.21624437465331287,5.488571428571431,0.015052440634537562,-0.010340896753881279,0.17219850848757212,196566687.3,1.1819242985227842,364.75,0.0003291007322491417,1
2019-10-01,363.99,367.23,361.52,364.75,364.75,177586068.0,16.12,2.0,0.0003291007322492323,0.0003290465904816533,364.9818,324.6635,367.3198509502039,0.9993648998388412,1.1234709168107901,1,0.10264347560509109,0.11573795661003285,1.7980433967172151,45.24180468562339,-0.4834405347670554,0.3576975525384704,-0.8411380873055259,368.5585,375.5004041070687,361.6165958929313,0.037670568482614616,0.22568765417347034,5.414285714285719,0.014843826495642821,-0.013656030286641418,-0.2356200062615208,195082631.15,0.9103120403551108,362.52,-0.006113776559287233,0
2019-10-02,361.52,365.69,358.36,362.52,362.52,201566779.0,13.3,1.97,-0.006113776559287243,-0.00613254221631416,365.3064,325.05025,366.8627222882797,0.992372430376254,1.1152737153717,1,0.09064205267458929,0.11527176690017168,1.2674609362959357,41.42440429088693,-0.776932043903571,0.13077163325006214,-0.9077036771536331,367.879,374.3533474371553,361.4046525628447,0.03519824418973468,0.08613589615752766,5.527857142857146,0.015248419791617417,-0.014275226364303784,0.1350371190154398,195192415.25,1.0326568209212217,361.51,-0.002786053183272622,0
2019-10-03,362.86,364.29,360.09,361.51,361.51,183238982.0,17.86,1.78,-0.00278605318327263,-0.0027899414530728355,365.59740000000005,325.425,366.35293921320545,0.9888199423737695,1.110885764769148,1,0.08769132883604397,0.11533862490355229,1.2461020825475546,39.786948368810634,-1.0785914081113788,-0.11110097502222606,-0.9674904330891527,367.3515,374.10466463828146,360.5983353617185,0.03676677317644323,0.06749906799591797,5.309285714285721,0.014686414523210206,-0.014583219756855503,-0.09092667497554252,194332477.05,0.9429148682793471,358.89,-0.007247379048988976,0
2019-10-04,358.46,360.09,357.27,358.89,358.89,177287477.0,15.65,1.87,-0.007247379048988978,-0.007273768882585572,365.8032,325.7725,365.6421830976621,0.9811013134931569,1.1016583658841677,1,0.08395808572893539,0.11411013332171721,1.3850696781981031,35.830292322045906,-1.5116454238512915,-0.3912098647880392,-1.1204355590632522,366.68,374.00001725624566,359.35998274375436,0.039925915000685534,-0.032102570750175925,5.347857142857151,0.0149011038002094,-0.015525990947743873,-0.03247946989795003,194956296.2,0.9093703586681086,364.26,0.014962801972749323,1
2019-10-07,365.43,367.85,361.85,364.26,364.26,192309825.0,14.92,1.97,0.01496280197274924,0.014851963519475092,366.074,326.1694,365.51054661217046,0.9950447177346656,1.1167816478185875,1,0.10175084632462175,0.11596038911117179,1.5131044938816394,47.38054949737155,-1.405329961267455,-0.5940338840839223,-0.8112960771835327,366.206,372.7920599195052,359.6199400804948,0.035969153533733575,0.3522637188139575,5.661428571428583,0.01554227357225219,-0.0014528907042409278,0.08473440005015132,194902838.25,0.9866958671649821,364.75,0.0013451929940152887,1
2019-10-08,365.41,368.9,361.27,364.75,364.75,194903668.0,16.22,1.93,0.001345192994015365,0.001344289032497448,366.402,326.56780000000003,365.43811360148754,0.995491290986403,1.1169196718108765,1,0.10062560281904884,0.11596207342488776,1.548823489402537,48.295083611881914,-1.2669308955818792,-0.7286132863835137,-0.5383176091983655,365.7405,371.21075824466374,360.27024175533626,0.029913330597233737,0.409464968918451,5.882857142857152,0.01612846372270638,-0.007860950930257848,0.013487834019920708,194603452.55,1.001542703616334,363.37,-0.0037834132967786032,0
2019-10-09,365.88,369.0,360.27,363.37,363.37,243568037.0,14.33,1.87,-0.0037834132967785594,-0.0037905885084440105,366.76919999999996,326.98974999999996,365.2411504013459,0.990732046202353,1.111258074603256,1,0.10074955055391753,0.11484680769431488,1.0907582337383317,45.876762035098785,-1.2541460903230472,-0.8337198471714204,-0.4204262431516268,365.4545,370.7837024682425,360.1252975317575,0.029164793254579803,0.3044266461326756,6.200714285714294,0.01706446400559841,-0.005854832973106072,0.24968421322886547,196519030.9,1.239411958651176,364.31,0.0025868949005146205,1
2019-10-10,362.7,366.75,360.28,364.31,364.31,189277448.0,9.0,1.88,0.002586894900514558,0.002583554647250701,367.0854,327.42485,365.1524694107415,0.9924393615218693,1.112652262038144,1,0.09167073945647083,0.11286618020654188,1.5572644556102602,47.79437892034126,-1.154851486882933,-0.897946175113723,-0.25690531176920994,365.2065,370.2416115599563,360.1713884400437,0.027574052268743952,0.4109751601592361,6.174285714285726,0.0169478897485266,-0.00789738841534815,-0.22289701747688673,196963710.25,0.9609762517153843,364.43,0.0003293898053855358,1
2019-10-11,365.8,367.79,362.45,364.43,364.43,172721872.0,12.25,1.82,0.0003293898053855493,0.00032933556847333377,367.38019999999995,327.86145,365.0836628001947,0.9919696271056526,1.1115365957174899,1,0.09164860911037379,0.11259837961899524,1.6824052748187435,48.04743869142078,-1.05432321937991,-0.9292215839669604,-0.1251016354129495,365.11199999999997,370.13003316472276,360.0939668352772,0.02748763757263005,0.43204508837979355,6.0785714285714425,0.016679668053045694,-0.00496928327645052,-0.08746724015425233,196551463.25,0.8787615678053213,364.27,-0.0004390417912905771,0
2019-10-14,365.52,368.35,361.44,364.27,364.27,197277687.0,16.49,1.9,-0.0004390417912906175,-0.00043913819835672064,367.70059999999995,328.3078,365.00617110493806,0.9906701267281044,1.1095380615385928,1,0.08763588053730109,0.11262521299946576,1.6268326973672709,47.715324714109165,-0.9763102095769227,-0.9386393090889529,-0.03767090048796984,364.9035,369.68002273875425,360.12697726124577,0.026179648804361418,0.43368606881175076,6.110000000000018,0.016773272572542394,-0.0009873021967474749,0.142169690008918,197292685.7,0.9999239774148404,366.24,0.005408076426826331,1
2019-10-15,365.17,367.9,363.51,366.24,366.24,156193799.0,11.48,2.02,0.00540807642682628,0.0053935052924381655,367.97659999999996,328.74665,365.1236786187535,0.9952806781735579,1.1140493751038985,1,0.08731582710941008,0.11299495979363013,1.7619836689877897,52.10505201902365,-0.7469118661747984,-0.9002938205061221,0.15338195433132362,364.7255,368.96935363606735,360.48164636393267,0.023271493964944632,0.6784345231006844,6.132142857142871,0.016743509330337678,0.004084989718985632,-0.2082541042768815,195008013.5,0.8009609256390892,368.59,0.006416557448667447,1
2019-10-16,369.7,372.35,365.95,368.59,368.59,190890756.0,12.94,1.94,0.006416557448667426,0.006396058983580029,368.28619999999995,329.20959999999997,365.4538044645865,1.0008249019376778,1.1196210560080873,1,0.08936042970252114,0.11337471841476149,2.0548348482982166,56.76794382075824,-0.37120761574669814,-0.7944765795542373,0.4232689638075392,364.7665,369.1478157120405,360.38518428795953,0.024022577248889163,0.9363415296181586,6.103571428571444,0.016559243138911647,0.016743903784618652,0.2221404256900108,194022905.4,0.9838568060119359,367.63,-0.0026045199272904302,0
2019-10-17,368.0,370.65,364.98,367.63,367.63,192780442.0,10.89,2.01,-0.002604519927290383,-0.0026079175901188045,368.51019999999994,329.6705,365.6610611822449,0.9976114636718334,1.1151437571757254,1,0.08772871333718278,0.11322974394530362,1.7718857203397607,54.43640256711749,-0.149203344149214,-0.6654219324732328,0.5162185883240188,364.80499999999995,369.27638033558037,360.33361966441953,0.024513810586851408,0.8158979763703595,6.2900000000000125,0.017109593885156305,0.016928992282371214,0.009899305967440375,194393455.1,0.9917023281510675,366.55,-0.0029377363109647854,0
2019-10-18,366.3,369.56,363.3,366.55,366.55,206405506.0,17.96,1.94,-0.0029377363109648336,-0.0029420599281222187,368.7014,330.1232,365.74572202203115,0.9941649258722642,1.1103430476864395,1,0.08790764375179307,0.11254293847444355,1.9047698246876386,51.85606398899565,-0.05972189666800887,-0.5442819253121881,0.48456002864417924,364.905,369.44135374098073,360.3686462590192,0.02486320407211919,0.6813130206820112,6.302857142857156,0.0171950815519224,0.02134358717155682,0.07067658865519144,194294263.4,1.0623345351945166,366.25,-0.0008184422316191826,0
2019-10-21,365.34,370.38,361.23,366.25,366.25,209538389.0,17.7,1.95,-0.0008184422316191986,-0.0008187773383185735,368.77479999999997,330.5589,365.7937484961234,0.9931535451988586,1.1079719832078339,1,0.08498334103621599,0.11258588619020986,1.8708890844777644,51.13103718194969,-0.01286638201270307,-0.4379988166522911,0.42513243463958805,364.97799999999995,369.55338310160664,360.40261689839326,0.025072103532783645,0.6390047533849535,6.548571428571437,0.017880058508044878,0.005463130730796628,0.015178291803901844,195038138.05,1.074345720765047,360.79,-0.01490784982935148,0
2019-10-22,360.01,363.32,357.49,360.79,360.79,183687531.0,11.29,1.99,-0.01490784982935145,-0.01502008871316174,368.6414,330.97970000000004,365.3172010203021,0.9787017952948314,1.0900668530426487,1,0.09981906780526442,0.11692136660270373,1.2253797487549727,40.13305910782638,-0.41156515107746827,-0.4327120835373266,0.021146932459858325,364.6355,369.3937414929693,359.87725850703066,0.02609861899324816,0.09591164027951259,6.650714285714295,0.01843375449905567,-0.01085675119945162,-0.12337051040322733,194706264.7,0.9434084274741881,357.38,-0.009451481471216012,0
2019-10-23,359.58,361.51,355.45,357.38,357.38,189864254.0,13.87,1.91,-0.009451481471215994,-0.009496430167600064,368.44440000000003,331.37065,364.56127711360665,0.9699699601893799,1.0784902042471172,1,0.09960582360561272,0.11834067386431585,0.7317299172229866,35.06085042820253,-0.9912685724122525,-0.5444233813123118,-0.4468451910999407,364.229,369.9619478042684,358.4960521957316,0.03147990854244262,-0.09733667859345432,6.783571428571435,0.018981396352821745,-0.016484574951151743,0.03362625087491655,194759438.65,0.9748654818275735,361.21,0.010716883989031239,1
2019-10-24,361.21,363.47,358.95,361.21,361.21,179092885.0,11.8,1.88,0.010716883989031256,0.010659865201880695,368.2658,331.7791,364.2421078646917,0.9808404690307924,1.0887063109159074,1,0.1064638848369111,0.11959812402271498,0.8793615424106087,43.671778566446186,-1.1286285911513687,-0.6612644232801232,-0.46736416787124546,363.929,369.6330111463815,358.22498885361847,0.031346834939594434,0.2616589510009526,6.9157142857142935,0.01914596574212866,-0.008509236639126061,-0.056731948079073335,193435798.0,0.9258518167355972,365.8,0.012707289388444483,1
2019-10-25,366.66,367.8,364.66,365.8,365.8,172758905.0,15.04,1.93,0.012707289388444565,0.012627229304369545,368.13739999999996,332.21854999999994,364.39047854424484,0.9936507401855939,1.1010824049409647,1,0.11475046005931305,0.12112609077216352,1.5112865509105802,51.90292986650166,-0.8572311290107564,-0.70045776442625,-0.1567733645845064,363.9065,369.57540419190445,358.23759580809553,0.03115582816953741,0.6670075851729019,6.746428571428579,0.01844294306022028,0.0037592953379250726,-0.03536701081117766,192163862.7,0.8990186946320163,365.56,-0.0006560962274467171,0
2019-10-28,364.69,367.41,362.85,365.56,365.56,197923158.0,14.77,1.95,-0.0006560962274466675,-0.000656311552764406,367.9242,332.65074999999996,364.50186154003103,0.9935742199072527,1.0989303345926622,1,0.11442241230033029,0.11931489452411967,1.8337492444041903,51.47933497350894,-0.65397407315686,-0.691161026172372,0.037186953015512,363.953,369.66200710328974,358.2439928967102,0.03137222170595697,0.6407425118137676,6.527142857142865,0.017855188907820507,0.003541329233810231,0.1456611049948482,190443673.4,1.0392739987969586,367.44,0.005142794616478814,1
2019-10-29,366.58,369.49,364.54,367.44,367.44,170212252.0,15.53,1.85,0.0051427946164788185,0.005129615613537106,367.791,333.0888499999999,364.78168425050427,0.9990456536456847,1.1031290900310835,1,0.11462986615237639,0.11817066235513278,1.6835534617673187,54.60470183685352,-0.33730288611286596,-0.6203893981604708,0.2830865120476048,364.0875,369.99873417518154,358.1762658248184,0.032471503004993726,0.783570224073679,6.2571428571428624,0.017029019315106853,0.00327653997378774,-0.14000840669690606,190074982.6,0.8955005528434019,368.65,0.003293054648377911,1
2019-10-30,369.85,371.83,366.68,368.65,368.65,185244029.0,14.33,1.84,0.0032930546483778134,0.0032876444181214283,367.63779999999997,333.53735,365.15009527426577,1.002753253337932,1.1052735173437096,1,0.11506887123285356,0.11816026108588161,1.6798008463790537,56.5448192920344,0.011169444318852584,-0.4940776296646061,0.5052470739834587,364.394,370.5917632637779,358.1962367362221,0.03401682389809331,0.8433496745535849,6.162857142857145,0.016717366452887957,0.00016278249545575996,0.08831195653295265,189258845.1,0.9787866395471311,377.1,0.022921470229214827,1
2019-10-31,375.57,379.58,373.1,377.1,377.1,175084455.0,20.84,1.88,0.02292147022921487,0.022662719828652006,367.5892,334.0259,366.2881814386214,1.0258734478597304,1.1289543715023298,1,0.13599655829253537,0.12566201477095584,2.4404501194373034,67.11479015044983,0.9581358633828359,-0.20363493105511773,1.1617707944379536,365.1735,373.42520929662106,356.9217907033789,0.04519336313614474,1.2226684538960342,6.562142857142858,0.017401598666515136,0.025759595245219424,-0.05484427247045032,188851118.75,0.92710308606525,380.48,0.008963139750729238,1
2019-11-01,380.01,382.32,378.18,380.48,380.48,202119455.0,10.93,1.91,0.008963139750729265,0.008923209238105596,367.6928,334.53355000000005,367.63978320637176,1.0347768572025344,1.1373448193761133,1,0.13696690909323636,0.12474290637328557,2.3602041727094702,70.23369308835777,1.9587718228958124,0.2288464197350683,1.729925403160744,366.253,376.4606444006775,356.0453555993225,0.0557409462893117,1.1968796835173288,6.441428571428568,0.016929742881172643,0.03800300095484932,0.15441119544279358,190092717.65,1.0632677437551485,380.56,0.0002102607232968463,1
2019-11-04,380.6,383.76,377.39,380.56,380.56,224025026.0,9.22,1.91,0.00021026072329677348,0.00021023862160891648,367.8518,335.03895000000006,368.8702800438602,1.0345470648777577,1.1358679341610876,1,0.13266659335846248,0.12475266378952661,2.305960286324401,70.30547839046115,2.7268054456152413,0.7284382249111029,1.9983672207041385,367.068,379.05364685473734,355.08235314526263,0.06530477652481122,1.0628398768316971,6.582857142857141,0.017297816751253785,0.039071672354948905,0.10837932944159179,191678477.7,1.1687542007226617,378.44,-0.005570737859995807,0
2019-11-05,378.57,380.95,376.05,378.44,378.44,169722210.0,12.52,1.79,-0.005570737859995845,-0.005586312287782601,368.06579999999997,335.52575,369.7816819444449,1.028185721140079,1.1279015097947027,1,0.12798933337815652,0.12435435301595545,1.8321341821658201,65.77833721021483,3.1283496748612265,1.2084205149011278,1.9199291599600987,367.7525,380.7053958355449,354.7996041644551,0.0704435501349939,0.9125525339962658,6.47571428571428,0.017111601008652045,0.04892042462374224,-0.24239620443119603,190419404.8,0.8913073233175025,374.62,-0.010094070394250062,0
2019-11-06,374.42,376.97,372.07,374.62,374.62,160072176.0,9.58,1.96,-0.010094070394250032,-0.010145360968497233,368.20920000000007,335.97614999999996,370.2424741402121,1.0174107545384525,1.1150196226726214,1,0.13452646036552537,0.12630288010884377,1.4344834472313537,58.472070401734,3.102569801195159,1.587250372159934,1.515319429035225,368.31499999999994,381.4424826223523,355.18751737764757,0.07128399670019812,0.7401450522023276,6.525714285714282,0.017419556579238382,0.04823996866080926,-0.056857814896471126,186244611.75,0.8594727895530647,375.57,0.002535903048422371,1
2019-11-07,376.01,378.16,373.42,375.57,375.57,190314479.0,9.77,1.83,0.0025359030484224387,0.002532693071934444,368.32660000000004,336.44204999999994,370.74985755542997,1.0196656988661692,1.1162992259736857,1,0.1332893555589672,0.12270214453830727,1.0489663744361921,59.67175446665776,3.122798449448851,1.8943599876177175,1.2284384618311335,368.87800000000004,382.2458870510897,355.5101129489104,0.07247863548953001,0.7503013368408196,6.4171428571428555,0.017086409609774093,0.039755267019185636,0.18892916780240432,186296463.3,1.0215678581805905,373.99,-0.004206938786377996,0
2019-11-08,374.77,377.24,371.53,373.99,373.99,192774711.0,11.0,1.84,-0.004206938786378012,-0.004215812850528929,368.32599999999996,336.87725,371.0584425501509,1.0153776817276001,1.110166982187132,1,0.13473010996325285,0.12023233370193621,0.4830351349389469,56.736104375428084,2.9770197727308414,2.1108919446403425,0.8661278280904989,369.356,382.7378815449987,355.9741184550013,0.07246061547646424,0.6731445605666255,6.1714285714285735,0.01650158713181789,0.022389283761618417,0.012927192996177617,187299105.25,1.0292345536979013,370.7,-0.008797026658466859,0
2019-11-11,371.51,374.41,367.81,370.7,370.7,196326537.0,11.19,1.81,-0.008797026658466822,-0.008835948932465093,368.24739999999997,337.3139,371.02430516442223,1.0066601963788475,1.0989763540725717,1,0.1391803872727794,0.1215931883037475,0.20908867926168126,51.0988211186077,2.566429416068843,2.201999438926043,0.3644299771427999,369.6775,382.8522507716429,356.5027492283571,0.07127699560620948,0.5388052881296997,6.017142857142862,0.016231839377239984,0.014060619323777113,0.018424750744406415,187251547.75,1.0484641614931591,369.43,-0.003425950903695662,0
2019-11-12,368.34,371.18,366.59,369.43,369.43,184689390.0,11.11,1.98,-0.0034259509036956848,-0.003431832911649059,368.0492,337.74415,370.8724665773344,1.0037516723307645,1.09381613271466,1,0.13991139939728953,0.12077048159123788,-0.16513523610510247,49.07190503300908,2.1141842145123633,2.184436394043307,-0.07025217953094387,369.837,382.9133975402917,356.76060245970825,0.07071438249962216,0.4844376098527768,5.912142857142864,0.01600341839358705,0.005415850206836437,-0.059274447447723255,188676327.3,0.978868905511073,367.05,-0.006442357144790611,0
2019-11-13,366.73,368.92,364.86,367.05,367.05,188988812.0,14.8,1.86,-0.006442357144790578,-0.006463198688247094,367.86799999999994,338.1551,370.50842214139783,0.9977763763088936,1.085448659505653,1,0.14091299360385678,0.12089773866267023,-0.5637749743678175,45.43467914736596,1.5459102336403134,2.0567311619627087,-0.5108209283223952,369.76000000000005,382.8853599449455,356.6346400550546,0.07099394171846574,0.39676473590956957,5.803571428571432,0.015811391986300046,-0.004340160043401542,0.023279204073390458,188581230.1,1.0021613068266861,371.82,0.012995504699632152,1
2019-11-14,373.15,375.29,369.68,371.82,371.82,198931432.0,12.23,1.8,0.012995504699632177,0.01291178764528073,367.8632,338.5855,370.6333343184076,1.0107561724032195,1.0981568909477812,1,0.1463421401981563,0.12180524567652028,-0.48545271474981977,52.96008592053185,1.4635769411207207,1.9381003177943112,-0.47452337667359057,369.96950000000004,383.08546451898707,356.853535481013,0.07090295021049883,0.5705438016682104,5.9214285714285735,0.015925524639418466,-0.014001591089896626,0.05260956929027105,188888779.6,1.0531670140559266,374.53,0.007288472917002796,1
2019-11-15,375.53,376.99,373.08,374.53,374.53,210707540.0,13.05,1.88,0.007288472917002853,0.007262040355902737,367.90740000000005,339.03409999999997,371.00444533570214,1.0180007251824779,1.1046971381344826,1,0.14774137575339572,0.12218499936920695,-0.06076114657445695,56.62052476774597,1.5985741969402056,1.8701950936234901,-0.2716208966832845,370.3685,383.5318994569536,357.20510054304634,0.07108271603507373,0.6580708696469582,5.965000000000003,0.015926628040477408,-0.01563814129520613,0.059196819133137346,189103881.3,1.1142422807585175,374.92,0.001041305102395117,1
2019-11-18,373.38,376.73,371.57,374.92,374.92,158286646.0,15.74,1.88,0.0010413051023951958,0.0010407633203114053,367.931,339.48515,371.3773553037305,1.0189954094653617,1.1043782032881262,1,0.14707136867737994,0.12162269297869326,-0.22103254976286957,57.13744636279912,1.7172350190558063,1.8396030787099533,-0.12236805965414699,370.802,383.9653647914107,357.63863520858933,0.07099942714103584,0.656418972830968,5.980000000000006,0.015950069348127614,-0.014820264872818956,-0.24878508856398784,186541294.15,0.8485340831436491,379.24,0.011522458124399853,1
2019-11-19,379.64,381.71,377.18,379.24,379.24,186043559.0,11.58,1.83,0.011522458124399781,0.011456580171473224,368.0346,339.96115,372.12617860813714,1.030446593880032,1.1155392314680663,1,0.15118145603865668,0.12261431230302655,-0.12232836283440741,62.47201656165425,2.1352486543993336,1.8987321938478297,0.236516460551504,371.7245,384.51423186008236,358.9347681399176,0.0688129615349431,0.7938099125698875,6.097142857142862,0.016077267316588078,0.0021139414438220427,0.17535852645459427,186659095.55,0.9967023490166054,379.86,0.0016348486446577486,1
2019-11-20,377.61,382.86,374.64,379.86,379.86,196241653.0,12.84,1.88,0.0016348486446577937,0.0016335137343318406,368.25,340.44455,372.86273302640984,1.0315274949083504,1.1157764164531347,1,0.13861688688941254,0.12053182855835644,0.29985665327456773,63.18027948157199,2.487877586313516,2.016561272340967,0.47131631397254914,372.8485,384.20071800726134,361.49628199273866,0.06089453495042032,0.8088163033297261,5.903571428571435,0.015541440079427775,0.013987507340772032,0.05481562519452776,186977965.5,1.0495442737074814,378.0,-0.0048965408308324476,0
2019-11-21,378.05,380.61,375.44,378.0,378.0,176435418.0,14.41,1.79,-0.004896540830832463,-0.004908568164502522,368.4246,340.90864999999997,373.3519965477041,1.025990121180833,1.1088014340498549,1,0.13450911655526837,0.12005068056913833,0.37711185577606227,59.54931510837275,2.587425865319574,2.1307341909366886,0.45669167438288527,373.688,383.8356895996432,363.54031040035676,0.05431102737907599,0.7124621549046568,5.90000000000001,0.015608465608465636,0.006470165348670065,-0.1009277831551898,186845092.15,0.9442871416625539,382.47,0.011825396825396897,1
2019-11-22,384.65,387.2,379.93,382.47,382.47,222795468.0,9.0,1.8,0.011825396825396961,0.011756023198553022,368.74760000000003,341.38995,374.22037782887514,1.0372135303389094,1.120331749660469,1,0.13539258311371707,0.11914034975484644,1.2161727132945044,64.7868253747369,2.992514393141164,2.303090231377584,0.6894241617635801,374.5215,384.67964586273524,364.36335413726476,0.05424599582511613,0.8912377370100358,6.102142857142866,0.015954565997706657,0.022674403058905446,0.26275931740644043,189346920.3,1.1766521876722595,384.34,0.004889272361230809,1
2019-11-25,383.24,387.35,380.24,384.34,384.34,181380327.0,9.0,1.72,0.004889272361230823,0.004877358686140351,369.06559999999996,341.88595000000004,375.18415136898227,1.0413866803083247,1.1241760592969672,1,0.1307866758652585,0.11940234263321559,1.4040994464736039,66.72771315576719,3.424962505900112,2.5274646862820895,0.8974978196180223,375.4605,385.60267556855257,365.3183244314475,0.05402526001284041,0.9377512467144882,6.260000000000011,0.016287661965967662,0.03679525222551927,-0.1858886151131225,188519778.75,0.9621288981064009,381.98,-0.0061403965239110085,0
2019-11-26,381.02,384.29,378.71,381.98,381.98,191777377.0,14.37,1.76,-0.006140396523910963,-0.0061593262892724225,369.3092,342.35954999999996,375.83137504812686,1.0343094620984261,1.1157276027497993,1,0.1337421577385554,0.11967446232041824,0.991297338415014,62.07738361044305,3.536482109846304,2.7292681709949327,0.8072139388513713,376.1875,385.9876887737017,366.3873112262983,0.052102681634427654,0.7955300215618487,6.207142857142868,0.016249915851989285,0.03397125301139603,0.05732181748685461,189598035.0,1.0114945389597525,381.89,-0.00023561443007495634,0
2019-11-27,382.76,385.44,379.21,381.89,381.89,202230386.0,14.73,1.91,-0.00023561443007491523,-0.00023564219151549462,369.59159999999997,342.82805,376.4083869483053,1.03327564803962,1.1139403558139422,1,0.13351213899361475,0.11752034619352737,0.6038596654292485,61.90021578836003,3.5763737413158196,2.89868928505911,0.6776844562567095,376.8495,386.28791305796807,367.4110869420319,0.05009115340709247,0.7670205239098802,6.31357142857144,0.01653243454547498,0.04043045906552223,0.05450595457878227,190447352.85,1.061870291047209,379.97,-0.005027625756107673,0
2019-11-28,378.21,382.29,375.9,379.97,379.97,182152516.0,18.66,1.9,-0.005027625756107712,-0.005040306787990066,369.8538,343.2771,376.74758819132387,1.027351888773348,1.1068900314061147,1,0.13549288580445593,0.11798071201749984,0.37584697169740067,58.091262429154014,3.413709079460716,3.0016932439394313,0.41201583552128485,376.993,386.5341598103431,367.4518401896569,0.05061717225687378,0.6560082871747311,6.362142857142869,0.01674380308219825,0.021919208219030706,-0.09928216227604891,190800755.9,0.9546739746433048,376.73,-0.008526988972813666,0
2019-11-29,376.01,379.28,373.46,376.73,376.73,160184971.0,13.9,1.82,-0.008526988972813676,-0.008563551738519292,370.0974,343.70195000000007,376.7459131254835,1.0179212283036845,1.0960950323383383,1,0.11502448259947953,0.11656321396482758,-0.34329173274193403,52.24852958050443,2.9889010500362474,2.999134805158795,-0.010233755122547539,376.80550000000005,386.20445957289013,367.40654042711,0.04988759226107439,0.49598359797643,6.355714285714299,0.016870741076405647,0.005874028782741236,-0.12059973412609903,188704031.7,0.8488688320907772,379.59,0.0075916438828868334,1
2019-12-02,380.27,382.27,377.6,379.59,379.59,184998545.0,15.55,1.89,0.0075916438828869115,0.007562972372298331,370.3934,344.14795,377.01677854210413,1.024829276115611,1.10298492261831,1,0.11376585182165821,0.11627852745525485,0.21005443288146713,56.41569767235248,2.8501608440765267,2.9693400129423413,-0.11917916886581459,376.757,386.08412196825566,367.42987803174435,0.04951266714742339,0.6518689263949834,6.423571428571437,0.016922393710507223,0.012455990611330403,0.15490575579652854,186752707.65,0.990607029627182,385.12,0.01456835006190898,1
2019-12-03,384.39,386.01,383.51,385.12,385.12,210515209.0,13.01,1.8,0.01456835006190893,0.014463251165479857,370.74299999999994,344.6257,377.7885139190466,1.03877888456424,1.1175022640505337,1,0.12459582419959753,0.11762267720807477,1.0695155606355964,63.117849825439436,3.150120388192704,3.005496087992414,0.14462430020028982,377.091,387.1236139743382,367.05838602566183,0.05321057237808153,0.9001449681826068,6.555714285714296,0.01702252359190459,0.015504693597721664,0.13792899830644623,188792357.6,1.1150621332142314,381.79,-0.008646655587868675,0
2019-12-04,381.52,384.1,379.21,381.79,381.79,186604335.0,14.24,1.79,-0.008646655587868701,-0.008684254809539143,371.0686,345.0776,378.1696078315183,1.0288933097545845,1.1063888238471578,1,0.1269476483526761,0.11905887871559637,0.7427427310079655,57.39440466663176,3.08359159354643,3.0211151891032175,0.06247640444321245,377.44950000000006,387.6217811704514,367.2772188295487,0.05390009084883888,0.7133493916730784,6.389285714285726,0.016735078745608124,0.005080819249197122,-0.11358264380793504,190118965.55,0.9815135194964245,383.72,0.005055135021870679,1
2019-12-05,384.58,387.99,380.32,383.72,383.72,177687399.0,17.67,1.81,0.005055135021870605,0.005042400724524113,371.39880000000005,345.5313,378.69821660946894,1.0331751206519784,1.1105216806697398,1,0.12183730177521773,0.11922818049110608,0.7835426036170562,59.67663690057411,3.150287363056691,3.0469496238939127,0.10333773916277833,377.85699999999997,388.3598639703245,367.35413602967543,0.05559173957500719,0.7791143451817826,6.567857142857155,0.017116275260234428,0.015132275132275108,-0.04778525643576281,189487611.55,0.937725677929682,382.4,-0.003440008339414286,0
2019-12-06,382.88,385.93,379.35,382.4,382.4,208699263.0,9.0,1.79,-0.003440008339414269,-0.0034459387725007244,371.72180000000003,345.97700000000003,379.05076740856714,1.0287263216738969,1.105275784228431,1,0.12274934536782497,0.1194774662795641,0.6383797499762977,57.411505309301205,3.0613420273390375,3.049828104582938,0.011513922756099415,378.27750000000003,388.801877466284,367.75312253371607,0.05564368732613567,0.6958548148102339,6.6692857142857225,0.01744060071727438,-0.0001830208905274633,0.17453046290581353,190283839.15,1.096778706653502,381.52,-0.0023012552301255114,0
2019-12-09,381.82,384.89,378.45,381.52,381.52,186711439.0,14.53,1.79,-0.0023012552301254763,-0.0023039071872772675,372.0596,346.4154500000001,379.28593241727503,1.025427108990065,1.1013365599022789,1,0.12192766549246083,0.11635003982521269,1.0333830309846743,55.88848785482409,2.886568991921024,3.0171762820505554,-0.13060729012953143,378.8185,388.8012604557049,368.83573954429505,0.052704714556858066,0.6353082652514644,6.644285714285725,0.017415301201210227,-0.007337253473487015,-0.10535650046833178,189803084.25,0.9837113013088459,380.36,-0.003040469700146698,0
2019-12-10,379.97,383.6,376.73,380.36,380.36,183572185.0,18.84,1.85,-0.0030404697001467085,-0.0030451013187253397,372.3718,346.8333,379.38822456801074,1.0214522152321954,1.0966651702705594,1,0.11766918083850722,0.1165717578210922,0.9104626766890028,53.86018056341881,2.6242075654035375,2.938582538721152,-0.31437497331761444,379.365,388.3283487633155,370.40165123668453,0.04725448453753959,0.5555038092189809,6.547857142857152,0.017214894160419478,-0.004241059741347697,-0.016813399418982522,189747224.0,0.9674564988629294,378.48,-0.004942685876538004,0
2019-12-11,378.9,381.35,376.03,378.48,378.48,195115481.0,14.21,1.8,-0.004942685876538011,-0.0049549413483508525,372.691,347.24625,379.30172699010495,1.0155329750383026,1.089946975669284,1,0.11854296667667419,0.11582740764988292,1.0217940920415758,50.651765661619855,2.2387767319165732,2.7986213773602366,-0.5598446454436634,379.93649999999997,386.8069470857502,373.0660529142497,0.03616629139728434,0.39400253126067825,6.55857142857144,0.017328713349639188,-0.008929272827253865,0.06288150898242018,190053557.45,1.0266341952127453,379.02,0.001426759670259891,1
2019-12-12,378.88,381.55,376.36,379.02,379.02,205988128.0,17.63,1.82,0.0014267596702599583,0.001425742815771358,373.04119999999995,347.6546000000001,379.27489584819017,1.0160271841287236,1.090220005718319,1,0.11525650420827158,0.11535253678254771,0.8748897646048847,51.54462949425405,1.9543648056014717,2.629770063008484,-0.6754052574070122,380.29650000000004,386.0380357380913,374.55496426190876,0.03019504906343432,0.38883636202765726,6.272142857142869,0.01654831633460733,-0.002500197384004088,0.055724163681302175,190406392.25,1.0818341000313765,377.24,-0.004696322093820835,0
2019-12-13,377.76,379.72,375.28,377.24,377.24,234179986.0,11.93,1.84,-0.0046963220938208705,-0.00470738446297992,373.4082,348.05449999999996,379.0810962436006,1.010261692164232,1.0838532471207816,1,0.10926666918098933,0.11562156292684643,0.5829146180664423,48.43382102646091,1.5672686832110116,2.4172697870489896,-0.850001103837978,380.432,385.7097052429801,375.15429475701995,0.027745853361263978,0.19759584390930887,6.081428571428587,0.016120847660451135,0.0013537546784168075,0.1368615670899247,191580014.55,1.2223612496849556,378.37,0.002995440568338446,1
2019-12-16,377.81,380.54,375.64,378.37,378.37,206976631.0,13.42,1.8,0.0029954405683383367,0.002990963175187498,373.6904,348.4607000000001,379.0133727918291,1.0125226658217605,1.0858326347849268,1,0.10699943734342213,0.11512638564187669,0.8804037939286083,50.477151405257686,1.3362700838086994,2.201069846400932,-0.8647997625922326,380.60450000000003,385.3191333228176,375.88986667718245,0.024774448661564374,0.2630250491115966,6.029285714285733,0.015934893660400486,-0.003213994046207702,-0.11616430363950914,194014513.8,1.0668100388271056,378.65,0.0007400163860770482,1
2019-12-17,378.45,381.46,375.64,378.65,378.65,212797199.0,13.58,1.73,0.0007400163860771247,0.0007397427089600046,373.96840000000003,348.85515,378.97876585927395,1.0125187047889606,1.0854075108250516,1,0.10698558530427422,0.11497085298314623,0.9937178953976322,50.99532517142998,1.162396308393113,1.9933351387993683,-0.8309388304062553,380.575,385.3327681632187,375.8172318367813,0.02500305150472949,0.29769926420758863,6.000000000000016,0.0158457678595009,-0.01679995845450777,0.02812186077180856,195352195.8,1.0893002667748872,378.44,-0.000554601875082476,0
2019-12-18,377.31,381.64,374.12,378.44,378.44,183645591.0,9.0,1.71,-0.0005546018750824944,-0.0005547557235881598,374.26980000000003,349.2382,378.92745482505734,1.0111422294825818,1.083615709850755,1,0.09919414856055549,0.1141561494666532,1.2022747994602092,50.56796774534547,0.9961715976442065,1.793902430568336,-0.7977308329241295,380.504,385.34828866107085,375.6597113389292,0.02546248481518251,0.28696562646302565,6.080714285714298,0.016067842420764977,-0.008774457162314397,-0.13699244227364105,194722392.7,0.943114905551384,376.45,-0.0052584293415072645,0
2019-12-19,376.41,378.73,374.14,376.45,376.45,174547308.0,10.58,1.78,-0.00525842934150722,-0.005272303540112174,374.5126,349.60105000000004,378.69150674648046,1.005173123681286,1.0767988254039853,1,0.10055570183624006,0.11475962241950223,0.9899834142219025,46.58399732778623,0.6958397405315395,1.5742898925609767,-0.8784501520294372,380.4265,385.48434757633754,375.3686524236624,0.026590406169519056,0.10689799958480498,5.943571428571439,0.015788475039371603,-0.018946106536015916,-0.04954261602719334,194627987.2,0.8968253256436082,375.35,-0.002922034798777968,0
2019-12-20,374.44,377.41,372.38,375.35,375.35,193590798.0,10.76,1.76,-0.0029220347987779505,-0.002926312277119816,374.731,349.94275,378.3732680087204,1.0016518515948776,1.0726040188002182,1,0.09967450623240064,0.11399463190390721,0.6203830654179688,44.49712055514028,0.36485791811531953,1.3324034976718455,-0.967545579556526,380.0705,385.5105831069686,374.63041689303134,0.028626705345215324,0.06613714282974603,5.907142857142873,0.01573769243943752,-0.01843619246861916,0.10910216959633656,193167753.7,1.002190035820663,377.76,0.006420674037564854,1
2019-12-23,376.49,380.14,374.12,377.76,377.76,194375473.0,15.56,1.77,0.006420674037564744,0.0064001493181912224,375.0008,350.2946,378.3148615316994,1.007357850969918,1.0784065754938843,1,0.09290780563392612,0.11393441507018193,1.049825083417463,49.80288373704897,0.293634462739476,1.1246496906853716,-0.8310152279458956,379.7415,384.8820274151065,374.60097258489344,0.027073824773394515,0.30726685801886877,5.878571428571441,0.015561656683003605,-0.00985531557978614,0.004053266002860267,193817511.0,1.0028788007704836,379.5,0.0046060991105464025,1
2019-12-24,379.79,382.6,376.7,379.5,379.5,173626027.0,15.68,1.77,0.0046060991105463245,0.004595523498481775,375.2660000000001,350.6461,378.42773186201373,1.011282663497359,1.082287810986633,1,0.09270296465068259,0.1139278739217441,1.0484887667940161,53.27577616899932,0.3732897673568232,0.9743777060196619,-0.6010879386628387,379.6175,384.6491634269696,374.5858365730304,0.02650912261398037,0.48832394076096847,5.877857142857157,0.015488424618859438,-0.0022610158796929625,-0.10674930164671548,192909943.5,0.9000366899179565,377.33,-0.005718050065876195,0
2019-12-25,377.57,378.96,375.93,377.33,377.33,189432345.0,14.31,1.89,-0.0057180500658762234,-0.005734460701946941,375.4408,350.9884,378.32318597039335,1.0050319517750868,1.0750497737247156,1,0.09239521441310274,0.1144459616673749,0.935416050315697,48.74628653758666,0.2583383420016503,0.8311698332160596,-0.5728314912144093,379.38950000000006,384.400802908656,374.37819709134413,0.026417720620326664,0.29451451670011275,5.585000000000012,0.014801367503246529,-0.0030384696681463597,0.09103657022573008,192270041.45,0.9852410888945591,378.0,0.0017756340603716004,1
2019-12-26,378.89,379.71,377.19,378.0,378.0,199488058.0,15.56,1.69,0.0017756340603716225,0.0017740594858500062,375.6482,351.32880000000006,378.2924063541654,1.0062606449332114,1.0759152110501613,1,0.09274811022958233,0.11403317152814524,1.1565622625591716,50.15537282170884,0.2187799507177033,0.7086918567163885,-0.48991190599868517,379.29100000000005,384.33161775664644,374.25038224335367,0.026579158253863623,0.37194029951291924,5.2950000000000115,0.014007936507936539,-0.0026911508627512903,0.05308340030315306,193136818.55,1.03288466434149,380.42,0.0064021164021164445,1
2019-12-27,379.92,382.44,377.91,380.42,380.42,198806884.0,13.09,1.66,0.006402116402116409,0.0063817099051072645,375.92560000000003,351.68105,378.4950343204353,1.0119555571634387,1.0817187903641665,1,0.09411427827716602,0.11462051019648326,1.3630413113434818,54.97076904481937,0.37834212335036455,0.6426219100431837,-0.26427978669281915,379.4755,384.38997475377187,374.56102524622816,0.025901407357043632,0.5960936871920044,5.158571428571439,0.01356020038003112,0.008429646909129396,-0.0034146104124187504,195067914.2,1.019167528475065,376.41,-0.010540981020976791,0
2019-12-30,376.87,378.42,374.87,376.41,376.41,201325037.0,16.5,1.77,-0.01054098102097678,-0.010596930684976863,376.12880000000007,352.01045000000005,378.29645962325105,1.0007476162420956,1.0693148456246113,1,0.09665736622119396,0.116022614018334,1.1942104783837493,46.88754113149059,0.1791575905314744,0.5499290461408419,-0.37077145560936753,379.3165,384.41760111954045,374.2153988804596,0.026896278540622317,0.21511052887371918,5.064285714285725,0.013454174209733334,-0.005180114702539762,0.012666326986946697,195884238.8,1.0277755792570689,378.26,0.004914853484232528,1
2019-12-31,378.89,380.93,376.22,378.26,378.26,197591882.0,13.52,1.73,0.004914853484232484,0.0049028150205901394,376.4782,352.3409,378.29298727817957,1.0047328105584865,1.0735625639827793,1,0.09441924097742505,0.11612510904475096,1.4584871589450459,50.50362460454326,0.16863799825989645,0.47367083656465286,-0.3050328383047564,378.97349999999994,383.29440280529747,374.6525971947024,0.02280319233553861,0.4174362358321711,5.020714285714291,0.0132731832224245,-0.0010299749108675371,-0.018542924693464746,195238072.45,1.012056099102304,375.67,-0.006847142177338273,0
2020-01-01,376.17,379.23,372.61,375.67,375.67,306127348.0,26.14,0.62,-0.0068471421773382835,-0.006870691413544327,376.844,352.66565,378.043178965972,0.9968846525352666,1.0652299139425685,1,0.08046893792505681,0.11601584720458506,1.475370343053453,45.80208590036982,-0.048135334696610244,0.3693096023124003,-0.41744493700901053,378.66749999999996,383.01530464871104,374.3196953512889,0.022963706411031286,0.15528580026659522,5.122857142857149,0.013636588343112701,-0.007319522249233601,0.5492911191564034,201214223.1,1.521400144004035,379.59,0.010434690020496603,1
2020-01-02,378.65,382.47,375.78,379.59,379.59,306006739.0,25.34,0.63,0.010434690020496573,0.010380624422517915,377.21160000000003,352.9853,378.1904952549271,1.0063052143677447,1.0753705607570627,1,0.08514292387572144,0.1140990628668767,1.343276527777438,52.94241299977679,0.09528311195799688,0.31450430424151965,-0.21922119228352277,378.46099999999996,382.1391454137113,374.78285458628864,0.01943738146705527,0.6534740844037705,5.2914285714285745,0.013939852397135265,0.008341081152875462,-0.00039398309490468186,207630190.1,1.4738065733726842,376.46,-0.008245738823467415,0
2020-01-03,376.63,380.78,372.31,376.46,376.46,294018350.0,27.71,0.67,-0.008245738823467463,-0.008279922973250115,377.4248,353.29864999999995,378.0256861830293,0.997443729187907,1.0655574257076839,1,0.08712204618235764,0.11547584590489055,0.9967701065032041,47.55506233962178,-0.04312446530076386,0.24297855033306295,-0.2861030156338268,378.164,381.4402520306923,374.88774796930767,0.01732714922987728,0.2399467464229431,5.54642857142857,0.014733115261723875,0.0029572399094177637,-0.039176879042523316,211896144.45,1.3875587531956153,367.95,-0.02260532327471708,0
2020-01-06,368.35,371.66,364.64,367.95,367.95,346233563.0,24.95,0.53,-0.022605323274717093,-0.022864740523423906,377.4726,353.58104999999995,377.0660970227408,0.9747727384716135,1.0406383486897843,1,0.11500955091162816,0.12414242109680569,0.3224356354031784,36.63863159928459,-0.8299324022949577,0.028396359807458804,-0.8583287621024165,377.4855,382.813509305368,372.15749069463203,0.028228948160148436,-0.3948464100839828,5.974999999999999,0.016238619377632827,-0.025968869123252913,0.17759168092739785,219872250.65,1.5747033196614981,360.52,-0.020192961000135908,0
2020-01-07,360.53,363.75,357.3,360.52,360.52,315235381.0,28.44,0.58,-0.0201929610001359,-0.020399625684398983,377.3342,353.81190000000004,375.49027825867023,0.9554395016407206,1.0189595092759738,1,0.13149597112973999,0.13057710566760017,-0.38969406163926573,30.134469014209103,-2.0296260007685305,-0.3832081123077391,-1.6464178884607914,376.4935,385.6094277034719,367.37757229652806,0.04842541878384468,-0.3761313450050808,6.198571428571427,0.01719341902965557,-0.05001317523056659,-0.08952968548574824,226455410.45,1.3920417285397653,361.63,0.003078886053478347,1
2020-01-08,359.37,365.08,355.95,361.63,361.63,311065071.0,23.17,0.63,0.0030788860534782803,0.0030741559902100514,377.19379999999995,354.03780000000006,374.17025175784454,0.9587379219912948,1.0214446028079485,1,0.1329729011918333,0.13073234854425544,-0.3036604986542311,32.07447902080399,-2.8578802331820725,-0.8781425364826058,-1.9797376966994666,375.651,386.86665616261854,364.4353438373815,0.05971317080262623,-0.12506374110355464,6.522857142857139,0.018037378378058067,-0.041608141414676725,-0.013229193965381691,232252889.95,1.3393377842013803,363.82,0.006055913502751425,1
2020-01-09,364.0,366.31,361.51,363.82,363.82,298746138.0,23.25,0.65,0.006055913502751364,0.0060376501556509065,376.9282,354.26599999999996,373.1845134951927,0.9652236155320827,1.0269684361468503,1,0.13571965659672786,0.1313057694109639,-0.10296592085165046,35.858766600275175,-3.2995280764327504,-1.3624196444726349,-1.9371084319601155,374.89099999999996,387.15629017830724,362.6257098216927,0.06543390040451527,0.048685769390555474,6.5064285714285655,0.017883647329527144,-0.0375132275132275,-0.039602430965320456,236890790.45,1.2611133486130846,360.11,-0.010197350338079213,0
2020-01-10,362.5,366.22,356.41,360.11,360.11,350000000.0,27.72,0.72,-0.010197350338079225,-0.010249699500950423,376.5208,354.46684999999997,371.93932173374577,0.9564146256992974,1.015920106492328,1,0.1381415144502865,0.1324048858565898,-0.5719983018616048,32.550342365379336,-3.9039014228379187,-1.8707160001456917,-2.033185422692227,374.0345,387.89748133805034,360.1715186619496,0.07412675214726609,-0.002218810674531237,6.777142857142853,0.018819646377892456,-0.05338836023342619,0.17156326218349305,242681791.15,1.442217804399125,364.21,0.011385410013606859,1
2020-01-13,363.82,367.22,360.82,364.21,364.21,296216759.0,25.78,0.66,0.011385410013606823,0.011321084024405705,376.19379999999995,354.68660000000006,371.2031958543414,0.9681446105704029,1.0268501826683047,1,0.14579115440451598,0.13378500088970535,-0.4160166469426061,39.223843075708935,-4.005858871755436,-2.297744574467641,-1.708114297287795,373.3265,387.6943343604981,358.95866563950193,0.07697195007833407,0.18274620337888065,6.863571428571423,0.018845093293900286,-0.032411466220344964,-0.15366640285714284,247143797.55,1.1985603601485162,356.7,-0.02061997199417916,0
2020-01-14,355.92,360.12,352.5,356.7,356.7,307495161.0,24.87,0.61,-0.020619971994179198,-0.020835531992679627,375.759,354.87705,369.8219391063089,0.9492786599921758,1.005136849508865,1,0.1587244769403974,0.13984067185306892,-0.911725923281475,32.81861036311379,-4.6391775696623085,-2.7660311735065743,-1.8731463961557342,372.229,388.15366065077325,356.3043393492267,0.08556378278280564,0.012422891119555211,7.444999999999993,0.020871881132604412,-0.05699783217892451,0.03807482749482105,251878695.65,1.220806548193668,357.22,0.0014578076815251995,1
2020-01-15,357.62,359.94,354.91,357.22,357.22,322277144.0,28.23,0.57,0.0014578076815252583,0.0014567461114918287,375.411,355.0675,368.6217544295176,0.9515437746896069,1.0060622276046105,1,0.15894304009556118,0.13979797924021886,-0.7846803793809553,33.62682268582233,-5.041017830761291,-3.221028504957518,-1.819989325803773,371.168,388.14324215780056,354.19275784219946,0.09146931932577602,0.089166390958385,7.624285714285707,0.021343389827797172,-0.04911225277504194,0.04807224592389603,258810273.3,1.2452254691854228,352.06,-0.014444879905940386,0
2020-01-16,352.39,354.37,350.09,352.06,352.06,325503726.0,24.48,0.59,-0.014444879905940344,-0.014550222858511297,374.94079999999997,355.23794999999996,367.04444448384925,0.9389748995041352,0.9910540244925973,1,0.16376617775680852,0.14260351143445224,-1.1499478632772124,29.796207572376787,-5.7100263791350585,-3.7188280797930267,-1.9911982993420319,369.9485,388.73386415180624,351.1631358481938,0.10155664451541467,0.023871353904419614,7.809999999999998,0.02218371868431517,-0.0725256197476224,0.010011823860521796,266358094.2,1.2220530672350787,349.7,-0.006703402829063267,0
2020-01-17,350.95,354.42,346.25,349.7,349.7,331763810.0,25.5,0.59,-0.006703402829063232,-0.0067259715484960765,374.455,355.38394999999997,365.3925926282446,0.9338905876540572,0.984006171353546,1,0.16405083407754398,0.14017814537724968,-0.93414416434083,28.213203368608475,-6.357368958298082,-4.246536255494037,-2.1108327028040446,368.666,389.3091152279874,348.0228847720126,0.11198816938872251,0.04062166028296356,7.9971428571428556,0.022868581232893495,-0.0710832492163842,0.019231988760706198,273266744.8,1.2140658031507388,350.77,0.003059765513297092,1
2020-01-20,349.45,353.96,346.28,350.77,350.77,346633148.0,29.5,0.66,0.003059765513297119,0.0030550939576164345,374.0564,355.53520000000003,363.9999647588879,0.9377462863888975,0.9865971076844148,1,0.1655960318777082,0.1391447538448723,-0.579994568445871,30.028300853364883,-6.706741418231502,-4.7385772880415304,-1.9681641301899715,367.3165,388.9609934288065,345.67200657119355,0.11785200734923448,0.1177665221285288,8.209285714285715,0.02340361408981873,-0.04669112651175433,0.044819047623066544,280879628.55,1.2340985702289728,347.41,-0.009578926362003469,0
2020-01-21,348.17,350.53,345.05,347.41,347.41,323857758.0,29.85,0.64,-0.009578926362003415,-0.009625099372283666,373.616,355.67715000000004,362.4199681151843,0.9298584643055973,0.9767565895082099,1,0.16318061540095616,0.13855748284622527,-1.1669496646882727,27.662957590799266,-7.1720703664046255,-5.22527590371415,-1.9467944626904758,365.712,388.2911805361572,343.1328194638428,0.12348066531093023,0.09471514099489238,8.144999999999998,0.02344492098673037,-0.03636414068567617,-0.06570459326065381,288391215.1,1.1229806632206252,346.37,-0.002993581071356669,0
2020-01-22,346.99,349.36,344.0,346.37,346.37,296519461.0,29.93,0.56,-0.0029935810713567212,-0.0029980707976507226,373.20239999999995,355.8157,360.891399723262,0.9281022844440444,0.9734533917418484,1,0.16026936328291444,0.1359715964471787,-1.6494299388268683,26.95519970632722,-7.537874295982988,-5.687795582167917,-1.850078713815071,364.164,387.6176545463412,340.71034545365876,0.1288081993073276,0.12065613346179978,8.042142857142855,0.02321835856784033,-0.0421978265077565,-0.08441451941379774,293745570.9,1.0094431725098056,352.13,0.01662961572884485,1
2020-01-23,351.98,355.8,348.31,352.13,352.13,310503460.0,25.29,0.61,0.016629615728844804,0.016492857741729875,372.8086,355.97670000000005,360.05698070199895,0.9445329319119784,0.9891939556718177,1,0.17571555321051288,0.14038471425149446,-1.103539550327427,36.626166860199824,-7.2790839354419745,-6.006053252822729,-1.273030682619246,362.8705,385.9619451919492,339.7790548080508,0.12727099718431553,0.26743551754802936,8.110714285714286,0.023033295333298173,-0.03213127370677804,0.04716047625622788,299296341.0,1.037444891449575,350.14,-0.005651321954959842,0
2020-01-24,350.49,352.69,347.95,350.14,350.14,320387066.0,29.08,0.68,-0.005651321954959876,-0.005667351093955838,372.32079999999996,356.13230000000004,359.1125063494276,0.94042556848825,0.9831739496810594,1,0.17493286127812033,0.14026376810680274,-1.4109904092028265,34.90665901184798,-7.152121870226779,-6.2352669763035395,-0.9168548939232393,361.3565,383.5565818158794,339.1564181841206,0.12287080385059057,0.24737705713714148,7.605000000000002,0.021719883475181362,-0.02768598483796625,0.031830904557392126,305375350.1,1.0491582437648754,355.11,0.014194322271091641,1
2020-01-27,356.21,360.25,351.08,355.11,355.11,350000000.0,23.63,0.65,0.01419432227109163,0.014094526129125694,371.9246,356.32015000000007,358.7313152685297,0.9547902988939156,0.9966037564813551,1,0.18245674120926225,0.14319741238577446,-1.0762546258599848,42.20450473143278,-6.574677267904633,-6.303149034623758,-0.2715282332808746,360.2915,381.4711011840626,339.11189881593737,0.11756925258577477,0.3776771112131077,7.566428571428576,0.021307281043700756,-0.024985585239284958,0.09242861882570508,312809098.25,1.1188932865382217,350.38,-0.013319816394919935,0
2020-01-28,351.29,353.67,348.0,350.38,350.38,290538404.0,23.73,0.67,-0.01331981639491997,-0.013409320826236073,371.3474,356.4799,357.93595190962213,0.9435369683482367,0.9828885162950282,1,0.18410999028388458,0.13727080106726164,-2.1773745085792533,37.854721577821564,-6.424660245938185,-6.327451276886643,-0.09720896905154142,358.89750000000004,378.72432805005565,339.0706719499444,0.11048741242276898,0.28520265624986463,7.422142857142863,0.02118312362903951,-0.01771797028315114,-0.16989027428571424,317456424.35,0.9152071960581193,353.83,0.009846452423083477,1
2020-01-29,352.62,357.21,349.25,353.83,353.83,336045088.0,20.12,0.66,0.009846452423083463,0.009798291991968393,370.8268,356.6524,357.54490887061047,0.9541651250664731,0.9920864124284597,1,0.18765529571149098,0.13754584729815197,-2.145890158997508,42.508989486744476,-5.958696365526407,-6.253700294614597,0.29500392908818984,357.80550000000005,376.0883841154535,339.5226158845466,0.10219453929803954,0.39127809443830885,7.647857142857147,0.021614496065503624,-0.009489950170763262,0.15662880835540083,318952311.35,1.0535903833951006,361.91,0.02283582511375531,1
2020-01-30,362.8,365.64,359.09,361.91,361.91,318148501.0,30.18,0.73,0.02283582511375526,0.022578990330822904,370.505,356.8692,357.96063183531425,0.9768019324975372,1.0141250631884176,1,0.20734069020307583,0.1456374489661031,-1.4039571154830823,51.64331900417679,-4.881161173004102,-5.979192470292498,1.0980312972883954,356.92150000000004,372.23854695326656,341.6044530467335,0.08582865954123588,0.6628414411262641,7.790714285714289,0.021526662114100988,0.0279781855365564,-0.05325650526991188,319559399.45,0.9955848632447416,350.44,-0.031692962338703064,0
2020-01-31,350.38,353.77,347.05,350.44,350.44,329662034.0,23.84,0.66,-0.03169296233870311,-0.03220605433230427,369.86440000000005,357.03215000000006,357.2443811843319,0.947482374621618,0.9815362566088235,1,0.22673989450889528,0.15799425938407274,-1.9543637728265566,41.550925516255205,-4.896298430452362,-5.762613662324471,0.8663152318721092,355.6205,368.1089072137719,343.1320927862281,0.07023446181385368,0.2925876410171963,8.344285714285718,0.023810882645490576,0.002116099513869152,0.03618917883884665,321341583.65,1.0258928528810094,337.11,-0.03803789521744089,0
2020-02-03,337.19,342.12,332.19,337.11,337.11,350000000.0,54.68,0.64,-0.03803789521744083,-0.03878022121024228,368.9198,357.12410000000006,355.3268210715384,0.9137758396269324,0.9439575766519257,1,0.25587993329897146,0.17353001553726097,-2.4223130713620593,33.385341269301065,-5.915721655741436,-5.7932352610078635,-0.12248639473357237,354.0785,367.7196008584983,340.4373991415017,0.07705128020176193,-0.12196226594522953,8.811428571428577,0.026138140581497365,-0.038942897055050274,0.06169338262349,321529905.5,1.088545712274344,341.67,0.013526742012992797,1
2020-02-04,341.75,346.98,336.44,341.67,341.67,350000000.0,52.72,0.61,0.013526742012992754,0.0134360723664487,368.1136,357.2532,354.0261714456776,0.9281645665903134,0.956380516675568,1,0.2553798475329152,0.17597339396620928,-2.137749430730308,37.882516325429535,-6.283238750703106,-5.891235958946913,-0.3920027917561928,353.136,367.48936072878644,338.7826392712136,0.08129083825351008,0.10058134757580052,9.205000000000009,0.026941200573652964,-0.016522264759218253,0.0,323268136.45,1.082692540760616,336.18,-0.01606813592062519,0
2020-02-05,336.02,341.45,330.76,336.18,336.18,350000000.0,56.74,0.68,-0.01606813592062517,-0.016198628149121277,367.1994,357.3686,352.3265360698988,0.9155243717718493,0.9407093964047205,1,0.25234360695970587,0.178314938792492,-2.374717920066253,34.83350300136935,-6.937524352160722,-6.1004936375896754,-0.8370307145710463,351.8635,367.501260339038,336.22573966096195,0.0888853793530366,-0.0014624748035783454,9.475000000000007,0.028184306026533424,-0.029419406992522434,0.0,325214882.9,1.0762115093841544,338.06,0.005592242251174952,1
2020-02-06,339.27,343.95,333.4,338.06,338.06,350000000.0,54.06,0.55,0.005592242251174939,0.005576663716783495,366.36120000000005,357.49954999999994,350.96781834895603,0.9227505532791135,0.9456235679177779,1,0.253280271130517,0.17828582683213534,-2.0511479603384837,36.712006541055246,-7.221109659830859,-6.324616842037912,-0.8964928177929465,350.57550000000003,366.3098920659283,334.8411079340718,0.08976321543224429,0.10228841547670056,9.645000000000007,0.028530438383718885,-0.039956834123761054,0.0,327777576.0,1.06779726749825,327.6,-0.03094125303200609,0
2020-02-07,327.52,333.15,321.97,327.6,327.6,350000000.0,51.74,0.66,-0.030941253032006122,-0.031430042543117286,365.3786,357.5788,348.7423118395316,0.8966042346212942,0.9161616963869224,1,0.26843387695091625,0.18779637580106395,-2.5322229201836923,31.304968432710467,-8.195415987380557,-6.698776671106441,-1.4966393162741154,348.95,367.0728823082319,330.8271176917681,0.10387094029620274,-0.08903433893109759,10.245714285714289,0.031275074132216994,-0.06437425029987998,0.0,327777576.0,1.06779726749825,325.9,-0.005189255189255328,0
2020-02-10,324.8,330.68,320.03,325.9,325.9,350000000.0,56.1,0.67,-0.005189255189255282,-0.0052027661353985935,364.30480000000006,357.64445,346.56685356910003,0.8945805819742148,0.9112401995892847,1,0.26773510816686413,0.1876881431547839,-2.505970717866344,30.518261426692504,-9.000978882328297,-7.159217113350812,-1.8417617689774852,347.03450000000004,366.4205323836281,327.648467616372,0.1117239489651443,-0.045096066635159866,10.597857142857151,0.032518739315302705,-0.08225620230351172,0.0,330466738.05,1.0591081028767397,321.23,-0.01432954894139294,0
2020-02-11,320.85,326.11,315.98,321.23,321.23,350000000.0,51.42,0.61,-0.014329548941392933,-0.014433208381460283,363.02700000000004,357.66875,344.1538198958524,0.8848653130483407,0.8981215160675905,1,0.26316323244202555,0.18687798880148307,-3.100698540192105,28.40638565012837,-9.902078257203812,-7.707789342121413,-2.1942889150823985,345.26099999999997,367.24032511774874,323.2816748822512,0.12732005710280114,-0.04667283620432307,10.938571428571436,0.03405214777128984,-0.08319538786460412,0.0,332591980.0,1.0523404683420208,332.96,0.036515892039971236,1
2020-02-12,333.14,337.74,328.37,332.96,332.96,350000000.0,52.91,0.64,0.0365158920399713,0.0358649851832688,362.0504,357.74045,343.0877418105331,0.9196509657218994,0.9307306456398765,1,0.29518450537983426,0.2015108187896228,-2.294396999420785,39.69471712236665,-9.559497103534113,-8.078130894403953,-1.4813662091301598,344.048,365.92589328836215,322.17010671163786,0.12717930805177508,0.24659351670426077,11.444285714285721,0.03437135305828244,-0.05898312749060286,0.0,333978122.8,1.0479728344649526,333.35,0.0011713118692937387,1
2020-02-13,334.58,338.54,329.42,333.35,333.35,350000000.0,49.73,0.73,0.0011713118692937563,0.0011706264187448783,361.04299999999995,357.81415,342.16033782857755,0.9232972249842818,0.9316288917025781,1,0.29513031880680823,0.2015184006112637,-2.2908243112689415,40.0332627141793,-9.151041816715633,-8.29271307886629,-0.8583287378493427,343.1125,365.1474118923898,321.0775881076102,0.128441324010787,0.27847653650818227,11.757142857142863,0.03526966508817418,-0.0789146472879998,0.0,335202936.5,1.0441435974711397,334.8,0.004349782510874422,1
2020-02-14,335.41,340.52,329.69,334.8,334.8,350000000.0,51.44,0.71,0.004349782510874478,0.004340349551251251,360.09100000000007,357.89355,341.45935327347496,0.9297649760754919,0.9354736904311352,1,0.2932206535209573,0.20009896064038865,-2.4495688127313264,41.35153918965254,-8.611072098362513,-8.356384882765536,-0.25468721559697727,342.3675,364.4720571629141,320.2629428370859,0.129127660556855,0.3288248901673274,11.808571428571431,0.035270523980201404,-0.04462960849218123,0.0,336114746.0,1.0413110527438745,326.81,-0.023864994026284374,0
2020-02-17,325.98,333.33,319.48,326.81,326.81,350000000.0,55.45,0.7,-0.023864994026284392,-0.024154376342433483,358.9968,357.94239999999996,340.06417677123926,0.9103423763108752,0.9130239949220881,1,0.302403968872142,0.20471507863465496,-2.8916689453025164,36.57956506407813,-8.72726594183672,-8.430561094579772,-0.29670484725694735,341.16949999999997,363.9436039225212,318.3953960774787,0.13350609548892559,0.18474061484402382,12.395000000000001,0.037927236008690066,-0.03055382516092675,0.0,336283088.6,1.0407897746422683,318.1,-0.026651571249349713,0
2020-02-18,320.47,325.92,312.68,318.1,318.1,350000000.0,50.09,0.72,-0.026651571249349693,-0.02701316351778831,357.75160000000005,357.94615,337.97235041207364,0.8891644370004215,0.8886811605600452,0,0.3122026612460229,0.21038087170834563,-3.2266170640795835,32.21518034382639,-9.413659797073365,-8.62718083507849,-0.7864789619948738,339.704,364.47213861650545,314.93586138349457,0.14582188385437045,0.0638751798314994,12.835714285714289,0.040351192347419955,-0.06898469283226505,0.0,337590200.7,1.0367599511901353,310.26,-0.0246463376296763,0
2020-02-19,310.51,315.34,305.43,310.26,310.26,350000000.0,51.3,0.71,-0.024646337629676274,-0.02495514311891339,356.3872,357.91215000000005,335.3330789442571,0.8705699868008727,0.8668607645758881,0,0.3195911875618199,0.2128139996486945,-3.8744275453438113,28.8755572576125,-10.469567691665361,-8.995658206395866,-1.4739094852694947,337.8985,365.6995043552028,310.0974956447972,0.16455239875359326,0.0029226346128289455,12.897142857142862,0.04156882246226669,-0.07710155273960384,0.0,340264227.65,1.0286123887228438,312.28,0.006510668471604402,1
2020-02-20,313.48,318.22,307.56,312.28,312.28,350000000.0,54.99,0.78,0.006510668471604308,0.006489565615904929,355.0524,357.88295,333.1375476162326,0.8795321479308406,0.8725757960808135,0,0.32209552306308153,0.21308985948005893,-3.8382757117234934,30.864213801231458,-11.016395042793931,-9.39980557367548,-1.616589469118452,335.906,365.09008391031523,306.7219160896848,0.17376339755900963,0.09522457390302802,12.597142857142861,0.04033925597906642,-0.07625865231024087,0.0,342239054.65,1.0226769716797428,304.72,-0.024209043166388965,0
2020-02-21,304.59,309.49,299.82,304.72,304.72,350000000.0,53.64,0.72,-0.024209043166388944,-0.02450689908174139,353.602,357.82335,330.4311145099248,0.8617598316751603,0.8515933909846857,0,0.319033770384756,0.21712878789118595,-4.0989826534155736,27.738307378332706,-11.92235498977169,-9.904315456894722,-2.018039532876969,333.63500000000005,365.13249229784395,302.13750770215614,0.18881407704676964,0.04099520484650883,12.183571428571431,0.03998284139069123,-0.06984126984126982,0.0,343719701.35,1.0182715701931933,305.49,0.0025269099501180814,1
2020-02-24,305.98,311.05,300.42,305.49,305.49,350000000.0,59.98,0.65,0.0025269099501181724,0.0025237226813351814,352.1444,357.76009999999997,328.05577027088435,0.8675134405090639,0.8538962282266805,0,0.32061656262264837,0.21736713951254383,-4.042731760034925,28.532241609608874,-12.434860874272488,-10.410424540370276,-2.0244363339022122,331.154,363.33864910318016,298.96935089681983,0.1943787428391804,0.1013006089047988,12.190000000000001,0.03990310648466398,-0.06262657256827242,0.0,343719701.35,1.0182715701931933,327.76,0.07289927657206449,1
2020-02-25,328.59,333.01,323.34,327.76,327.76,350000000.0,59.58,0.81,0.07289927657206441,0.07036458838693176,351.12659999999994,357.7893,328.0276016736573,0.9334524926337112,0.9160698768800519,0,0.41765928649283307,0.2655857071714058,-2.1344388206740175,46.753602279674645,-10.918164790912499,-10.51197259047872,-0.4061922004337788,330.023,360.92723994075715,299.1187600592429,0.1872853706600054,0.46338690087830103,13.376428571428571,0.04081165661285261,0.020328113812533077,0.0,346692781.15,1.009539335774543,335.92,0.024896265560166053,1
2020-02-26,337.15,343.09,330.01,335.92,335.92,350000000.0,52.83,0.75,0.02489626556016611,0.024591403137322332,350.2762,357.85875,328.7792586571185,0.9590146290270364,0.938694387101056,0,0.4271921198148346,0.2707159705651053,-1.599512551065414,51.62085053376332,-8.954506437386442,-10.200479359860264,1.2459729224738219,329.1275,358.1050055226616,300.1499944773384,0.176086808440945,0.6172029799816758,13.71785714285714,0.040836678801075076,0.0088899567515619,0.0,347390526.75,1.0075116419391537,328.98,-0.020659680876399134,0
2020-02-27,330.02,335.6,323.42,328.98,328.98,350000000.0,56.39,0.71,-0.020659680876399134,-0.02087607773192573,349.3268,357.88714999999996,328.79837688025003,0.9417542541826165,0.9192283098177737,0,0.42989686249489256,0.27267410851802076,-2.001772690203289,47.63286168522591,-7.867600246590939,-9.733903537206398,1.866303290615459,327.481,352.01739779678746,302.9446022032125,0.14984929077847292,0.5305464561645178,13.46142857142857,0.04091868372371746,-0.013109344532773348,0.0,348983101.7,1.002913889798808,341.43,0.037844245850811566,1
2020-02-28,342.32,348.11,335.66,341.43,341.43,350000000.0,56.87,0.68,0.037844245850811475,0.03714572131789592,348.64840000000004,357.9682,330.0013886059405,0.979296047249894,0.953799806798481,0,0.444218614692423,0.28227081003767907,-1.6032484162619645,54.43376347984687,-5.933213911960934,-8.973765612157306,3.0405517001963727,327.0305,350.0776612363155,303.9833387636845,0.14094808426886807,0.8123920523560674,14.067142857142853,0.04120066443236638,0.019802867383512446,0.0,350000000.0,1.0,333.33,-0.023723750109832242,0
2020-03-02,333.02,338.79,327.56,333.33,333.33,350000000.0,53.51,0.77,-0.023723750109832298,-0.02400968969788123,347.7598,358.01155000000006,330.31839921489853,0.9585064173604885,0.9310593471076559,0,0.4384177139477698,0.2853605897005307,-1.7966626013197224,49.893778582625814,-4.996207935690052,-8.178254076863857,3.182046141173805,326.8415,349.60082778121364,304.08217221878635,0.13926828619464793,0.642545949988762,14.334285714285711,0.04300328717572889,0.019950429913405232,0.0,350000000.0,1.0,305.88,-0.08235082350823505,0
2020-03-03,305.35,310.66,300.58,305.88,305.88,350000000.0,51.26,0.75,-0.08235082350823508,-0.08594012208800264,346.2874,357.9133,327.9909326230034,0.8833125317294248,0.8546203787341795,0,0.5059553027614061,0.3270789128034883,-2.6359151644634484,38.25070784932918,-6.394893191481344,-7.821581899787354,1.4266887083060098,325.052,348.51929917409336,301.5847008259067,0.14439104619581572,0.09151669184717223,15.494285714285711,0.050654785256589875,-0.03841559258094951,0.0,350000000.0,1.0,291.89,-0.045736890283771446,0
2020-03-04,292.18,297.09,286.98,291.89,291.89,350000000.0,54.97,0.84,-0.04573689028377148,-0.04681584921042421,344.5786,357.74314999999996,324.55274856366975,0.847092651720101,0.8159205843633904,0,0.5213084550205909,0.33787061319810757,-3.0520233292719863,33.90779833249549,-8.53386433842337,-7.964038387514558,-0.5698259509088128,322.8375,349.95788570988094,295.717114290119,0.1680126113589466,-0.07055788827985049,16.19285714285714,0.055475888666474155,-0.059208405853155455,0.0,350000000.0,1.0,269.56,-0.07650142176847437,0
2020-03-05,270.31,274.82,265.07,269.56,269.56,350000000.0,54.57,0.75,-0.07650142176847441,-0.07958601888758397,342.4098,357.4584499999999,319.3153439385583,0.7872438230447844,0.7541016305531456,0,0.5739917709794718,0.3675896786998165,-3.6122466124394097,28.370862019614947,-11.893754959663795,-8.749981701944407,-3.1437732577193884,319.4125,354.5538769463334,284.27112305366666,0.22003758116055788,-0.2093134124471507,17.334999999999997,0.06430850274521441,-0.13680030741642113,0.0,350000000.0,1.0,263.73,-0.02162783795815397,0
2020-03-06,263.56,267.68,259.61,263.73,263.73,350000000.0,53.91,0.73,-0.021627837958153928,-0.02186514754681923,340.07599999999996,357.15160000000003,314.0215016586957,0.7755031228313672,0.7384259233333967,0,0.5725178602521825,0.3690163620745678,-3.799279403369645,27.125454522195298,-14.855677754542569,-9.97112091246404,-4.8845568420785295,316.219,359.0046089430973,273.4333910569027,0.27060745206936976,-0.11339550022174841,16.95142857142857,0.0642756932143805,-0.13451693357836703,0.0,350000000.0,1.0,261.68,-0.007773101277822057,0
2020-03-09,262.52,266.34,257.87,261.68,261.68,350000000.0,56.11,0.82,-0.007773101277822048,-0.007803469301068478,337.7814,356.83244999999994,309.0365967388199,0.7747022186538394,0.7333413763238182,0,0.5680237462827048,0.3690415791154624,-3.829276833512436,26.681921423187617,-17.17050982740153,-11.41099869545154,-5.759511131949992,313.008,361.93320590280274,264.0827940971972,0.3126131338665239,-0.024555789319989474,16.547142857142852,0.06323426649779446,-0.14340894955645034,0.0,350000000.0,1.0,276.54,0.056786915316417046,1
2020-03-10,277.74,282.12,272.17,276.54,276.54,350000000.0,53.12,0.82,0.05678691531641711,0.05523309273034354,335.74700000000007,356.58015,305.9416827636942,0.8236559075732619,0.7755339157269411,0,0.6134312029579301,0.3893585016761491,-3.0603236447734483,34.98115339091834,-17.603036268218034,-12.64940621000484,-4.953630058213195,310.7735,362.1388863690537,259.40811363094633,0.33056477704108234,0.16676489344202075,17.102142857142848,0.06184328797693949,-0.1562728825970221,0.0,350000000.0,1.0,277.62,0.0039054024734215087,1
2020-03-11,276.86,282.73,271.77,277.62,277.62,350000000.0,52.12,0.79,0.0039054024734215265,0.003897796186491276,333.786,356.3147,303.24437964334237,0.8317305099674642,0.7791427072753383,0,0.6139660890562897,0.38973805285506435,-2.96863356558935,35.552138743251575,-17.655152012239967,-13.650555370451865,-4.004596641788101,308.0065,360.2935656341665,255.7194343658335,0.3395192350420964,0.20942622585848794,17.12357142857142,0.061679891321127514,-0.1735532269587997,0.0,350000000.0,1.0,272.99,-0.016677472804552968,0
2020-03-12,272.3,276.64,268.66,272.99,272.99,350000000.0,55.27,0.82,-0.016677472804553006,-0.016818107669529722,331.654,356.01315,300.3630101535003,0.8231168627545575,0.7667975185748055,0,0.594676733552781,0.3901745433816709,-3.166597055712625,34.16687372273567,-17.86412985143386,-14.493270266648265,-3.3708595847855936,304.98850000000004,358.0780919128575,251.89890808714262,0.34814159820900364,0.19863678691746395,16.87357142857142,0.06181021806136276,-0.17019271688248527,0.0,350000000.0,1.0,279.35,0.02329755668705818,1
2020-03-13,279.23,282.97,275.61,279.35,279.35,350000000.0,55.96,0.79,0.02329755668705813,0.023030311427724253,329.7118,355.71619999999996,298.3617710912622,0.8472550876250108,0.7853170589363095,0,0.6041865773561532,0.39408117933670206,-2.9058637075735354,37.754724228381924,-17.316928673008192,-15.058001947920252,-2.2589267250879406,302.216,354.53640897957047,249.89559102042955,0.3462451291751419,0.2814810659334682,16.827142857142853,0.06023677414405889,-0.18182350701461492,0.0,350000000.0,1.0,254.66,-0.08838374798639707,0
2020-03-16,254.9,258.95,250.61,254.66,254.66,350000000.0,52.06,0.81,-0.08838374798639703,-0.09253615375986832,327.446,355.30305,294.1996976539991,0.7777160203514472,0.7167402587734611,0,0.6634073289858408,0.42817228563939613,-3.4946678358531504,30.748783534913798,-18.66043853409343,-15.778489265154889,-2.8819492689385413,298.6085,353.6667406566952,243.5502593433048,0.3687653945317084,0.10089080693539514,16.91428571428571,0.06641909100088632,-0.23601236012360116,0.0,350000000.0,1.0,254.78,0.00047121652399279257,1
2020-03-17,254.37,258.77,250.38,254.78,254.78,350000000.0,57.32,0.86,0.00047121652399284564,0.0004711055363513753,325.33119999999997,354.8783,290.44544073457064,0.7831403812484017,0.7179362615296567,0,0.6633266933081549,0.42836072869169123,-3.4392865681186335,30.815979900800983,-19.490818755352848,-16.52095516319448,-2.9698635921583687,295.4425,353.0066419361232,237.87835806387682,0.3896808477854631,0.1468070344445637,16.418571428571425,0.06444215177239747,-0.16705897737674902,0.0,350000000.0,1.0,260.13,0.020998508517152032,1
2020-03-18,261.18,265.34,255.99,260.13,260.13,350000000.0,50.57,0.84,0.020998508517152015,0.020781078375537936,323.30120000000005,354.47625,287.5582559027068,0.8046057360752139,0.7338432405556085,0,0.6696163873176492,0.43167573984885255,-3.1908837404544874,33.89565977870549,-19.49250333035269,-17.11526479662612,-2.377238533726569,292.936,352.12616290958476,233.7458370904152,0.4041166869854353,0.22287624845419612,16.279999999999994,0.06258409256910004,-0.10880811264517454,0.0,350000000.0,1.0,243.83,-0.06266097720370578,0
2020-03-19,244.14,248.06,239.92,243.83,243.83,350000000.0,53.55,0.8,-0.06266097720370578,-0.06471024489853842,320.9014,353.96450000000004,283.39366010244896,0.7598284083522228,0.6888543907651755,0,0.6935621833534937,0.44584293079436815,-3.708928893351549,29.575928988792953,-20.571971264265926,-17.806606090154084,-2.7653651741118424,289.5135,351.82755494074286,227.19944505925722,0.4304742607203297,0.13344144396014737,16.357142857142854,0.06708420972457389,-0.09545184745511204,0.0,350000000.0,1.0,252.51,0.03559857277611442,1
2020-03-20,252.54,256.38,248.67,252.51,252.51,350000000.0,54.35,0.88,0.035598572776114334,0.03497959073295396,318.74940000000004,353.504,280.452359140311,0.7921897264747791,0.7143059201593193,0,0.7096754599048324,0.45323699268466533,-3.3745889973897847,34.37233920068847,-20.490848178137924,-18.343454507750852,-2.1473936703870713,286.90299999999996,350.88683680767815,222.91916319232178,0.4460311450731096,0.23123681138715346,16.262857142857136,0.06440480433589615,-0.04254351040837234,0.0,350000000.0,1.0,253.61,0.004356263118292435,1
2020-03-23,252.52,258.25,247.91,253.61,253.61,350000000.0,53.41,0.7,0.004356263118292514,0.004346802070704915,316.5374,353.0572,277.8959439840909,0.8012007427874243,0.7183255291210603,0,0.708910508628151,0.4537135428251078,-3.281811733675535,34.97673523573856,-20.106026977574516,-18.695969001715586,-1.4100579758589298,284.309,349.31838325794945,219.2996167420506,0.4573149865654676,0.26388793077413186,14.662142857142852,0.05781374100840996,-0.030839192907367696,0.0,350000000.0,1.0,247.53,-0.023973818067110967,0
2020-03-24,246.55,250.68,243.42,247.53,247.53,350000000.0,53.59,0.93,-0.023973818067110964,-0.02426586717793769,314.35400000000004,352.58529999999996,275.00394931893936,0.7874243687053448,0.7020428815381697,0,0.7100182745038739,0.4548691628801456,-3.499642817338483,33.15899579974999,-20.060414618414256,-18.96885812505532,-1.0915564933589366,280.2975,343.90386739890283,216.69113260109717,0.4538489811623429,0.24241965592262674,14.039999999999997,0.0567203975275724,-0.10490344977218491,0.0,350000000.0,1.0,251.41,0.015674867692804895,1
2020-03-25,251.62,255.17,247.86,251.41,251.41,350000000.0,59.68,0.74,0.015674867692804906,0.015553285828106266,312.2378,352.1562,272.7569065266594,0.8051875845909752,0.7139161542520052,0,0.6521634959732173,0.45629639316455683,-3.4070893098251296,35.463977002691706,-19.486554056469174,-19.072397311338094,-0.4141567451310806,276.072,335.18996506717906,216.95403493282095,0.4282793261682816,0.2914170424145468,12.669999999999998,0.05039576786921761,-0.0944096246668108,0.0,350000000.0,1.0,271.75,0.08090370311443461,1
2020-03-26,270.01,275.93,265.85,271.75,271.75,350000000.0,52.87,0.8,0.08090370311443462,0.07779745338885105,310.6316,351.83315000000005,272.6610106669775,0.8748305066194167,0.7723831594606704,0,0.7173890188940437,0.4882453153724153,-2.434656998188079,45.98063606157709,-17.19231510843281,-18.696380870757036,1.5040657623242275,273.2105,326.83020394900495,219.59079605099512,0.3925156899080281,0.48638093934763765,13.710714285714285,0.05045341043501117,-0.004542290926407566,0.0,350000000.0,1.0,271.31,-0.001619135234590608,0
2020-03-27,272.14,275.58,267.88,271.31,271.31,350000000.0,61.1,0.83,-0.001619135234590563,-0.001620447450672654,309.0638,351.51495,272.5323429844083,0.8778446391974731,0.7718306148856542,0,0.7165410666471824,0.48789770769046503,-2.489667304470733,45.806739343066575,-15.234010347339563,-18.00390676607354,2.7698964187339783,269.7045,312.6499147910918,226.75908520890817,0.31846272339491993,0.5186923331313864,13.655714285714286,0.05033251367702733,-0.028781098979774544,0.0,350000000.0,1.0,271.57,0.0009583133684714566,1
2020-03-30,271.44,275.72,267.29,271.57,271.57,350000000.0,56.09,0.83,0.0009583133684714085,0.0009578544793649559,307.4798,351.19445,272.4406912716075,0.8832124907067065,0.7732753179897917,0,0.6978562124303415,0.48801382406047994,-2.4251658961007596,45.9368530608631,-13.505378294091656,-17.104201071677167,3.598822777585511,266.6165,297.48132260983874,235.75167739016118,0.23152972610264572,0.5802450748225062,12.797857142857143,0.04712544516278361,0.06640226183931519,0.0,350000000.0,1.0,264.61,-0.025628751334830724,0
2020-03-31,267.18,272.15,259.69,264.61,264.61,350000000.0,55.23,0.9,-0.02562875133483078,-0.025962889168353535,305.8238,350.83329999999995,271.69491115050204,0.865236780132874,0.7542328507584658,0,0.6983624122437134,0.4888068563042262,-2.716433052754125,42.963169873934575,-12.552343172098688,-16.19382949176147,3.641486319662782,264.553,289.2714994434697,239.83450055653032,0.18686992355691487,0.5011529825997169,12.904999999999998,0.048769887759343926,0.03858230630347759,0.0,350000000.0,1.0,262.11,-0.009447866671705529,0
2020-04-01,263.92,266.15,259.9,262.11,262.11,332970655.0,27.19,0.8,-0.009447866671705496,-0.009492780883544643,304.1386,350.43549999999993,270.78206246950185,0.861811029576647,0.7479550445089042,0,0.6469675364281133,0.48884280446731276,-2.7261120238636622,41.91361764104166,-11.862046786809628,-15.327472950771103,3.4654261639614745,263.064,284.1731612937673,241.95483870623275,0.1604868875535005,0.47740317610915484,12.71142857142857,0.048496541800879665,0.007611578825971632,-0.0486552714285714,349148532.75,0.9536647694819792,265.81,0.01411621075121128,1
2020-04-02,265.67,268.15,263.32,265.81,265.81,325492606.0,32.32,0.87,0.014116210751211389,0.014017504865717408,302.4122,350.04290000000003,270.30853271050165,0.8789658618270031,0.7593640665187038,0,0.6343630073105857,0.48906378625731906,-2.424649130225102,44.09052309652767,-10.890879569995548,-14.440154274615992,3.5492747046204443,262.87649999999996,283.80858896457823,241.9444110354217,0.15925416661054637,0.5700718405218442,12.429999999999994,0.04676272525488129,0.09014477299758017,-0.02245858272405421,347923163.05,0.9355301416169969,263.27,-0.0095556976787932,0
2020-04-03,263.19,264.89,261.58,263.27,263.27,343328783.0,23.52,0.83,-0.009555697678793162,-0.009601646306271978,300.6748,349.64265,269.63819626188246,0.875597156795315,0.7529687811255291,0,0.5773567424444676,0.48815399288419814,-2.3420861678982097,42.90186198082563,-10.208502068845007,-13.593823833461796,3.385321764616789,262.85350000000005,283.7826509370862,241.92434906291388,0.1592457466764303,0.5099502364128867,10.67928571428571,0.04056400544796487,0.042612173775296025,0.05479748747349422,347589602.2,0.9877418105345155,264.17,0.003418543700383766,1
2020-04-06,264.96,266.89,262.25,264.17,264.17,322276966.0,23.2,0.87,0.003418543700383747,0.0034127137626877046,298.856,349.25579999999997,269.1174156655127,0.8839374146746259,0.756379707938995,0,0.5722996107197993,0.4881759220192208,-2.3392759202664726,43.48327303287466,-9.48574474379717,-12.772208015528872,3.2864632717317015,262.978,283.9073826197065,242.04861738029354,0.15917211796900796,0.5284767119300782,10.411428571428567,0.03941185059404386,0.04163873664287676,-0.06131678450041278,346203450.5,0.930888948491286,263.04,-0.004277548548283285,0
2020-04-07,264.39,266.43,261.01,263.04,263.04,293704307.0,24.11,0.86,-0.0042775485482833275,-0.0042867234324308525,297.1092,348.8555,268.5386141735591,0.8853310499977787,0.7540084648228278,0,0.5717751466966883,0.48770473568838263,-2.426356097851505,42.89271109568683,-8.901524677234931,-11.998071347870084,3.0965466706351528,262.303,282.2378888555762,242.3681111444238,0.15199893905521633,0.5184851795467967,10.044285714285712,0.038185392770246775,0.06265907162768158,-0.08865870668523046,343388665.85,0.85531159356406,265.45,0.009162104622870924,1
2020-04-08,264.14,267.53,262.08,265.45,265.45,338859088.0,26.08,0.87,0.009162104622870926,0.009120387161865277,295.34159999999997,348.48114999999996,268.24446044274396,0.8987897404226157,0.7617341712744005,0,0.535756809882012,0.4883489580088705,-2.264633380492956,44.62021012305122,-8.150109813948461,-11.22847904108576,3.0783692271372995,261.6945,280.36356642155937,243.02543357844064,0.1426783246991284,0.600580819484966,8.989999999999997,0.03386701827086079,0.05584503400819374,0.1537423181199722,342831620.25,0.9884125850261328,267.33,0.00708231305330569,1
2020-04-09,265.9,270.19,263.05,267.33,267.33,304409765.0,21.69,0.84,0.0070823130533057554,0.007057351263057705,293.45,348.09235,268.15736897200645,0.9109899471800988,0.7679858520303591,0,0.5362658622052264,0.4878606491260377,-2.3022400194004184,45.99268482012577,-7.318544210929758,-10.446492075054561,3.1279478641248026,261.4115,279.52288318993317,243.30011681006678,0.13856607830844406,0.6633917171667564,8.603571428571426,0.03218333680683585,-0.016264949402023943,-0.10166267991608358,340552108.5,0.8938713265961177,271.89,0.017057569296375277,1
2020-04-10,271.39,274.45,268.83,271.89,271.89,330932323.0,26.06,0.85,0.017057569296375252,0.016913722442061838,291.87899999999996,347.71015,268.51285764133917,0.9315161419629368,0.7819443867255529,0,0.536768017460729,0.48859701505382275,-1.990393341285131,49.27632407568862,-6.219869801602556,-9.60116762036416,3.3812978187616043,261.0385,277.85535905337304,244.22164094662693,0.12884581434009643,0.8226375378641477,8.373571428571426,0.030797644005191166,0.002137775975820988,0.0871278160212765,339598724.65,0.9744804646750902,270.61,-0.004707786237081072,0
2020-04-13,271.08,272.82,268.88,270.61,270.61,342540348.0,30.23,0.89,-0.004707786237081124,-0.004718902765924641,290.54900000000004,347.32535,268.7125854850211,0.9313747422982009,0.7791253935251199,0,0.5304180148407548,0.4884814077057492,-2.041456231739,48.38699736863045,-5.390311562937541,-8.758996408878836,3.3686848459412957,261.836,278.89034212343364,244.78165787656638,0.13026735913601256,0.7572365423344826,7.927142857142853,0.029293606508047937,-0.0035350001841145673,0.035076733800947,339225742.05,1.0097710920461673,270.24,-0.0013672813273715107,0
2020-04-14,270.64,273.03,267.85,270.24,270.24,322992040.0,26.38,0.92,-0.0013672813273715168,-0.0013682169093853908,289.1204,346.9575,268.8580535340667,0.9346971019685916,0.7788850219407277,0,0.4248912581112668,0.48803699844568166,-1.9362372221111832,48.116666894540465,-4.708460389477068,-7.9488892049984825,3.2404288155214145,262.609,279.718122097505,245.49987790249497,0.1303011099957721,0.723009689094154,7.751428571428564,0.028683498266091487,0.02127659574468077,-0.057068628890398654,337875344.05,0.9559503103375382,267.2,-0.011249259917110791,0
2020-04-15,268.06,270.55,264.71,267.2,267.2,288817220.0,25.27,0.85,-0.011249259917110788,-0.011313011396999355,287.74080000000004,346.55620000000005,268.7001436736794,0.9286135299547369,0.771014917638178,0,0.42775924045510894,0.48823459070122904,-1.9727813598539066,45.8501267504875,-4.3630959613872164,-7.231730556276229,2.868634594889013,262.9625,280.14794289124916,245.77705710875077,0.13070641548649595,0.6232874830806505,6.417142857142851,0.02401625320786995,0.019419327763152694,-0.10580700378870023,334816205.05,0.8626142213064905,266.18,-0.00381736526946101,0
2020-04-16,265.22,268.96,262.45,266.18,266.18,298931287.0,24.45,0.84,-0.0038173652694609705,-0.0038246700040804773,286.30320000000006,346.14924999999994,268.46012999047184,0.9297136741747908,0.7689746547190267,0,0.42292945027814377,0.4880360015230119,-2.0300084221875263,45.082783158222334,-4.124156925574482,-6.61021583013588,2.486058904561398,264.08,278.7495961986535,249.41040380134652,0.11109963797786983,0.5715766123003846,6.332142857142851,0.023788950549037683,0.001391971709115536,0.035018919578271746,332262769.4,0.8996833666913993,268.23,0.007701555338492792,1
2020-04-17,266.37,271.25,263.37,268.23,268.23,338148028.0,28.25,0.92,0.007701555338492705,0.007672049756926269,285.11580000000004,345.73549999999994,268.43821284852214,0.940775642738845,0.7758242934266225,0,0.35304183542331985,0.4884424779964371,-1.8868950897089567,47.002525214690536,-3.7264222744326503,-6.033457118995234,2.307034844562584,264.86600000000004,278.5787499641363,251.1532500358638,0.10354481106736596,0.622659568947708,6.2928571428571365,0.023460676072240748,0.01883997417100325,0.1311898175449262,331670170.8,1.0195310213890358,271.74,0.013085784587853673,1
2020-04-20,272.44,274.23,263.37,271.74,271.74,312040353.0,23.94,0.89,0.013085784587853588,0.013000905380840996,284.0326,345.3569,268.75266876771053,0.9567211651056956,0.7868381955015232,0,0.3365063617153063,0.4895845629217283,-1.7512288963714684,50.211743214495904,-3.0923404563080226,-5.445233786457792,2.3528933301497696,265.7725,278.7283535845862,252.81664641541374,0.09749581754724428,0.7303013059042806,6.178571428571424,0.022737070098518525,0.02865578983230499,-0.07720782863769948,329772188.45,0.946230045858799,268.9,-0.010451166556267136,0
2020-04-21,268.23,270.77,266.37,268.9,268.9,316392536.0,30.62,0.93,-0.0104511665562671,-0.010506163521358598,282.986,344.96945000000005,268.7667003136429,0.9502236859773981,0.7794893141986919,0,0.3400379940717062,0.48808132790711617,-1.9786631812527473,47.69514368440339,-2.7868650665373593,-4.913560042473706,2.1266949759363465,266.841,276.5901244411176,257.0918755588824,0.07307066336193513,0.6055992264654247,6.115714285714282,0.022743452159591976,0.02227798053527974,0.013947500565736126,328091815.25,0.9643414474052473,272.85,0.014689475641502588,1
2020-04-22,271.2,274.52,269.53,272.85,272.85,328279427.0,30.83,0.85,0.01468947564150258,0.014582630357422128,281.7838,344.59979999999996,269.15558599805786,0.9682955514121111,0.7917880393430293,0,0.327536282046848,0.48946148043376525,-1.8069089904084652,51.34753342079027,-2.20067363504711,-4.370982760988387,2.1703091259412766,267.913,274.8179855367796,261.00801446322043,0.05154647618259513,0.8574953179007735,6.0857142857142845,0.02230424880232466,0.027877189677905534,0.03757007402981216,327005786.6,1.0038948558471779,278.74,0.021586952538024503,1
2020-04-23,278.87,281.09,276.52,278.74,278.74,327185650.0,26.64,0.8,0.021586952538024562,0.02135725405912259,280.6916,344.2571,270.06838733157616,0.9930471734815007,0.8096855518738757,0,0.3306252385017168,0.4907679824973254,-1.7418936634629183,56.2530603064518,-1.2464703923120624,-3.746080287253122,2.4996098949410595,268.2625,276.5536846020482,259.9713153979518,0.0618139665590031,1.1318457796899066,6.372142857142852,0.02286052542563985,0.0426813301911495,-0.0033318475360930577,325865069.1,1.0040525389961166,281.04,0.008251417091196138,1
2020-04-24,281.7,284.31,278.44,281.04,281.04,319878996.0,25.97,0.87,0.008251417091196034,0.008217560266207994,279.61640000000006,343.92945,271.113302823807,1.0050912607415015,0.817144330036291,0,0.1841634347224151,0.49088518273006954,-1.5657682913774278,58.03253084315745,-0.3011946848437219,-3.057103166771242,2.75590848192752,268.74899999999997,278.7571690843546,258.74083091564535,0.07447967497045482,1.1140483786440043,6.4599999999999955,0.022986051807571857,0.03365331567913499,-0.022331829039568207,324359018.9,0.9861880735883556,289.21,0.02907059493310546,1
2020-04-27,289.11,292.16,286.16,289.21,289.21,311348303.0,28.58,0.86,0.029070594933105376,0.028656059875838812,278.8644,343.63315,272.8367977929682,1.0370990345128313,0.8416242728619168,0,0.20658590372223276,0.49442601158800786,-1.3990923136134061,63.68353465851006,1.0945762504644563,-2.2267672833241026,3.321343533788559,269.631,283.17167851833216,256.0903214816678,0.10043858842849648,1.2229696788188942,6.867142857142852,0.02374448621120588,0.0687336018624587,-0.026668499984913052,322426434.05,0.9656413684484626,286.78,-0.008402199094083908,0
2020-04-28,286.39,289.15,284.02,286.78,286.78,309528302.0,28.74,0.89,-0.008402199094083906,-0.008437696546517508,278.23800000000006,343.3358,274.16472181268546,1.0307003356838387,0.8352755523892351,0,0.21033509267128778,0.4918052009634976,-1.660667923738168,61.05041647464568,1.9818090202875283,-1.3850520226017764,3.3668610428893047,270.7395,286.0620990306023,255.41690096939772,0.11319071676312994,1.0234262140169703,6.848571428571424,0.023880924152909634,0.061204854943753606,-0.005845546554978376,320402849.15,0.9660597676367448,282.51,-0.01488946230560005,0
2020-04-29,282.37,284.72,280.16,282.51,282.51,330013229.0,23.99,0.87,-0.014889462305600065,-0.015001423096811534,277.68300000000005,343.01689999999996,274.9595102114773,1.0173831311243393,0.8236037349763233,0,0.194841358222331,0.48898987165474833,-1.5328424997051622,56.62023852347105,2.3137229109433406,-0.645297035892753,2.9590199468360936,271.7595,287.3765156526374,256.1424843473626,0.11493261985380411,0.8441918814155843,6.811428571428564,0.02411039811485811,0.057297904191616844,0.06618111128332305,320254977.85,1.0304702559676386,276.22,-0.022264698594739882,0
2020-04-30,275.91,278.62,273.52,276.22,276.22,324687466.0,24.68,0.94,-0.022264698594739896,-0.02251629854029886,276.9618,342.6632,275.0795568580033,0.9973216523000646,0.8060976492369184,0,0.20980292800120634,0.48539301920007377,-1.414316367317105,50.77514859695041,2.0456358120446794,-0.10711046630526655,2.152746278349946,272.28000000000003,287.75537398578746,256.8046260142126,0.1136724987933788,0.627299023693747,6.944999999999993,0.02514300195496341,0.037718836877301154,-0.016138028818232564,320214720.85,1.0139679560581325,282.74,0.023604373325609954,1
2020-05-01,281.6,284.69,279.66,282.74,282.74,310497249.0,22.69,0.88,0.02360437332560994,0.023330097789103825,276.5222,342.33389999999997,275.80912287152677,1.0224857172407857,0.8259187886446537,0,0.21875834870207322,0.4871769059766641,-1.3264824686780068,55.861629643061875,2.3323979332831755,0.3807912136124219,1.9516067196707536,273.2535,288.79185089129606,257.7151491087039,0.11372846745779452,0.8052608370592499,7.26857142857142,0.02570761628553236,0.05409536591730979,-0.04370423402793133,318573144.15,0.9746497929963693,286.03,0.011636132135530747,1
2020-05-04,285.42,289.51,281.95,286.03,286.03,333936965.0,27.02,0.91,0.011636132135530719,0.011568952984754216,276.13300000000004,342.01045,276.7825397409052,1.0358414242412168,0.8363194750335844,0,0.21568646073394435,0.48719929569627773,-1.0990390769757545,58.20832022172139,2.7929392199140466,0.8632208148727469,1.9297184050412997,274.3465,290.2652255176177,258.4277744823823,0.1160483222316281,0.8669734736679312,7.438571428571423,0.026006263079297362,0.052587031721498256,0.0754908975055042,319156144.1,1.0463121928662253,286.5,0.0016431842813691827,1
2020-05-05,286.94,288.52,284.92,286.5,286.5,312741902.0,27.67,0.91,0.0016431842813691144,0.0016418357311534138,275.30780000000004,341.70120000000003,277.7080121465333,1.0406534068413607,0.8384518403798406,0,0.21583893546674504,0.4870100843571686,-1.1320185272668541,58.547381462856855,3.1594266755944886,1.3224619870170953,1.8369646885773934,275.5195,291.3875725125376,259.6514274874624,0.11518656583276321,0.8459935033217854,7.278571428571419,0.02540513587634003,0.06545184083302358,-0.06347025103974335,320108023.85,0.9769886372687373,288.31,0.006317626527050619,1
2020-05-06,288.59,291.11,285.79,288.31,288.31,300095911.0,22.63,0.91,0.0063176265270505905,0.006297753978891242,274.35560000000004,341.41769999999997,278.7177252754349,1.050862457336391,0.8444494822617574,0,0.21385584202669086,0.48374909173278235,-0.8316472617834721,59.89675814932085,3.554943324055273,1.7689582544247309,1.7859850696305422,276.6625,292.76809088933817,260.5569091106619,0.11642771166515109,0.8615980338495062,7.193571428571419,0.024950821784091495,0.056661169140553413,-0.04043587034269558,318169865.0,0.9431940105327071,284.49,-0.013249627137456187,0
2020-05-07,284.63,288.06,281.06,284.49,284.49,301718012.0,24.86,0.9,-0.013249627137456144,-0.013338186569939707,273.4658,341.09765,279.26746572539344,1.0403129020155355,0.8340426854304039,0,0.2216038436851598,0.4842629266800139,-0.8974186919375595,55.770510195771,3.5195795207234255,2.11908250768447,1.4004970130389554,277.52049999999997,293.35885248609145,261.6821475139085,0.11414185608655514,0.7200197276010973,7.14857142857142,0.02512767207484066,0.020628542727990196,0.0054052752488187306,318035277.35,0.9486935364970762,295.1,0.037294808253365716,1
2020-05-08,294.22,297.59,291.75,295.1,295.1,297872035.0,22.63,0.93,0.03729480825336573,0.03661617838514804,272.5392,340.8247,280.77532613249883,1.0827800184340455,0.8658410027207536,0,0.2507348290576545,0.48976274262599007,-0.46581733170436546,63.32721707691735,4.298145435255719,2.55489509319872,1.7432503420569994,278.681,296.1042438819073,261.2577561180927,0.12504077337059058,0.9711809152852051,7.308571428571416,0.024766423004308424,0.05002846569883301,-0.012746925430491052,316382262.95,0.9414941034386454,296.35,0.0042358522534733985,1
2020-05-11,296.19,298.74,293.8,296.35,296.35,310232824.0,23.75,0.86,0.004235852253473338,0.00422690628495338,271.79960000000005,340.56520000000006,282.2586284055942,1.0903253720756025,0.8701711155455695,0,0.24676222812968798,0.48396751536856947,-0.7382624619384418,64.10530772100611,4.958866360484592,3.0356893466558947,1.9231770138286972,279.968,298.6390015518014,261.2969984481986,0.13337954017412496,0.938701693468628,7.27785714285713,0.024558316662247778,0.02468794301718491,0.04149697704922173,314766886.75,0.985595490056738,297.52,0.003948034418761461,1
2020-05-12,295.57,299.82,293.28,297.52,297.52,336590174.0,27.38,0.97,0.003948034418761459,0.0039402613829672955,271.63239999999996,340.29060000000004,283.7120923669662,1.0953038002830298,0.8743115443094812,0,0.24462677745571945,0.4840589855825233,-0.7152563326203162,64.85690782103248,5.513347240815108,3.5312209254877374,1.9821263153273705,281.332,300.9714271542571,261.69257284574286,0.13961744241101137,0.9121301469727154,7.343571428571416,0.02468261437406365,0.037450310342422855,0.08495990095490358,315446793.45,1.067026772783954,301.28,0.012637805861790774,1
2020-05-13,301.44,303.87,298.84,301.28,301.28,300910834.0,24.17,0.89,0.012637805861790863,0.012558615292027736,271.8202,340.03145000000006,285.38522642725513,1.1083797304247438,0.8860356887576132,0,0.24510595219478173,0.48473836353811833,-0.6459210936800825,67.23155501241428,6.184882434910946,4.0619532273723795,2.122929207538567,283.036,303.41269298100434,262.65930701899566,0.14398658107754736,0.9476683241991185,7.208571428571422,0.023926485092178117,0.06644012601323834,-0.10600232198103321,316051474.15,0.9520943852873341,304.04,0.009160913436006533,1
2020-05-14,305.34,308.66,300.74,304.04,304.04,318298325.0,25.25,0.83,0.009160913436006446,0.009119206788997483,272.50980000000004,339.7695,287.1618715294213,1.1157029949014676,0.8948419443181334,0,0.23782764503552808,0.4829615312641554,-0.3748119292785295,68.89313512568282,6.860701946696452,4.621702971237195,2.238998975459257,284.929,305.7420524835791,264.1159475164209,0.1460929037304455,0.9591109356524943,7.354999999999994,0.024190895934745407,0.1007168199261459,0.057782867997368204,317019826.05,1.0040328674894874,305.73,0.005558479147480587,1
2020-05-15,304.38,307.08,303.03,305.73,305.73,303507936.0,21.93,0.91,0.005558479147480533,0.00554308781087218,273.3498,339.5132,288.9302647170955,1.118457010028908,0.9004951795688652,0,0.23501523678399433,0.4802112800449437,-0.10872236208700323,69.89960314628873,7.446820345426431,5.186726446075042,2.2600938993513893,286.804,308.0352207051688,265.57277929483115,0.1480538674850755,0.945711536370745,6.849999999999994,0.022405390377130126,0.08131145221758507,-0.04646706513457144,315287821.45,0.9626376769143045,303.09,-0.00863507015994519,0
2020-05-18,302.56,306.47,299.18,303.09,303.09,310444591.0,26.47,0.85,-0.008635070159945135,-0.008672568400961436,274.178,339.21575000000007,290.278810934515,1.1054497443266782,0.893502144284279,0,0.24089747709633622,0.4779572122903984,0.024715896250454582,66.29130659749666,7.610567576962183,5.67149467225247,1.9390729047097128,288.3715,309.5489510418887,267.19404895811135,0.1468761721724597,0.8475040497092752,6.999999999999996,0.023095450196311314,0.0596440932769291,0.02285493780301029,315208033.35,0.9848879411499301,305.83,0.009040219076841893,1
2020-05-19,306.13,307.92,304.05,305.83,305.83,288574278.0,25.89,0.93,0.009040219076841938,0.008999600910907308,274.7638,338.90759999999995,291.7598765597993,1.1130651126531224,0.9023993560486694,0,0.239791422957248,0.47812228724601763,0.045819937739020704,68.13012640254541,7.8707049512199205,6.11133672804596,1.7593682231739605,290.218,310.67473081871805,269.761269181282,0.1409749279413926,0.8815858979977708,6.87214285714286,0.022470466785936175,0.06746945898778356,-0.07044836223285977,313817120.45,0.9195619333521292,314.75,0.029166530425399784,1
2020-05-20,315.93,318.44,312.26,314.75,314.75,311140580.0,24.18,1.0,0.02916653042539985,0.028749280905798848,275.5064,338.6452,293.9494121255327,1.1424417000839182,0.9294388345088016,0,0.2452720463061352,0.4789994197205692,0.491368812973502,73.24664425020205,8.696388592576,6.628347100951968,2.0680414916240313,292.313,313.8348900559167,270.7911099440833,0.14725236343127443,1.0212599809004808,7.130714285714289,0.022655168501077964,0.09170684332836188,0.07819928427578016,312960178.1,0.9941858478256023,321.51,0.021477362986497193,1
2020-05-21,321.07,323.96,318.63,321.51,321.51,311610155.0,25.53,0.85,0.021477362986497273,0.021249974468558887,276.4768,338.40205000000003,296.5742300183391,1.16288238289795,0.9500828969564457,0,0.2488321581571132,0.4807464499599781,0.6471923816580281,76.34596114148788,9.783446846144841,7.259367049990543,2.5240797961542976,294.4515,318.6303757520196,270.27262424798045,0.16422993771087904,1.0595483486588566,7.183571428571432,0.022343228604309144,0.13012759675208252,0.0015092052602074801,312181403.35,0.9981701397204639,329.55,0.025006998227115863,1
2020-05-22,328.86,332.67,325.75,329.55,329.55,324455039.0,26.45,0.91,0.02500699822711594,0.024699440105713663,277.4808,338.18870000000004,299.71477954040205,1.1876497400901251,0.9744559767963861,0,0.2514599858653224,0.46087374457150676,0.25939958848110134,79.402293749927,11.165005912660035,8.040494822524442,3.1245110901355932,296.877,324.82925636311853,268.9247436368815,0.1883086689977625,1.0844429797450235,7.440714285714291,0.022578407785508393,0.11674008810572678,0.04122100577883936,312410205.5,1.0385545455556509,327.98,-0.004764072219693501,0
2020-05-25,326.05,329.8,324.25,327.98,327.98,318907415.0,23.96,0.8,-0.004764072219693549,-0.004775456583429365,278.94719999999995,337.9475,302.406705298459,1.1757780683943058,0.9705057738258163,0,0.2553884313178157,0.4583048373910065,0.0019663247457181697,77.3018385647772,11.994945284856783,8.83138491499091,3.1635603698658734,298.81550000000004,329.7475787158613,267.88342128413876,0.20703128663511605,0.9714280644849395,7.580000000000008,0.023111165314958253,0.10673190484224726,-0.017098282760835803,312788161.1,1.0195635726060732,324.25,-0.011372644673455754,0
2020-05-26,324.35,327.34,321.26,324.25,324.25,294028137.0,22.31,0.91,-0.011372644673455778,-0.011437807718746387,280.3366,337.69825,304.4870190795581,1.1566452614464184,0.9601767258195743,0,0.2507420478879132,0.4569746267609675,0.08319405806595791,72.40154532025186,12.210938294015364,9.5072955907958,2.703642703219563,300.689,333.05737176205116,268.3206282379489,0.2152946849531808,0.863950960714667,7.680000000000011,0.023685427910562874,0.08984269965044378,-0.07801410951827503,312013152.85,0.9423581484122681,324.46,0.0006476484194293895,1
2020-05-27,326.44,330.38,320.55,324.46,324.46,333973469.0,30.51,0.84,0.0006476484194293253,0.0006474387856994831,281.6232,337.43899999999996,306.3892077386478,1.1521067866567811,0.9615367518277378,0,0.24630461775180243,0.4505252001027073,-0.24592233168685199,72.50721396548842,12.257759730888722,10.057388418814385,2.2003713120743367,302.78650000000005,335.62814190715704,269.94485809284305,0.2169293671088277,0.8299697996287874,7.864285714285724,0.024238074691135193,0.07693839617631437,0.13585547426707678,312211164.85,1.0697037985827815,325.49,0.0031745053319362313,1
2020-05-28,325.76,327.7,323.55,325.49,325.49,318680303.0,24.42,0.85,0.003174505331936306,0.003169477228236118,283.2564,337.1688,308.20833081115757,1.149100249809007,0.9653621568780979,0,0.2346660827025878,0.4480718386280852,-0.007172707257033786,73.05220237855224,12.236918865408995,10.493294508133308,1.7436243572756869,305.25,337.0768909803287,273.4231090196713,0.20852999823242874,0.817970109171075,7.22500000000001,0.02219730252849553,0.07054992764109991,-0.04579155956846381,311910806.7,1.0217033079796782,331.31,0.017880733663092545,1
2020-05-29,331.29,334.2,328.39,331.31,331.31,318471886.0,25.76,0.82,0.01788073366309262,0.017722753762981144,284.8324,336.94884999999994,310.40848978152354,1.1631752567474767,0.9832649673681927,0,0.21197584544502346,0.41693915463431097,0.9538591177374747,75.95289530047269,12.545411989430193,10.903718004392685,1.6416939850375076,307.6785,339.68504030202746,275.6719596979725,0.2080518482891944,0.8691667355505133,7.4942857142857235,0.022620161523303622,0.08366859647401292,-0.0006540002568028447,312309538.55,1.0197315377513307,324.33,-0.02106788204400718,0
2020-06-01,324.64,326.98,321.99,324.33,324.33,314839308.0,28.53,0.91,-0.021067882044007225,-0.02129297700068032,286.2468,336.70744999999994,311.7343478975689,1.1330432340204326,0.9632397501154193,0,0.22846067183424756,0.40838380971118793,1.215440279662898,66.68232721167978,12.087332106661279,11.140440824846404,0.9468912818148745,309.59350000000006,340.7172220578917,278.4697779421084,0.20106185729216614,0.7367406438704948,7.69285714285715,0.023719227770656895,0.07007819459566478,-0.011406275277937694,311354655.7,1.0111919068374478,332.14,0.024080411926124635,1
2020-06-02,332.13,335.19,329.09,332.14,332.14,305939244.0,34.82,0.92,0.024080411926124645,0.023795050805817352,287.939,336.52945,313.6777433358957,1.1535082083357933,0.9869567135951994,0,0.23582816392007086,0.378227051622594,2.3759973282133764,70.95426294169329,12.213710180199428,11.35509469591701,0.8586154842824172,311.8755,342.5594347473397,281.19156525266027,0.196770408366424,0.8302135167153996,8.015000000000006,0.024131390377551652,0.08602818559330339,-0.02826859217972877,311014522.8,0.9836815375876717,332.21,0.00021075450111396755,1
2020-06-03,331.4,335.01,328.6,332.21,332.21,318811540.0,22.89,0.87,0.00021075450111407434,0.00021073229550410446,289.555,336.35325000000006,315.4427201610485,1.1473122550120012,0.9876818493652133,0,0.23630873551111312,0.37481292272965333,2.6306419760158133,70.99016563053681,12.179120805561809,11.519899917845972,0.6592208877158363,314.0705,343.9260888975768,284.2149111024232,0.19012030036238203,0.8037873421526862,7.90714285714286,0.02380164009856073,0.05547259729944387,0.04207468068398579,311950304.25,1.0219946435586782,331.02,-0.003582071581228734,0
2020-06-04,331.84,334.24,328.62,331.02,331.02,323322797.0,27.12,0.82,-0.0035820715812286963,-0.0035885025617165963,290.7404,336.15984999999995,316.92627062190104,1.1385414617301206,0.9847101014591719,0,0.2392334455443339,0.3743737362821474,2.678507140139235,69.41923142887191,11.918298693745328,11.599579673025843,0.31871902071948455,316.39700000000005,343.6886776209981,289.105322379002,0.17251540072068805,0.7679021825316666,8.019285714285717,0.024225985482102946,0.029579173276103266,0.014150231199284713,313030543.5,1.0328793905697575,327.15,-0.01169113648722133,0
2020-06-05,327.37,330.41,324.11,327.15,327.15,284429325.0,24.23,0.94,-0.01169113648722131,-0.011760015196646654,291.85720000000003,335.92550000000006,317.8999591341009,1.120924890665709,0.9738766482449231,0,0.23765101996376584,0.3599108291573413,2.025033486652009,64.42612841413028,11.269411868889165,11.533546112198508,-0.26413424330934276,317.9995,343.7459319244856,292.2530680755144,0.16192749941056278,0.6777042354094098,7.9921428571428565,0.02442959760703915,-0.007282658170232215,-0.12029300859969982,312358408.0,0.9105864216083468,320.42,-0.020571603240103813,0
2020-06-08,320.44,324.17,316.69,320.42,320.42,305571685.0,24.65,0.82,-0.020571603240103764,-0.020786146097179357,292.8342,335.65445,318.1399630260913,1.0942027946189345,0.954612697671668,0,0.22839550200670675,0.3629566549118721,1.7382756108956705,56.777931294499716,10.095732312447637,11.245983352248334,-1.1502510398006969,319.203,342.8533647240167,295.5526352759832,0.14818384992586325,0.5257289900954141,8.39428571428571,0.026197758299374912,-0.02305018598695041,0.07433256046998671,312125351.05,0.9790030959422128,324.92,0.014044067161850072,1
2020-06-09,323.96,327.53,321.36,324.92,324.92,310538428.0,24.2,0.75,0.014044067161850027,0.013946362964184828,294.04040000000003,335.38235000000003,318.78568083313024,1.1050182219858222,0.9688047090134588,0,0.23102129045498662,0.3615438790143098,2.084991643541349,60.181713319729056,9.420106080905612,10.880807897979789,-1.4607018170741775,320.573,342.0051815084372,299.14081849156275,0.13371170690214318,0.6014129149122627,8.001428571428562,0.024625841965494773,0.0020663068619892755,0.016253937271707652,310822763.75,0.9990852158105489,326.03,0.003416225532438621,1
2020-06-10,327.31,330.48,322.87,326.03,326.03,319482985.0,23.19,0.88,0.003416225532438588,0.0034104034898334566,295.3188,335.13195,319.4756159918797,1.1039933793581715,0.9728406975222743,0,0.23104443721750959,0.35919184928419595,1.8772039533409068,60.997623605751606,8.871964662108894,10.479039250805611,-1.607074588696717,321.8105,341.32453432890156,302.2964656710984,0.12127655454897175,0.6081144966815629,7.88714285714285,0.024191463537535964,0.004838809098193897,0.028803382105096587,311751371.3,1.0248005763944494,320.97,-0.01552004416771446,0
2020-06-11,321.61,323.56,319.02,320.97,320.97,335882942.0,25.9,0.79,-0.015520044167714464,-0.01564174085396169,296.422,334.8765,319.6179382783673,1.0828143660052223,0.9584727504020139,0,0.23895284300056838,0.310321353514256,3.112046009154679,55.42245716100116,7.937757400520411,9.97078288074857,-2.0330254802281598,322.65700000000004,340.3048584954028,305.00914150459727,0.1093908298617298,0.45220383252473173,7.590714285714276,0.023649295216731394,-0.013886755353467062,0.05133280259041029,312630602.15,1.074376403621689,315.96,-0.01560893541452487,0
2020-06-12,315.43,318.07,313.32,315.96,315.96,301494535.0,22.31,0.9,-0.015608935414524905,-0.015732037522406712,297.4758,334.5947,319.2695632042371,1.062136819196721,0.9443066492087292,0,0.2463624115096604,0.31269388609256166,2.882715065854488,50.500761643571465,6.715711740865402,9.319768652771938,-2.604056911906536,323.1685,339.27646896603056,307.0605310339694,0.09968774163311539,0.2762442920185044,7.740714285714278,0.024499032427251165,-0.046331230569557236,-0.1023821179939528,312529932.1,0.9646901113571771,315.23,-0.0023104190403847365,0
2020-06-15,316.18,319.1,312.31,315.23,315.23,306285667.0,28.37,0.82,-0.002310419040384759,-0.002313092176626142,298.497,334.30215000000004,318.88484289907166,1.0560575148158944,0.9429493648186229,0,0.2464170501821218,0.31089580540591694,2.599503857098676,49.80671811338902,5.623502614459085,8.580515445109368,-2.9570128306502834,323.77549999999997,337.4250328240884,310.1259671759115,0.08431479728420647,0.18696730832040023,7.745714285714278,0.024571627972319505,-0.028057842321092652,0.015891273120423266,312321985.9,0.9806727698576664,323.46,0.02610792120039324,1
2020-06-16,322.97,327.04,319.4,323.46,323.46,306030653.0,26.14,0.87,0.02610792120039318,0.025772927572040083,299.7054,334.04915,319.3205721467791,1.0792598331561594,0.9683006228275091,0,0.2574283202824758,0.2839372209141948,4.096818656952898,56.984289780960395,5.360221930072896,7.936456742102075,-2.5762348120291785,324.657,335.3929604281997,313.9210395718003,0.0661372490238413,0.44425277512666,7.88714285714285,0.024383672964641223,-0.02613355813813456,-0.0008326018076451058,313194804.65,0.9771255731460615,323.06,-0.0012366289494836371,0
2020-06-17,322.3,325.98,319.39,323.06,323.06,300973267.0,27.06,0.9,-0.0012366289494836202,-0.0012373942060202867,300.8576,333.819,319.6767081328002,1.0737970388648983,0.96776995916949,0,0.25696533975733116,0.277093379955664,3.666256225740857,56.560945743030544,5.060953907490273,7.361356175179715,-2.3004022676894422,325.0725,334.78887765512036,315.3561223448796,0.059779757777667926,0.39643774296196316,8.061428571428568,0.02495334789645443,-0.027542819301044408,-0.01652574979147592,312686439.0,0.9625401982975027,317.09,-0.018479539404445078,0
2020-06-18,316.37,319.58,313.89,317.09,317.09,308924236.0,24.83,0.77,-0.018479539404445133,-0.018652419231699267,301.8528,333.55809999999997,319.4303549772954,1.050478908925145,0.9506289908714554,0,0.24807285327410206,0.280736020693914,3.293275340327209,50.527503359420685,4.292570654384406,6.7475990710206535,-2.4550284166362477,324.85150000000004,335.0957800985195,314.60721990148056,0.06307054206914818,0.1211788468550879,8.094285714285714,0.025526776985353418,-0.04208204942299565,0.026417525646887485,312552143.05,0.9883926342190537,316.76,-0.0010407139928726359,0
2020-06-19,315.08,319.42,312.43,316.76,316.76,328489038.0,25.08,0.8,-0.0010407139928726439,-0.001041255911701089,302.7502,333.3103,319.1760354556482,1.0462751139388182,0.95034566888572,0,0.23601566790890582,0.2752394298749439,3.6923999567805192,50.208678927096585,3.6153180127273004,6.121142859361983,-2.505824846634683,324.212,334.81197338626623,313.61202661373375,0.06538914899037389,0.1484896834833754,7.927857142857143,0.025027961683473744,-0.031759131896683446,0.06333203976912971,312753843.0,1.0503117558814457,316.31,-0.0014206339184240076,0
2020-06-22,316.76,318.71,314.37,316.31,316.31,296557878.0,26.72,0.82,-0.0014206339184239525,-0.0014216439755166202,303.6642,333.04965,318.9030796979674,1.04164402652667,0.9497382747587335,0,0.21686021764920338,0.2744315386427138,3.454046727241315,49.74770110818295,3.007609327523255,5.498436152994238,-2.4908268254709824,323.6285,334.63224725647075,312.6247527435292,0.06800233759657616,0.1674541940308667,7.462142857142855,0.023591232832167353,-0.01282691467448982,-0.09720616613087707,311636366.15,0.9516151200956365,305.32,-0.03474439632006579,0
2020-06-23,303.65,308.22,300.77,305.32,305.32,322486751.0,23.09,0.89,-0.03474439632006576,-0.0353623384364254,304.36580000000004,332.72724999999997,317.60945306006573,1.003135043424721,0.9176284779800874,0,0.24496253924828654,0.2373206015226377,2.0448822972154694,40.071467535179224,1.6205143823916046,4.7228517988737115,-3.102337416482107,322.68199999999996,336.38593197513114,308.9780680248688,0.08493769082309342,-0.13346782629152307,8.114285714285716,0.02657633209185679,-0.06032254093315281,0.08743275739247092,313059296.85,1.0301139568281759,305.83,0.0016703786191536452,1
2020-06-24,304.7,308.88,301.65,305.83,305.83,285216710.0,25.11,0.78,0.0016703786191536452,0.0016689850883881618,305.1384,332.41755000000006,316.4876003876785,1.0022665125071115,0.9200176103818825,0,0.24370343797842578,0.23721010911826435,2.1013383017178127,40.648397298167076,0.5559754438139066,3.889476527861751,-3.3335010840478443,321.7505,337.34749090412095,306.15350909587903,0.09695084174894823,-0.010370881725115313,8.229285714285718,0.026908039480383606,-0.06195748857467098,-0.11557076650259035,310621458.9,0.9182131556848471,305.57,-0.0008501455056730567,0
2020-06-25,303.67,307.89,301.36,305.57,305.57,305176585.0,23.85,0.78,-0.0008501455056730833,-0.0008505070843076504,305.9262,332.1111,315.4478289221853,0.9988356669026713,0.9200836707957065,0,0.24350177644050452,0.23727034271982325,2.0703505702278524,40.43468416369103,-0.3051416783630998,3.050552886616781,-3.355694564979881,320.7545,337.82092437807944,303.6880756219206,0.1064142475196839,0.05513528599586087,8.20214285714286,0.026842107723738785,-0.047979561952830596,0.06998143622090014,309946273.0,0.9846112426071986,309.3,0.012206695683476841,1
2020-06-26,309.23,311.64,306.89,309.3,309.3,309233937.0,23.77,0.83,0.012206695683476765,0.012132794756673754,306.7476,331.83485,314.8623214057867,1.0083208474980734,0.9320901647310401,0,0.24823029454101986,0.23136687835315273,2.777345149328018,44.909590536009624,-0.6787788347311903,2.304686542347187,-2.9834653770783772,319.654,336.6930479101469,302.6149520898531,0.10660932076616342,0.19616846977611194,7.888571428571432,0.025504595630686817,-0.021078617546524736,0.013295096017933439,309484375.55,0.9991907877431455,318.18,0.028709990300678938,1
2020-06-29,318.04,321.0,315.21,318.18,318.18,344310044.0,20.73,0.77,0.02870999030067889,0.028305580686069632,307.6764,331.6018,315.17829079571175,1.0341384649586385,0.9595243451633857,0,0.26179287476658897,0.23584420460699476,3.371810042955667,53.806861069843144,-0.2554030588403293,1.792668622109684,-2.048071680950013,319.3465,336.25168484775935,302.44131515224063,0.10587361907962932,0.46549875050256867,8.216428571428578,0.025823208785682877,0.00935824635980076,0.11342903479575073,310957912.35,1.107256095842515,324.01,0.01832296184549621,1
2020-06-30,323.7,326.48,321.23,324.01,324.01,310190959.0,29.35,0.8,0.01832296184549631,0.018157119136477128,308.7786,331.38365,316.01940595802495,1.0493279003143352,0.9777489022165095,0,0.2608124662292467,0.23678453562945365,3.4295312828600895,58.54098915875992,0.5442834101207268,1.5429915797118927,-0.9987081695911659,318.94,334.91530857951096,302.96469142048903,0.10017751664551876,0.6586823808162243,8.265714285714292,0.02551067647823923,0.0017003648055400333,-0.09909407406076132,311170498.1,0.9968520823600532,323.57,-0.0013579827783093044,0
2020-07-01,322.56,326.25,319.89,323.57,323.57,276478239.0,24.28,0.71,-0.0013579827783093412,-0.0013589056725333618,309.793,331.17395000000005,316.73851015249875,1.044471631056867,0.9770394078398978,0,0.2457724395790777,0.2355459777007116,3.5868575859772096,58.05738634781788,1.12951601788086,1.4602964673456864,-0.3307804494648263,318.508,333.40315159549243,303.61284840450753,0.09353078475545785,0.6699210634708124,8.219285714285721,0.025401878153987457,0.001578654119977596,-0.10868376083134001,309053833.05,0.8945957287488817,319.36,-0.013011094971721666,0
2020-07-02,318.24,323.25,314.36,319.36,319.36,280019444.0,28.91,0.89,-0.013011094971721704,-0.013096480717938192,310.60540000000003,330.93469999999996,316.9881758522607,1.0281856014093766,0.9650242177686416,0,0.24910890823654186,0.23781803449060632,3.2762366162451424,53.50308574657932,1.2393191605090692,1.416101005978363,-0.17678184546929376,317.925,331.62278545297954,304.2272145470205,0.0861699171372899,0.5523807298768678,8.33071428571429,0.02608565344975667,0.007158850799457772,0.012808259387097731,306888665.4,0.9124463545599557,331.87,0.03917209418837672,1
2020-07-03,332.34,334.98,329.23,331.87,331.87,315595517.0,28.67,0.71,0.03917209418837664,0.038424332846241006,311.62199999999996,330.76279999999997,318.40549243775973,1.0649761570107374,1.0033474139171636,0,0.2864026918586993,0.2479796230229639,3.84293883690458,62.83306807072782,2.3091726863801227,1.594715342058715,0.7144573443214077,318.161,332.66680849177556,303.65519150822445,0.09118533378842762,0.9725348472234465,8.961428571428574,0.027002828129775433,0.0477017300164162,0.12704858095497107,308446975.0,1.023175918648578,332.95,0.0032542863169312806,1
2020-07-06,332.4,335.53,329.82,332.95,332.95,325740989.0,22.79,0.76,0.003254286316931365,0.0032490025872911406,312.4968,330.6044,319.7906836341636,1.0654509102173206,1.0070948843996026,0,0.2831952910075618,0.2477433110601148,3.7512888184456297,63.5137389617101,3.2072155036707386,1.91721537438112,1.2900001292896186,318.7875,334.7166138617665,302.8583861382335,0.09993562396089262,0.944547641568708,8.525714285714287,0.025606590436144428,0.05260662008788852,0.032147072608765814,309455440.2,1.0526264743947455,333.81,0.002582970415978416,1
2020-07-07,334.13,336.55,331.4,333.81,333.81,321570477.0,23.28,0.77,0.002582970415978325,0.002579640281087395,313.43739999999997,330.4497,321.1258566213861,1.064997348752893,1.0101688698764137,0,0.27212705385923214,0.24765867978373116,3.6799455408334754,64.07789804652313,3.942864827717017,2.3223452650482996,1.6205195626687172,319.23199999999997,336.3345730289508,302.12942697104916,0.1071482371998875,0.9261931808271352,8.422857142857143,0.025232488969345268,0.0933119350189966,-0.012803153857926075,310007042.65,1.03730055372663,334.5,0.0020670441268985282,1
2020-07-08,333.61,337.76,330.36,334.5,334.5,317932476.0,32.4,0.86,0.0020670441268986206,0.002064910730564408,314.4772,330.3096,322.3995845622064,1.063670116625307,1.0126862797811509,0,0.2686387523935821,0.24617054166291227,3.4586054208666126,64.55149131083161,4.529338060770726,2.763743824192785,1.7655942365779413,319.65549999999996,337.8513786253216,301.4596213746783,0.11384680460849092,0.907908304533157,8.296428571428569,0.024802477044629505,0.09374489095249006,-0.01131323072298085,309929517.2,1.0258218670886892,336.24,0.005201793721973122,1
2020-07-09,336.42,339.14,333.52,336.24,336.24,335339542.0,30.38,0.69,0.005201793721973047,0.005188311128578067,315.6776,330.18325000000004,323.71771936580586,1.065137342655925,1.0183436016212208,0,0.26886862963405816,0.24563914186247168,3.6275848640499295,65.77681013122806,5.076012667171483,3.226197592788525,1.849815074382958,320.419,340.0703643827937,300.7676356172063,0.1226604189060722,0.9025420243326718,8.198571428571427,0.024383093708575502,0.10036980070033064,0.05475082702781209,309902347.2,1.0820813234550424,336.36,0.00035688793718773656,1
2020-07-10,337.68,340.12,333.93,336.36,336.36,305557153.0,25.92,0.85,0.00035688793718779976,0.0003568242678360433,316.75,330.07060000000007,324.92174609287196,1.0619100236779795,1.0190547113253952,0,0.26165502854886524,0.24552246190856356,3.657443859732439,65.864444564688,5.456045334098974,3.6721671410506147,1.7838781930483592,321.43899999999996,342.2021322046419,300.67586779535804,0.12918863115289264,0.8593147664831831,8.330714285714285,0.02476725617110918,0.08748787584869056,-0.08881263695409947,310105478.1,0.9853329740323603,334.48,-0.005589249613509322,0
2020-07-13,335.06,338.67,330.87,334.48,334.48,330660934.0,26.64,0.79,-0.005589249613509373,-0.005604927916387685,317.719,329.9217,325.83205598878897,1.0527541632700594,1.0138163085362377,0,0.2552069870458652,0.2443896967654209,3.7670744560935474,63.13673750904186,5.541643060790307,4.0460623249985534,1.4955807357917532,322.40150000000006,343.7297577816397,301.0732422183604,0.13230867586889944,0.7831572115002882,7.777857142857142,0.02325357911641097,0.051228864164938104,0.08215739920838971,311324241.45,1.0621111046796063,332.72,-0.005261899067208775,0
2020-07-14,332.31,336.37,328.67,332.72,332.72,286439739.0,24.42,0.76,-0.005261899067208753,-0.005275791613653293,318.6434,329.76155,326.48805065652334,1.0441766564127801,1.008971482575819,0,0.2561603343672813,0.2445869865689484,3.7404637118896997,60.606253298229056,5.405155318901279,4.317880923779099,1.0872743951221802,322.8645,344.68584587484344,301.0431541251566,0.13517339859151953,0.7258224597098759,7.811428571428569,0.023477484285370786,0.026881886361532104,-0.1337357711570487,310344695.75,0.9229728844173423,333.37,0.001953594614089857,1
2020-07-15,333.63,336.07,330.93,333.37,333.37,299163412.0,27.08,0.69,0.0019535946140898375,0.001951688829814672,319.5446,329.61154999999997,327.1434744035211,1.043265947852037,1.011402664742786,0,0.24159886590088633,0.24447148293960025,3.648333144783955,61.22436334583689,5.288475118630345,4.511999762749348,0.7764753558809963,323.38,345.70216458095,301.05783541905,0.13805531932018672,0.7237686216103303,7.712142857142855,0.023133883844205703,0.030287109435361836,0.04442006910221341,310254203.0,0.964252568078828,331.64,-0.0051894291627921476,0
2020-07-16,331.4,333.31,329.73,331.64,331.64,283376775.0,24.21,0.76,-0.005189429162792192,-0.005202941016453136,320.48760000000004,329.4482,327.5717149365191,1.0347982262028232,1.006652942708444,0,0.24255902064527568,0.24431337486840468,3.3515692672704134,58.58939756976315,4.998785786581891,4.609356967515857,0.3894288190660342,324.10749999999996,346.51475340739535,301.70024659260457,0.1382705022705507,0.668081733677495,7.538571428571426,0.022731188724434404,0.038451903807615206,-0.05276927714676549,308976829.95,0.9171457129839066,329.13,-0.0075684477143890695,0
2020-07-17,329.14,332.5,325.77,329.13,329.13,310190207.0,20.92,0.69,-0.007568447714389026,-0.007597233750508652,321.1682,329.2717,327.720123037803,1.0247901255479215,0.9995696563051121,0,0.23411218494637437,0.24372202274171903,3.407169196995603,54.89777139093344,4.514627070172651,4.590410988047216,-0.07578391787456518,324.726,346.96154612729407,302.4904538727059,0.13694958905185048,0.5990306236282424,7.183571428571428,0.021825939381312637,-0.008256244915177624,0.09462113470661104,308061888.4,1.0069087371081635,330.42,0.003919423935830889,1
2020-07-20,330.09,332.78,327.73,330.42,330.42,314190428.0,22.7,0.79,0.00391942393583089,0.003911763004935958,321.8496,329.10245000000003,327.9772541770598,1.0266285867684781,1.0040034645746332,0,0.23396317181216525,0.24263091898718045,3.2449759138826892,56.41765371149143,4.186757681872791,4.509680326812331,-0.32292264493954015,325.4315,347.4369091675582,303.42609083244184,0.13523834765528575,0.6133471311849319,6.951428571428567,0.02103815922592024,-0.007598738549331685,0.012896026082473977,308943515.9,1.0169834025637825,330.03,-0.0011803159615036717,0
2020-07-21,329.87,333.27,326.63,330.03,330.03,316996776.0,26.05,0.67,-0.0011803159615036973,-0.0011810130829912559,322.4998,328.9214,328.1727537792446,1.0233494718446337,1.0033704100736527,0,0.23391888362284416,0.23985903073743708,2.9028844663008235,55.80537721140808,3.851056506630755,4.377955562776016,-0.5268990561452611,326.66700000000003,346.59463339264494,306.7393666073551,0.12200579423439713,0.5843803158446506,6.971428571428565,0.021123620796377803,-0.01132380695605295,0.00893199712627779,308669017.15,1.0269795748432797,337.86,0.0237251158985548,1
2020-07-22,338.08,339.72,336.22,337.86,337.86,316082958.0,23.17,0.71,0.02372511589855475,0.023448049075128187,323.2314,328.76775000000004,329.0953486574118,1.045257360516336,1.0276555410316248,0,0.20350649873973561,0.24326172640263202,3.1168209413816355,64.2046395712845,4.168771466123474,4.336118743445508,-0.16734727732203414,328.2685,346.19279609570196,310.34420390429807,0.10920509336501885,0.7675558344947331,7.0057142857142845,0.020735554033369692,0.010044843049327401,-0.0028827359430305677,310212329.55,1.018924549061335,326.33,-0.03412656129757897,0
2020-07-23,325.36,329.6,322.11,326.33,326.33,298767816.0,25.83,0.68,-0.03412656129757896,-0.03472246918894647,323.67719999999997,328.56125,328.8319821186107,1.0081958197858856,0.9932090287579561,0,0.24436737256996827,0.24855594780362286,2.033518856649657,49.33556207854035,3.4504139960266116,4.1589777939617285,-0.7085637979351169,329.3065,343.7656537569978,314.8473462430023,0.08781578108512186,0.39707212294645566,7.014999999999999,0.02149664450096528,-0.029472995479419506,-0.05478037193008045,309891891.1,0.9641033682407315,332.16,0.017865351025036134,1
2020-07-24,331.14,334.22,329.08,332.16,332.16,311670785.0,23.31,0.66,0.01786535102503617,0.01770764123183353,324.20579999999995,328.3893,329.1489362025526,1.0245344161023648,1.0114824082270648,0,0.24900880509086518,0.2496207590468517,2.4459099915763884,55.00924225361762,3.3133485821782642,3.989851951605036,-0.6765033694267717,330.44950000000006,341.4501917964319,319.4488082035682,0.06658016911145916,0.577745110538277,7.170714285714289,0.021588133085604193,-0.012486621476988868,0.04318727891360297,310013733.5,1.005345090623219,338.81,0.020020472061656962,1
2020-07-27,337.4,342.11,334.12,338.81,338.81,288794683.0,24.04,0.74,0.020020472061657024,0.019822697743450295,324.9202,328.2521,330.06903751659524,1.0427483425161008,1.0321639983415187,0,0.2536429601550297,0.24952561789449665,3.006546095257516,60.449851271191044,3.698686521958905,3.93161886567581,-0.23293234371690508,331.481,341.45886792962995,321.50313207037004,0.06020174869509776,0.867262828633399,7.513571428571429,0.022176356744403734,0.012945467591485293,-0.07339828787609981,307237965.45,0.9399706920237322,329.91,-0.026268410023316837,0
2020-07-28,328.33,332.69,325.56,329.91,329.91,338856507.0,28.13,0.72,-0.026268410023316813,-0.026619588289966554,325.4018,328.0977,330.05389108644334,1.0138542564915132,1.0055236595684762,0,0.25888726365184217,0.2512961357100025,2.9217733346328236,51.47770349227783,3.2484676825054635,3.7949886290417405,-0.546520946536277,331.776,341.1547158811339,322.39728411886614,0.05653643350396414,0.40051943016238867,7.931428571428573,0.02404118872246544,-0.008445539793219492,0.17334745736991297,308671242.85,1.0977909826367227,329.12,-0.0023945924646116227,0
2020-07-29,327.92,331.32,325.73,329.12,329.12,309686543.0,26.62,0.75,-0.0023945924646116,-0.002397464086305787,325.68919999999997,327.9564,329.9649490782107,1.0105339691951714,1.003548032604334,0,0.25213872529947257,0.24796680293574627,2.541691543970222,50.757552403400375,2.7956926067797667,3.595129424589346,-0.7994368178095792,332.05350000000004,340.71055985096814,323.39644014903195,0.052142560466563515,0.33057180781749107,7.929285714285713,0.024092384887839432,-0.012748597654258065,-0.08608352915589723,310331658.05,0.9979212077360923,328.2,-0.0027953330092368007,0
2020-07-30,328.36,330.88,325.68,328.2,328.2,306444492.0,25.98,0.6,-0.0027953330092368445,-0.002799247248656608,325.823,327.79135,329.79685868980965,1.0072953720271436,1.0012466771926714,0,0.25234749474146917,0.24749294985824138,2.313514287689468,49.88237320964746,2.3357042413903173,3.3432443879495404,-1.007540146559223,332.4955,339.0778447270216,325.9131552729784,0.03959358684253967,0.17371049539991637,7.858571428571428,0.02394445895359972,-0.010372693281871848,-0.010468814591017006,311652910.45,0.9832877593137844,322.57,-0.017154174283973173,0
2020-07-31,321.71,325.68,318.61,322.57,322.57,342806455.0,28.2,0.73,-0.017154174283973145,-0.01730301170946597,325.6834,327.5752,329.1085864336373,0.9904404093054788,0.9847204550283416,0,0.25559120758881076,0.2505338126823271,1.9854310787403935,44.79250103723711,1.499579975157701,2.9745115053911726,-1.4749315302334716,332.03049999999996,339.97245117217034,324.0885488278296,0.047838684531369614,-0.0956030070453706,7.986428571428568,0.024758745610033692,-0.01993133412329473,0.1186575838341386,313013457.35,1.095181203716384,319.84,-0.008463279288216568,0
2020-08-03,320.34,323.09,317.1,319.84,319.84,293260685.0,27.2,0.8,-0.008463279288216552,-0.00849929619443462,325.5206,327.3466,328.22586391614806,0.9825491842912553,0.9770683428512774,0,0.21506625246320188,0.25124302830552436,1.7445716277616434,42.52650871563988,0.6096298523240762,2.5015351747777532,-1.891905322453677,331.375,340.9861065138795,321.7638934861205,0.05800743275051236,-0.10008699223352167,7.864285714285708,0.024588186950618148,-0.032019853519762886,-0.1445298630680686,311389442.15,0.9417810795869337,315.67,-0.013037768884442094,0
2020-08-04,315.7,318.68,312.68,315.67,315.67,295302225.0,29.62,0.65,-0.01303776888444208,-0.013123506627783265,325.349,327.08774999999997,327.03006735270543,0.9702504080233842,0.965092700659074,0,0.21775547146458166,0.2511918971205436,1.7484583674050864,39.25946052713347,-0.42722143881138663,1.915783852059925,-2.3430052908713117,330.468,342.28269486431736,318.6533051356827,0.07150280731738985,-0.12625400697256084,8.00857142857142,0.025370074535342034,-0.04351119595188302,0.0069615195777095185,310076029.55,0.9523542514026622,324.28,0.02727531916241631,1
2020-08-05,322.37,328.16,318.51,324.28,324.28,295816144.0,24.85,0.76,0.02727531916241621,0.026909975995199644,325.3454,326.8659,326.7681561762573,0.9967253263762142,0.9920888046137574,0,0.2405460207166229,0.24618262400946841,1.6213475899518708,48.12152301199861,-0.5478630892586693,1.4230544637962064,-1.9709175530548757,329.957,341.9205430414801,317.9934569585199,0.07251577048793523,0.2627375109288517,8.64071428571428,0.02664584397962958,-0.04019416326289005,0.0017403153667399085,308970212.95,0.9574260935240101,329.35,0.015634636733687094,1
2020-08-06,329.99,331.84,327.51,329.35,329.35,313812250.0,24.93,0.65,0.015634636733687035,0.015513674967195645,325.4226,326.62715000000003,327.01404606423284,1.0120686147796742,1.0083362635347368,0,0.24741033441738564,0.2477264160599507,1.7954325569737248,52.51494204004053,-0.2316950024095945,1.0921045705550463,-1.3237995729646408,329.6125,341.2053196924275,318.0196803075725,0.07034211197932315,0.488678336787204,8.699999999999992,0.02641566722331863,0.009254435693929475,0.0608354424361639,307893848.35,1.0192222146746894,336.07,0.020403825717321907,1
2020-08-07,336.89,340.7,332.27,336.07,336.07,322553553.0,22.75,0.59,0.0204038257173218,0.02019845651146015,325.5178,326.4051,327.8765178676392,1.032416660471409,1.0296101378317923,0,0.2573254947460989,0.25047816129446776,2.038738821658399,57.63598605062634,0.5547238121008036,0.9846284188641978,-0.42990460676339426,329.598,341.15595756861813,318.0400424313819,0.07013366324178578,0.7799802629831681,9.149999999999993,0.027226470675752058,0.0117714354527938,0.027855200043975348,308743668.35,1.044729288616033,340.3,0.012586663492724784,1
2020-08-10,339.28,343.22,336.37,340.3,340.3,327944320.0,24.93,0.64,0.012586663492724748,0.012508109908697771,325.8372,326.2038,329.05970664214976,1.0443865832385006,1.0432128626337278,0,0.26094064500506753,0.2504694020299846,2.0381518075420213,60.52208688434858,1.501978167490961,1.0880983685895504,0.41387979890141047,329.889,342.2309744219336,317.54702557806644,0.07482501339478527,0.9217720618743259,9.186428571428568,0.026995088367406897,0.00439774504884749,0.01671278133463927,308607837.65,1.0626571330697376,335.77,-0.013311783720246927,0
2020-08-11,336.19,338.47,333.49,335.77,335.77,350000000.0,28.41,0.7,-0.013311783720246884,-0.013401179746573908,325.9098,325.99045,329.6987822000403,1.0302543832680084,1.029999498451565,0,0.2646250372683792,0.25190733721223774,1.6697588934087864,56.11326592578531,1.8656449340502945,1.2436076816816994,0.6220372523685951,330.0415,342.60416025297434,317.47883974702563,0.07612776122358123,0.7279970915362338,8.98071428571428,0.026746625028186796,0.017762420053953898,0.0672543436641928,311785850.7,1.122565373682623,334.11,-0.00494386038061759,0
2020-08-12,333.25,336.12,331.25,334.11,334.11,275634932.0,29.25,0.61,-0.00494386038061756,-0.004956121687167556,325.9478,325.78790000000004,330.1188981809888,1.0250414330147344,1.0255445337288462,1,0.26454285288712437,0.252129207765148,1.501860032727003,54.545216290925055,1.996886475553481,1.3942634404560557,0.6026230350974253,330.0785,342.68671332140195,317.4702866785981,0.07639524126148013,0.6598759434255768,8.203571428571422,0.024553504619949783,0.015161643169664618,-0.21247162285714283,310609426.7,0.8874004080572228,337.21,0.009278381371404524,1
2020-08-13,337.31,340.03,334.5,337.21,337.21,325652872.0,28.4,0.61,0.009278381371404576,0.009235601605361734,326.0716,325.5961,330.79424121137083,1.0341593686785355,1.0356696532913017,1,0.26631984888879845,0.25173779146754505,1.7889831892372632,56.96382816597087,2.3242479513687613,1.580260342638597,0.7439876087301642,330.357,343.35061964885193,317.3633803511481,0.07866410972864248,0.7637063491327363,8.06285714285713,0.023910492401936864,0.02745277269957347,0.1814644451524019,312723231.55,1.0413453147881426,332.29,-0.014590314640728208,0
2020-08-14,331.03,335.63,327.7,332.29,332.29,305250214.0,21.51,0.67,-0.014590314640728241,-0.014697800059940216,326.1744,325.3876,330.9366944293355,1.01874947880643,1.021212855068847,1,0.2708822793423082,0.2534131428880688,1.4043226568782468,52.215165326310604,2.161761951493304,1.6965606644095386,0.4652012870837654,330.515,343.5226406696048,317.50735933039516,0.07871134846869564,0.5682291294984599,8.03142857142856,0.02416993761903325,0.030132994388814893,-0.06265155247886156,312476231.9,0.976874983879374,336.43,0.012458996659544332,1
2020-08-17,334.62,339.18,331.89,336.43,336.43,304737734.0,28.71,0.64,0.012458996659544308,0.0123820220521504,326.4946,325.21625,331.4598663884464,1.0304305186058207,1.0344809030914046,1,0.27249498115163967,0.24813202308511348,1.1651089049493397,55.571417227057346,2.3400790518587087,1.8252643418993728,0.5148147099593359,330.8155,344.0888694211213,317.5421305788787,0.08024635738700978,0.7114949046153435,7.605714285714275,0.022607122687377093,0.05186968484242138,-0.0016788849818791807,312003597.2,0.9767122454189449,336.11,-0.0009511636893261397,0
2020-08-18,335.72,339.84,331.99,336.11,336.11,304153987.0,21.4,0.66,-0.0009511636893261288,-0.0009516163325560403,326.7184,325.04965,331.9027362562134,1.0287452436103999,1.0340266479290166,1,0.2724016601429366,0.24470515793765682,0.8149271922424844,55.24840532106469,2.427591548705095,1.9457297832605174,0.4818617654445778,331.1195,344.5940959416065,317.64490405839354,0.08138811481393145,0.6851818051146635,7.767142857142845,0.023108931174742928,0.06475116419045213,-0.0019155717683455586,311361457.75,0.9768517567906974,335.15,-0.0028562077891167662,0
2020-08-19,335.03,337.09,333.09,335.15,335.15,299096530.0,28.25,0.64,-0.0028562077891167714,-0.002860294534167788,326.9008,324.89015,332.21199946990737,1.0252345665718774,1.0315794430825311,1,0.27262886793427354,0.239808466303557,0.36698840883591033,54.23001855280496,2.391909413200608,2.0349657092485356,0.3569437039520724,330.98400000000004,344.22568760114814,317.74231239885194,0.08001406473490014,0.6573062333452658,7.681428571428561,0.022919375119882325,0.03352041445664233,-0.01662794905266196,310512136.35,0.963236199125136,339.32,0.012442190064150429,1
2020-08-20,338.91,342.16,336.07,339.32,339.32,344479184.0,25.08,0.65,0.012442190064150482,0.012365422135567404,327.26779999999997,324.72765,332.88895190134474,1.0368267211134123,1.0449371958316453,1,0.26335701766098574,0.24077556353144486,0.6514605523785543,57.863330688068,2.6693446698486696,2.1618415013685626,0.507503168480107,331.6335,345.18471322982134,318.0822867701787,0.08172403107515044,0.7836092927200479,7.497142857142852,0.022094609386840894,0.030271747381205305,0.15173246576949584,312797704.75,1.1012842446376678,342.25,0.008634916892608768,1
2020-08-21,341.04,344.36,338.94,342.25,342.25,329740203.0,27.76,0.6,0.008634916892608757,0.008597849229024283,327.7936,324.56625,333.78048029169287,1.044102142323706,1.0544842539851262,1,0.23272756710527162,0.24003801354285473,0.9870737780494159,60.25094944091839,3.0900207863695073,2.3474773583687516,0.7425434280007557,332.13800000000003,346.49884237377097,317.7771576262291,0.08647515414513063,0.8520684837268583,7.45642857142857,0.021786496921632054,0.01838902609575399,-0.04278627471435259,313701175.65,1.0511283622599328,341.35,-0.002629656683710671,0
2020-08-24,340.94,344.44,337.85,341.35,341.35,315405929.0,22.67,0.63,-0.002629656683710624,-0.0026331203042688446,328.316,324.3984,334.5013869305793,1.03969955774315,1.0522554981775498,1,0.2262770124065763,0.24014538781901357,0.9321825612744205,59.14237938525732,3.3126015524599666,2.5405021971869948,0.7720993552729718,332.265,346.9162675938073,317.6137324061927,0.08819025533091476,0.8100414329689122,7.4157142857142855,0.02172466467178639,0.0030855127828386397,-0.043471417405538504,315031737.95,1.0011877884191447,347.77,0.018807675406474173,1
2020-08-25,348.05,351.53,344.29,347.77,347.77,338642775.0,28.93,0.57,0.0188076754064741,0.018632997866354785,328.8022,324.24105,335.7650643657622,1.0576875702169874,1.072566228119481,1,0.2250550158136136,0.24276349717417098,1.1798992304847145,64.2021761856162,3.961374499653857,2.8246766576803677,1.1366978419734894,333.158,349.30563023187455,317.0103697681255,0.09693677013204582,0.9524502911332536,7.250714285714281,0.020849165499365333,0.03573874973940505,0.07367282559865895,315021051.35,1.074984587692698,343.37,-0.012652040141472748,0
2020-08-26,343.32,345.99,340.7,343.37,343.37,288530743.0,22.34,0.68,-0.012652040141472698,-0.012732758760866818,329.20840000000004,324.0586,336.4893439499753,1.0430171283600296,1.0595923083047325,1,0.2083302928510058,0.24189790962926486,0.6793262443141546,58.82534025581851,4.07353137281541,3.0744476007073764,0.9990837721080332,333.8705,350.51773586981784,317.22326413018214,0.09972271206811016,0.7853176369188622,7.21571428571428,0.021014399294388794,0.027715423064260225,-0.14797903779284827,313963261.35,0.9189952409060742,347.17,0.011066779275999684,1
2020-08-27,347.36,348.99,345.54,347.17,347.17,291712660.0,24.33,0.58,0.01106677927599975,0.011005990553291083,329.81,323.90445,337.5065492880729,1.0526363663927716,1.071828435824207,1,0.20997478762049684,0.23867051015589602,1.227292872497199,61.800754409747896,4.418115460075057,3.343181172580913,1.0749342874941443,334.819,352.2491540289744,317.38884597102566,0.10411687526049775,0.8542997950165697,6.806428571428569,0.019605462947341556,0.02953649061415753,0.011027999882840867,313226669.75,0.9313148852644915,350.91,0.010772820232162942,1
2020-08-28,350.2,353.98,347.13,350.91,350.91,276885564.0,23.5,0.67,0.01077282023216286,0.010715206807656948,330.49300000000005,323.74665,338.78306840349455,1.0617774052703082,1.0839031075688352,1,0.21081736000483683,0.23493817834062533,1.0203873066998552,64.51840273553005,4.936087432029808,3.6617624244706923,1.2743250075591157,336.236,354.07636393303807,318.3956360669619,0.10611810712109958,0.9112584265143382,6.784999999999997,0.019335442136160258,0.05603539077311992,-0.05082774261494172,309930625.2,0.8933791677454404,350.23,-0.0019378188139409158,0
2020-08-31,351.46,354.69,347.01,350.23,350.23,302760245.0,21.61,0.6,-0.0019378188139409502,-0.0019396988139443094,331.1714,323.5761,339.8732523650665,1.057549051639121,1.082372894660638,1,0.19846625303569385,0.23500608463699724,0.9837043149755457,63.6319900329773,5.231409205703471,3.9756917807172485,1.2557174249862229,337.7555,354.8782696665207,320.6327303334793,0.10139150756372585,0.8642664195713192,6.847142857142854,0.019550417888652753,0.04101893410219071,0.0934490069695364,310405603.2,0.9753697803094297,352.68,0.0069954030208719655,1
2020-09-01,351.43,355.9,348.23,352.68,352.68,317829724.0,26.24,0.62,0.006995403020871871,0.006971048702045082,332.1186,323.4296,341.0929426160125,1.061909811735928,1.09043822828832,1,0.19339477936063032,0.2351297534426098,1.1632646957178818,65.47258521145947,5.5986110602260055,4.300275636619,1.2983354236070053,339.606,354.5383617478453,324.6736382521547,0.08793932820857882,0.9377740179295081,7.047142857142851,0.019981691213402663,0.04929933652673224,0.04977363854359407,311531978.15,1.0202154073793597,347.39,-0.014999432913689522,0
2020-09-02,347.89,351.59,343.7,347.39,347.39,316800025.0,30.52,0.58,-0.014999432913689548,-0.015113062088071307,332.9498,323.2571,341.6926623668685,1.043370502099716,1.0746554368024708,1,0.19577110180276852,0.23595373195911437,1.1033608031254383,58.57886054577773,5.4005086834533245,4.520322245985865,0.8801864374674597,340.7615,354.20247470620063,327.3205252937994,0.07888787146529862,0.7465780995851261,7.265714285714283,0.020915150941922,0.03652096076383704,-0.0032397819405965977,312581172.2,1.0134968231461512,352.76,0.01545813063127898,1
2020-09-03,354.01,356.3,350.47,352.76,352.76,317613483.0,32.67,0.56,0.015458130631278877,0.015339870889224878,333.8936,323.12104999999997,342.7466945224048,1.0565042276940917,1.0917270787526843,1,0.18237893359365867,0.2335177839502518,1.7322119441880508,62.85452537098567,5.612132078478169,4.738684212484326,0.8734478659938425,341.93199999999996,355.2655691908999,328.5984308091,0.07798959553865063,0.9060428173457119,7.222857142857143,0.02047527254466817,0.03960862902275131,0.0025677333832281324,312771233.85,1.0154817599124932,352.69,-0.00019843519673430428,0
2020-09-04,353.2,356.6,349.29,352.69,352.69,290306505.0,26.24,0.52,-0.00019843519673434784,-0.00019845488760295002,334.7614,323.00085,343.69367599646154,1.0535563538687556,1.091916631179144,1,0.17793217852609863,0.23217476268792256,1.497013683791128,62.76357641084381,5.708393916990758,4.932626153385613,0.7757677636051454,342.76300000000003,356.6196694562997,328.9063305437004,0.08085277265200277,0.8582029588873775,7.224285714285713,0.020483386867463534,0.03050401753104448,-0.08597549997586218,311158881.45,0.9329847942863532,350.96,-0.0049051575037568915,0
2020-09-07,350.75,354.66,347.05,350.96,350.96,329055207.0,28.79,0.55,-0.004905157503756863,-0.004917227274418598,335.417,322.85769999999997,344.3857068539414,1.0463393328304766,1.0870423719180309,1,0.16868331023497266,0.23247847033598537,1.3521064872304926,60.43607383486524,5.580754116201547,5.0622517459487995,0.5185023702527474,343.296,357.5676301580624,329.0243698419376,0.08314475064096777,0.7685047158015755,7.20714285714286,0.020535510762317244,0.028152922220594512,0.13347514207440847,311214425.8,1.0573263310469587,357.01,0.017238431730111727,1
2020-09-08,356.44,358.86,354.59,357.01,357.01,319193481.0,26.58,0.59,0.017238431730111747,0.017091535733855922,336.07700000000006,322.71715,345.5880204868993,1.0622863212894662,1.106262868273347,1,0.17303364578154878,0.232090719029492,1.9190827206179328,65.28449099292791,5.899774168390081,5.229756230437056,0.6700179379530251,344.35800000000006,359.41126346852167,329.30473653147845,0.0874279875506182,0.9202411000623459,7.48571428571429,0.02096780002160805,0.026569284297093043,-0.02996982205481402,309674099.85,1.030739997806116,354.35,-0.0074507716870675,0
2020-09-09,355.45,358.64,351.17,354.35,354.35,327828449.0,27.25,0.61,-0.007450771687067537,-0.007478667335549347,336.69259999999997,322.57995,346.42249472624223,1.0524436830509494,1.0984873672402764,1,0.16745406685550265,0.23016969430073295,2.077076107284734,61.70413811310831,5.870291027872383,5.357863189924122,0.5124278379482616,345.37,360.24271751617323,330.4972824838268,0.08612628494733278,0.8018950635427886,7.518571428571428,0.021217924166985827,0.03197716748696755,0.02705245725240868,312283775.7,1.0497773964246329,348.27,-0.017158176943699845,0
2020-09-10,346.78,350.88,344.18,348.27,348.27,281876661.0,25.14,0.65,-0.01715817694369981,-0.017307084238210983,337.2708,322.4027,346.59844760945725,1.0326123696448075,1.0802328888684865,1,0.1793309161326679,0.23317618725323563,1.7957062192576263,54.36504811932483,5.295279552790191,5.345346462497337,-0.050066909707145335,345.923,360.33350362537476,331.51249637462524,0.08331625029462106,0.5814336563257174,7.857857142857142,0.02256254383913958,0.003168476538871312,-0.14017022665412426,310094965.15,0.909001088952379,341.58,-0.019209234214833313,0
2020-09-11,340.59,344.4,337.77,341.58,341.58,320451090.0,26.49,0.58,-0.019209234214833337,-0.01939612882700861,337.465,322.1986,346.1205002180804,1.0121938571407405,1.0601535822936536,1,0.19157566051803004,0.23149584373308035,1.0259076280114576,47.64933699527385,4.25075170703866,5.126427511405602,-0.8756758043669421,346.3875,359.48699918689516,333.2880008131048,0.07563494171618408,0.3165006183928787,8.137142857142859,0.023822070546117628,-0.02658801402068922,0.13684860911560182,310855008.95,1.0308699579344514,345.32,0.010949118800866589,1
2020-09-14,344.91,348.43,341.79,345.32,345.32,294214108.0,27.34,0.56,0.010949118800866575,0.01088961117627641,337.71240000000006,322.0176,346.04426210207276,1.0225268601330597,1.0723637465778266,1,0.18627603742052692,0.23230518068796863,1.2323888217578807,51.27318848501434,3.6822953981787805,4.837601088760238,-1.1553056905814572,346.832,359.08478760979006,334.57921239020993,0.07065546206667628,0.43829975477457056,7.89928571428572,0.022875262696298276,-0.014019358707135332,-0.08187515292895398,310328827.65,0.9480721150786071,340.0,-0.015406000231669157,0
2020-09-15,341.26,343.83,337.44,340.0,340.0,308046843.0,24.55,0.53,-0.015406000231669159,-0.01552590575711482,337.8362,321.8158,345.46861809235156,1.0064048790508535,1.0565049944719929,1,0.19131378150393535,0.23132812771339065,1.290904663727584,46.35741227015773,2.7705727015144817,4.424195411311087,-1.653622709796605,347.0265,358.67105739142556,335.38194260857443,0.0671104794094515,0.19829252568361963,7.9571428571428635,0.023403361344537833,-0.0359532720880118,0.04701587933369944,310523470.45,0.9920243469957007,349.29,0.027323529411764767,1
2020-09-16,349.69,352.2,346.78,349.29,349.29,324351385.0,25.81,0.62,0.027323529411764857,0.026956905106827394,338.13200000000006,321.66985,345.8325592264133,1.0329989471567316,1.0858649015442388,1,0.21238925480487916,0.2370892804794932,1.7381979313012088,54.55165167456699,2.7657691904353783,4.092510167135945,-1.3267409767005667,347.7335,357.9743352352671,337.49266476473287,0.05890048117444927,0.57599477794857,8.427142857142863,0.024126493335460113,0.0054693572065978024,0.05292877486168557,311786213.2,1.0403006010786624,340.07,-0.02639640413410068,0
2020-09-17,339.09,342.95,336.22,340.07,340.07,316594138.0,25.85,0.67,-0.026396404134100715,-0.02675104394474931,338.2086,321.4751,345.283744061993,1.005503703927103,1.0578424269873468,1,0.23364767350831833,0.24358255946655066,1.281819328332952,46.89520507278351,1.9949884431177907,3.6730058223323145,-1.6780173792145239,347.771,357.88684458060953,337.6551554193905,0.058175319854619455,0.11935951374337117,8.871428571428575,0.026087066108238233,-0.035973466379408126,-0.02391618275346663,310391960.9,1.0199817581680157,349.08,0.026494545240685716,1
2020-09-18,348.76,351.33,346.51,349.08,349.08,300098050.0,28.07,0.66,0.02649454524068573,0.02614964352282544,338.46299999999997,321.3343,345.6452922465651,1.0313682736370002,1.0863452796666897,1,0.2471527810618382,0.23750110288184903,2.3461831683767,53.72961494167469,2.0871119209388667,3.355827042053625,-1.2687151211147585,348.1125,357.89937171137115,338.3256282886289,0.05622821192196787,0.5494284602875926,9.127142857142859,0.026146278380723215,-0.010235617681249809,-0.05210484345733524,308909853.25,0.9714745154377817,350.96,0.005385584966196848,1
2020-09-21,350.31,353.22,348.05,350.96,350.96,315109780.0,23.33,0.64,0.005385584966196788,0.005371134562847891,338.79259999999994,321.19725,346.15145488974935,1.0359140075668714,1.0926619079086137,1,0.24621987965512096,0.23758122136014528,2.4080360114554917,55.03010460069047,2.2854751936369553,3.141756672370291,-0.8562814787333357,348.59299999999996,357.9144841827104,339.2715158172895,0.05348061597727835,0.6269647597409104,8.948571428571436,0.02549741118238955,0.0,0.05002275089758168,308895045.8,1.0201192420678182,351.32,0.0010257579211306522,1
2020-09-22,350.58,354.71,347.2,351.32,351.32,288198131.0,25.87,0.63,0.0010257579211305767,0.0010252321909580738,339.1646,321.06059999999997,346.6436972812018,1.0358392355806,1.094248250953247,1,0.24580784372428052,0.23750982884854804,2.4404529370733594,55.28925093445501,2.4435606614928815,3.0021174701948095,-0.5585568087019279,348.77049999999997,358.1609418930883,339.38005810691163,0.05384883121170749,0.6357497351237957,8.843571428571433,0.02517241098876077,-0.015937928909554366,-0.0854040423626331,306372813.6,0.940677887223607,349.49,-0.005208926334965228,0
2020-09-23,350.52,352.74,347.28,349.49,349.49,335129679.0,30.78,0.69,-0.00520892633496528,-0.0052225400876818795,339.48699999999997,320.91585000000003,346.91477373061116,1.029465045789677,1.0890393852469424,1,0.23845254673356123,0.23711902963329215,2.150781820138093,53.598388792710786,2.393587046149321,2.880411385385712,-0.4868243392363909,349.0765,358.1183495429859,340.0346504570141,0.05180440128716778,0.5228658969335482,8.597142857142861,0.02459910972314762,-0.013715253280654705,0.16284473406248434,308702760.4,1.085606356631724,352.3,0.008040287275744663,1
2020-09-24,350.85,355.68,347.48,352.3,352.3,311407529.0,28.91,0.62,0.008040287275744573,0.008008136385957095,339.9002,320.7951,347.4276524229339,1.0364807081608072,1.0982087943363226,1,0.2349932885946634,0.23120321442665764,1.8483147019792796,55.83203701780059,2.5513161276191454,2.814592333832399,-0.2632762062132534,349.33299999999997,358.4379647532538,340.2280352467461,0.05212771054110427,0.6629330853958983,8.66071428571429,0.0245833502291067,0.01157148189623003,-0.07078498708555148,309687503.85,1.005554067014706,352.96,0.001873403349418019,1
2020-09-25,354.66,357.93,349.7,352.96,352.96,334574624.0,29.37,0.64,0.0018734033494181013,0.001871650717945689,340.3768,320.68315,347.9545426683688,1.036968442032477,1.1006502836210756,1,0.2323354531072325,0.2287301195429071,1.5807427031510466,56.363356030910225,2.698467788285029,2.7913674247229254,-0.09289963643789623,349.4355,358.66057903261515,340.21042096738483,0.05279989601851418,0.6910281736800375,8.705000000000004,0.024662851314596567,0.03331576790210189,0.07439478125141918,312571956.85,1.070392326207814,359.31,0.017990707162284743,1
2020-09-28,360.2,362.11,357.41,359.31,359.31,305785695.0,26.06,0.59,0.01799070716228468,0.01783078956238746,340.95459999999997,320.5909,349.0360147951908,1.0538353200103474,1.120774170445886,1,0.23749223153157473,0.23102277314527184,1.9001471750722776,61.19950556536253,3.2895584878006616,2.8910056373384725,0.39855285046218913,349.8895,360.11832505986706,339.66067494013294,0.05846888837668938,0.9604878832076705,8.794285714285719,0.024475482770548326,0.0405131472257616,-0.08604636136421395,312723229.35,0.9778157370515143,360.75,0.004007681389329542,1
2020-09-29,361.93,364.53,358.16,360.75,360.75,305837420.0,26.8,0.54,0.004007681389329498,0.003999672026455097,341.569,320.49715,350.15163243374406,1.0561555644686724,1.1255950325923336,1,0.23738490336846674,0.22909689612425732,2.2135084951985156,62.22199962814873,3.830047685565887,3.0788140469839553,0.7512336385819318,350.293,361.56844532905563,339.0175546709444,0.06437722323325581,0.9637067403488582,8.715714285714288,0.024159984159984167,0.06102941176470589,0.00016915441384535157,312123614.15,0.9798599213099622,362.38,0.004518364518364505,1
2020-09-30,361.88,366.2,358.06,362.38,362.38,301626731.0,28.51,0.57,0.004518364518364404,0.00450818735398108,342.05940000000004,320.4224,351.3162388686256,1.0594066410687732,1.1309446530579634,1,0.23681898335584994,0.21639858137175064,1.7029466418205188,63.39781817126279,4.339889106201667,3.3310290588274976,1.0088600473741698,351.04249999999996,363.44222474228,338.6427752577199,0.07064514833528554,0.9571674063209137,8.570714285714287,0.02365117910953774,0.03747602278908646,-0.013767736465995606,311364949.45,0.9687241018386888,361.41,-0.002676748164909682,0
2020-10-01,361.24,363.8,358.85,361.41,361.41,330333043.0,29.9,0.61,-0.0026767481649097036,-0.0026803370610903403,342.76099999999997,320.33945,352.277549452566,1.0544081736253543,1.1282094665518094,1,0.22981137861975387,0.21652694899507374,1.5924803466363684,62.15797428472447,4.612501169592122,3.5873234809804226,1.025177688611699,351.475,364.70273561399637,338.2472643860037,0.07526985198923798,0.8755366862871141,8.174285714285714,0.022617762968057648,0.06275178639691847,0.0951716444521622,312000927.45,1.0587566059493136,361.99,0.0016048255443955176,1
2020-10-02,360.43,364.72,357.7,361.99,361.99,302584954.0,21.12,0.62,0.0016048255443954496,0.0016035391879493704,343.35759999999993,320.2473,353.20254474279784,1.0542652907639152,1.1303452050961866,1,0.22452817630800187,0.2165139616023285,1.57461504371275,62.628597161852774,4.81978980991687,3.8338167467677122,0.9859730631491574,351.94,365.976690268162,337.903309731838,0.07976751871411089,0.857990374053399,8.186428571428573,0.022615068293125703,0.036982926549788075,-0.08400034325358119,312614849.9,0.9679161245756291,364.42,0.0067128926213431495,1
2020-10-05,363.85,368.0642,360.7758,364.42,364.42,326280420.0,22.71,0.71,0.006712892621343114,0.006690461486912076,343.86980000000005,320.18735,354.2708738149123,1.0597615725486795,1.1381461509956594,1,0.22521240068576456,0.216773205458338,1.658569113842017,64.61419245003557,5.121115214046938,4.091276440223558,1.0298387738233803,352.613,367.7030289142096,337.5229710857904,0.08558974804767154,0.8912186009130401,8.14417142857143,0.022348310818757013,0.03835194894005034,0.07831012641824886,312476110.55,1.0441771674183429,356.66,-0.021294111190384695,0
2020-10-06,357.18,360.69,353.16,356.66,356.66,308307083.0,29.27,0.62,-0.021294111190384712,-0.021524101597365418,344.4048,320.07935000000003,354.4984096420635,1.0355837084732848,1.1142861918458657,1,0.23801917877158701,0.22133961231381127,1.1455737192105708,54.6317546331529,4.679804744757973,4.208982101130442,0.4708226436275318,352.5955,367.6648561137931,337.5261438862069,0.08547673531710057,0.6348597766445004,8.077028571428574,0.02264629779461833,0.015199817829898654,-0.055085551869768934,311931790.65,0.9883798068723715,350.83,-0.016346099927101555,0
2020-10-07,352.19,354.99,348.04,350.83,350.83,280420642.0,25.31,0.68,-0.016346099927101565,-0.016481171368725556,344.83899999999994,319.95515,354.1490372952003,1.0173733249429444,1.096497430968059,1,0.23735816700523754,0.22405099718467944,0.8336311056663864,48.56168147204077,3.815646345802179,4.13031495006479,-0.3146686042626108,352.4195,367.48479853670693,337.3542014632931,0.08549639583884636,0.44724631587703223,7.759171428571433,0.022116613255911504,0.0038341583450169914,-0.0904502119401519,309561400.3,0.9058643672248564,355.35,0.01288373286207006,1
2020-10-08,354.17,357.95,351.58,355.35,355.35,305019503.0,24.32,0.6,0.012883732862070119,0.012801443617262561,345.38200000000006,319.83395,354.26341469565745,1.0288607976096031,1.111045278338963,1,0.24052898561209007,0.22496526567079747,1.1588365128340017,52.92846534090505,3.455685818463053,3.9953891237444425,-0.5397033052813898,352.77349999999996,367.76078201193815,337.78621798806176,0.0849682984231849,0.5859562126528942,7.4634571428571475,0.0210031156405154,0.008657394266250451,0.08772129192971456,310718542.4,0.9816585152724379,357.06,0.004812157028281918,1
2020-10-09,356.67,360.97,352.76,357.06,357.06,294365606.0,22.86,0.61,0.0048121570282819714,0.004800615611911535,346.07179999999994,319.73695,354.5297561532139,1.0317512146323395,1.1167304873584365,1,0.23240487711652205,0.22471669798627095,1.3395444028562398,54.50211657347151,3.2706946837276405,3.850450235741082,-0.5797555520134416,353.5475,367.6750138424468,339.41998615755324,0.07991861824737448,0.6243141588303458,7.680600000000006,0.021510670475550345,0.01161604714415243,-0.03492857635401758,309414268.2,0.9513640327980195,356.99,-0.00019604548255193295,0
2020-10-12,356.83,361.11,352.72,356.99,356.99,315593297.0,24.61,0.56,-0.0001960454825519209,-0.00019606470197949775,346.81480000000005,319.68215,354.7640650910031,1.0293390016804356,1.1167029501021564,1,0.2202914190146146,0.2247293015744003,1.3012992436156314,54.421909895865994,3.082901690032031,3.6969405265992723,-0.6140388365672411,354.131,367.78373198031875,340.4782680196812,0.07710554557652521,0.6047043186490715,7.743457142857149,0.021690963732477517,-0.006456820016142006,0.0721133534873637,310483227.65,1.0164584392808504,357.94,0.0026611389674780486,1
2020-10-13,356.45,361.58,352.82,357.94,357.94,294167864.0,22.49,0.59,0.002661138967477994,0.002657604406426028,347.6602,319.66925,355.06653508233615,1.029568526969725,1.119719835423645,1,0.21800061734615303,0.22437229832731578,1.4434461248693304,55.38157918235938,2.9764211201562603,3.5528366453106703,-0.5764155251544101,355.028,367.0290290786863,343.02697092131376,0.06760609911698488,0.6213229290707388,7.979171428571432,0.022291924424684115,-0.007789327789327838,-0.06788937915877213,309789278.7,0.9495740628418333,360.55,0.007291724870089998,1
2020-10-14,361.19,364.28,357.47,360.55,360.55,331204564.0,31.23,0.66,0.0072917248700898885,0.007265268773506177,348.38560000000007,319.66385,355.58876983639936,1.0349164833448912,1.1279035774611361,1,0.20943900319987918,0.22395013223677535,1.7116077079564627,57.9981669298435,3.0672819714483808,3.455725710538213,-0.3884437390898321,355.591,367.5148441346519,343.6671558653481,0.06706493772124932,0.7079446839161834,7.879885714285714,0.021855181567842778,-0.005049947568850355,0.12590328357553027,310131937.65,1.0679472953017228,358.7,-0.00513104978505068,0
2020-10-15,357.92,361.19,355.44,358.7,358.7,313406172.0,25.94,0.64,-0.005131049785050634,-0.005144258824531656,348.97259999999994,319.63825,355.88507747102796,1.0278743947232534,1.12220611894853,1,0.19108665720689955,0.22429158810429664,1.5477026700399872,55.51313065259615,2.9559361202219634,3.355767792474963,-0.39983167225299976,356.52250000000004,366.00107834110827,347.0439216588918,0.053172399167411004,0.6148642718888208,7.702742857142856,0.021474053128360347,-0.0074984090091586575,-0.053738365755128914,309972539.35,1.0110772156049699,355.67,-0.008447170337329168,0
2020-10-16,355.46,358.12,353.0,355.67,355.67,311892070.0,25.86,0.69,-0.008447170337329224,-0.00848304987728304,349.3646,319.61605,355.86459390235865,1.018048193778076,1.1128039408534085,1,0.16684221848270359,0.22510115710126966,1.4129918473294525,51.61254913851526,2.5933040587742653,3.203275045734824,-0.6099709869605587,356.85200000000003,365.6768562833147,348.0271437166854,0.04945947498284964,0.4330300708314152,7.456314285714281,0.020964136097265107,-0.017459045829995246,-0.004831117365487025,310562240.35,1.004282006880493,357.5,0.005145218882672095,1
2020-10-19,357.01,360.84,353.68,357.5,357.5,326478112.0,27.47,0.65,0.0051452188826721645,0.005132027473108539,349.7086,319.5825,356.02034686403874,1.022279692292383,1.1186469847379004,1,0.142233104460163,0.22059569266547205,1.104990027223882,53.72726467104561,2.4256202036938816,3.0477440773266355,-0.6221238736327539,357.17900000000003,365.55800358352576,348.7999964164743,0.0469176719992064,0.5191550222100361,7.512742857142854,0.021014665334665325,-0.018989078535755488,0.046766312461871795,311130656.95,1.0493280064409287,353.48,-0.011244755244755194,0
2020-10-20,352.65,356.72,349.42,353.48,353.48,331868371.0,28.41,0.63,-0.011244755244755211,-0.011308455484258637,350.0628,319.5664,355.77840906746366,1.0097616770476612,1.106123797745946,1,0.14759421009755808,0.21029595628486072,1.5943777489480482,48.69290180197846,1.9459178077910337,2.827378823419515,-0.8814610156284814,357.287,365.39947278805585,349.1745272119441,0.045411519523705944,0.2653613084613096,7.508457142857139,0.02124153316413132,-0.008916054505691662,0.01651032275021236,313314168.95,1.0592191604745491,356.36,0.008147561389611846,1
2020-10-21,356.36,360.26,352.46,356.36,356.36,314648271.0,28.36,0.76,0.008147561389611813,0.00811454920263931,350.5078,319.56210000000004,355.8337986800862,1.0166963474136668,1.1151510144663588,1,0.1500273919073877,0.20808153845469776,1.424461616034376,52.152013378413464,1.7776504855561939,2.617433155846851,-0.8397826702906572,357.63050000000004,364.88982133989776,350.3711786601023,0.040596768675364235,0.412491819763525,7.7120285714285695,0.02164111732918557,0.015762620072399924,-0.051888343405886106,312290098.55,1.0075512238810942,348.81,-0.021186440677966132,0
2020-10-22,348.58,352.14,345.24,348.81,348.81,301503994.0,28.68,0.65,-0.021186440677966156,-0.021414094503816584,350.73980000000006,319.54585,355.1648654724589,0.9944979155487913,1.0915804414296102,1,0.16721019324484876,0.20925127400129723,0.6288650453749643,43.8127647027135,1.023279785964121,2.2986024818703052,-1.2753226959061843,357.456,365.39116198886825,349.5208380111318,0.04439797898955973,-0.044790390674077384,8.00488571428571,0.02294912907968725,-0.01840439003799077,-0.04177450890871093,311794921.8,0.9669945625137503,354.72,0.01694332157908324,1
2020-10-23,354.32,356.74,352.3,354.72,354.72,283955531.0,24.42,0.72,0.016943321579083293,0.016801384519374955,351.18839999999994,319.57095000000004,355.1224973322248,1.0100561408064734,1.1099882514352446,1,0.1752803580653037,0.20453743336989105,1.4884205774383648,50.48698355059331,0.8920402944208945,2.0172900443804234,-1.1252497499595289,357.544,365.30637999314644,349.78162000685353,0.04342055799076334,0.31809702676167534,8.05071428571428,0.02269596945679488,-0.0065535204167366246,-0.058203086357788036,309263967.15,0.9181655839727205,357.93,0.009049391069012121,1
2020-10-26,357.15,361.61,353.47,357.93,357.93,302994129.0,25.26,0.64,0.009049391069012147,0.009008690687817273,351.61839999999995,319.60675,355.38987853867957,1.017950141403294,1.1199075113401078,1,0.17779320369787902,0.20499251407167482,1.7085068556206464,53.70368973948804,1.0351200056686025,1.8208560366380593,-0.7857360309694568,357.475,365.1957049037398,349.75429509626025,0.04319577538970935,0.5294662213582417,7.827857142857137,0.021869798963085343,0.0026331269783468336,0.06704781531443382,309124388.85,0.9801689544043881,360.08,0.006006761098538757,1
2020-10-27,360.42,362.8,357.7,360.08,360.08,304198785.0,27.92,0.7,0.006006761098538815,0.005988792428858607,352.09780000000006,319.67010000000005,355.83655677309105,1.0226704057793032,1.1264112596079519,1,0.16769002433816785,0.2050136282098807,1.8799902216296085,55.7760609154397,1.3069332266669562,1.7180714746438388,-0.4111382479768826,357.4415,365.10799655799764,349.7750034420024,0.04289651066245061,0.6720799050366381,7.576428571428567,0.021040959151934477,0.005978655640610064,0.003975839413046911,309042457.1,0.984326839278162,365.94,0.016274161297489487,1
2020-10-28,367.76,370.59,363.12,365.94,365.94,316873505.0,24.68,0.72,0.016274161297489487,0.016143156551742744,352.7136,319.76795,356.79878946136813,1.0374989793418796,1.1443923632746809,1,0.1763982912289673,0.2035104018742061,2.550918923707147,60.911880721727684,1.9724628644671611,1.7689497526085034,0.20351311185865772,357.6195,365.90879677673183,349.3302032232682,0.046358192306116625,1.0018821392879713,7.818571428571423,0.021365719594937486,0.014949382887255558,0.041665912636699165,309804795.8,1.0228166551836186,375.48,0.02606984751598628,1
2020-10-29,375.63,378.96,372.15,375.48,375.48,308959929.0,25.99,0.68,0.026069847515986178,0.025735821932371075,353.4368,319.8847,358.5779523698093,1.0623681518166757,1.1737979340681188,1,0.19683054354503016,0.2079073214097134,3.161457114637788,67.52412207002959,3.2324366506130673,2.0616471322094165,1.1707895184036508,358.32300000000004,369.758083779874,346.88791622012604,0.06382556397352153,1.2501912679007434,8.162142857142848,0.021737889786787173,0.04678003902983008,-0.02497392768764306,308736140.1,1.000724854887178,381.76,0.01672525833599652,1
2020-10-30,382.9,387.5,377.18,381.76,381.76,327038827.0,27.0,0.56,0.016725258335996473,0.016586931440760098,354.22700000000003,320.0428,360.78576642982745,1.0777269942720344,1.1928404575887974,1,0.2027004049524833,0.2073095887121691,3.7449134437668663,71.00166812533166,4.6837273759340405,2.5860631809543415,2.097664194979699,359.31149999999997,374.78588532067545,343.8371146793245,0.08613353772775108,1.2253438354278607,8.421428571428562,0.022059483894144388,0.07335451401580118,0.058515348765502795,309958833.75,1.05510406992877,372.94,-0.023103520536462682,0
2020-11-02,371.39,378.16,366.19,372.94,372.94,304272792.0,27.96,0.68,-0.023103520536462696,-0.023374590113603932,354.8588,320.13195,361.9433124841296,1.0509532242119966,1.1649571372054555,1,0.22156023804857933,0.20792111394062074,2.7647688590714616,61.10513028838233,5.063812959864379,3.0816131367363493,1.9821998231280293,359.7375,376.2390378868663,343.2359621131337,0.09174210576779133,0.9000384718568544,8.907857142857134,0.02388549670954345,0.04318881118881124,-0.06961263654483452,308858452.35,0.9851528740265669,367.2,-0.015391215745160104,0
2020-11-03,367.38,370.86,363.72,367.2,367.2,314001779.0,21.56,0.75,-0.015391215745160114,-0.015510890049611993,355.2474,320.21605000000005,362.44394939040296,1.0336458479358328,1.1467257809219742,1,0.22815696715324776,0.209093309742283,2.1556622173135755,55.667103389746416,4.846001802432397,3.4344908698755594,1.4115109325568378,360.2645,377.02342155179,343.50557844821,0.09303676355424144,0.706919639126549,9.079999999999993,0.024727668845315885,0.038814077175511885,0.03197455459638987,309143187.15,1.0157163154549564,364.88,-0.006318082788671005,0
2020-11-04,363.68,367.82,360.74,364.88,364.88,335719780.0,27.79,0.72,-0.0063180827886709645,-0.006338126342890346,355.6775999999999,320.2713,362.6759542103646,1.0258728691376686,1.1392841006983767,1,0.21572410334440598,0.2062474987833665,1.6670567572671007,53.59115031639145,4.435055718376759,3.6346038395757994,0.8004518788009598,360.967,377.2313609093496,344.7026390906504,0.09011550036044588,0.6202936906401999,9.174999999999992,0.025145253233939905,0.023908407228645068,0.0691652164174521,311908144.05,1.0763418217966854,365.89,0.0027680333260249696,1
2020-11-05,364.27,369.31,360.86,365.89,365.89,320981941.0,25.42,0.72,0.0027680333260249324,0.002764209376698724,356.052,320.2912,362.9820538093775,1.0276307955017805,1.1423666963063612,1,0.20611225422608406,0.20501204390367614,1.4854691681550731,54.38861279995004,4.143117268266167,3.736306525313873,0.4068107429522936,361.494,377.67485600494416,345.3131439950559,0.08952212764194908,0.6358395377234957,9.371428571428563,0.025612693900977243,0.048966486052578695,-0.04389922750455755,312706265.95,1.0264646921124478,369.44,0.00970236956462328,1
2020-11-06,368.62,373.13,364.93,369.44,369.44,313949343.0,27.77,0.61,0.009702369564623226,0.009655603826041427,356.42260000000005,320.38620000000003,363.5970963037225,1.0365223754049264,1.153108342369303,1,0.2042985086283001,0.20353709302711653,1.9485881218147638,57.174138851869,4.1503664339258535,3.8191185070362694,0.33124792688958404,362.113,378.5251958503938,345.7008041496062,0.0906468193649412,0.7232181502727124,9.445714285714278,0.02556765451958174,0.04149751917004951,-0.021909637589237474,313685452.8,1.000841257373093,366.58,-0.0077414465136423066,0
2020-11-09,367.89,370.77,363.71,366.58,366.58,304465972.0,27.94,0.67,-0.0077414465136422805,-0.007771567062483434,356.7496,320.53355,363.8811823700346,1.0275554618701745,1.1436556329282848,1,0.20668322756648774,0.20397903823097407,1.889459317785133,54.2971804302372,3.8806002083438216,3.83141484729778,0.04918536104604154,362.59250000000003,378.93470480519204,346.250295194808,0.09014088711237513,0.6220000620146159,9.372857142857137,0.025568381097869873,0.024166736512725828,-0.030206691657258866,313129086.55,0.9723337277751848,368.42,0.005019368214305287,1
2020-11-10,369.47,373.77,364.14,368.42,368.42,303918450.0,30.02,0.73,0.005019368214305375,0.0050068131803694856,357.06440000000003,320.6673,364.3134507157456,1.0318026664097568,1.1489166497488206,1,0.20698599553006752,0.2035008400383952,1.8100907856761528,55.8368600796404,3.7718021659835586,3.819492311034936,-0.047690145051377364,363.1165,379.5025907318917,346.73040926810825,0.09025252629305802,0.6618293248253588,9.503571428571421,0.02579548186464204,0.023161519662297403,-0.0017983027673121876,313616615.85,0.9690763647081806,365.42,-0.008142880408229738,0
2020-11-11,365.69,368.91,362.2,365.42,365.42,300114268.0,29.38,0.74,-0.008142880408229747,-0.008176214740551765,357.425,320.8135,364.4188363618651,1.0223683290200742,1.1390418420671202,1,0.20964340226801256,0.2018322060240461,1.9527786310658601,52.718416792183326,3.4042617947214353,3.736446207772236,-0.3321844130508005,363.36,379.73023743518445,346.9897625648156,0.09010478553026961,0.5629190629516937,9.188571428571423,0.025145234055529042,-0.0014209979778104787,-0.012517114377228467,312062101.05,0.9617132839591896,363.18,-0.006129932680203626,0
2020-11-12,361.51,366.55,358.15,363.18,363.18,305532379.0,29.37,0.78,-0.006129932680203676,-0.006148797851868564,357.63339999999994,320.9391,364.30085194644937,1.0155091778340615,1.1316165590294234,1,0.20977883318153162,0.20118624681251326,1.5893516094598288,50.4526645592169,2.898818349490739,3.5689206361159367,-0.6701022866251978,363.58399999999995,379.8077024783298,347.3602975216701,0.08924321465347898,0.4875490813201514,9.222142857142854,0.025392760771911597,-0.0327580696708214,0.018053493544665455,311668411.4,0.980312305721208,356.95,-0.017154028305523483,0
2020-11-13,356.74,360.38,353.32,356.95,356.95,328224152.0,29.61,0.72,-0.017154028305523483,-0.017302863183181375,357.7186,321.08585,363.6007708086923,0.9978513837412983,1.1116964512761929,1,0.21777613573577304,0.20450374383111308,1.2466016688176544,44.69867090365256,1.972800626310061,3.2496966341547617,-1.2768960078447007,363.648,379.7498934486502,347.54610655134985,0.08855758012476843,0.29201203816022203,9.344999999999999,0.02618013727412803,-0.06498847443419953,0.0742696177546538,312485015.5,1.0503676519490581,353.21,-0.01047765793528508,0
2020-11-16,353.53,356.77,349.98,353.21,353.21,311116955.0,26.73,0.75,-0.0104776579352851,-0.010532935048676485,357.7636,321.2224,362.6111735888168,0.9872720422088775,1.0995808511486123,1,0.21886255368559004,0.2056582876759042,1.0912832759576092,41.62927863129643,0.9264585283615929,2.785049012996128,-1.8585904846345351,363.4335,379.98816768332625,346.8788323166737,0.09110149550484874,0.1912200173462785,9.478571428571424,0.02683551266547217,-0.05290395237839873,-0.05212046979406926,311716957.65,0.9980751684010927,347.43,-0.016364202599020338,0
2020-11-17,347.61,351.05,343.98,347.43,347.43,291378971.0,26.08,0.74,-0.016364202599020383,-0.016499575035397094,357.57199999999995,321.3534,361.165347532739,0.9716364816037052,1.081146177386018,1,0.22479707330197632,0.20716057836971222,0.5270867814304668,37.359549400539905,-0.3649657196420435,2.155046066468494,-2.5200117861105373,363.131,380.6447875310943,345.6172124689056,0.09645988654808388,0.0517531552733574,9.38714285714285,0.02701880337663083,-0.05383986928104567,-0.06344232830383678,309692487.65,0.9408654798540123,343.54,-0.011196500014391349,0
2020-11-18,341.64,346.04,339.15,343.54,343.54,345942962.0,28.18,0.69,-0.01119650001439132,-0.011259652655516584,357.35580000000004,321.4063,359.4867430058115,0.9613388113471223,1.0688651715912227,1,0.22477013909539498,0.20777528616367005,0.1436727908673077,34.774500315747034,-1.6829195809594921,1.3874529369828967,-3.070372517942389,362.49,381.88464820375646,343.09535179624356,0.10700790754891414,0.011463167546882164,9.048571428571424,0.026339207744575373,-0.05848498136373592,0.18726125228851886,311257222.2,1.1114375420908709,349.48,0.017290562962100475,1
2020-11-19,348.55,352.06,345.97,349.48,349.48,320599390.0,27.83,0.63,0.01729056296210052,0.017142782221014556,357.38,321.48695,358.53371986240086,0.977894677933852,1.087073674374652,1,0.23171690183910856,0.21049628491524225,0.5203537339583546,41.438030444865376,-2.2224797904708,0.6654663914921574,-2.887946181962957,362.5235,381.8207267164863,343.2262732835137,0.10646055616495524,0.16203692914540654,8.798571428571424,0.025176180120669064,-0.04484954494520199,-0.07325939470911969,312211992.0,1.0268644325487664,345.69,-0.010844683529815784,0
2020-11-20,345.63,347.91,343.41,345.69,345.69,290378490.0,25.23,0.77,-0.010844683529815824,-0.010903915735861138,357.4622,321.5414,357.31050844693414,0.9670672871145537,1.0751026150909337,1,0.22286789688276665,0.2083342682879219,-0.043721299704261314,38.719968239303526,-2.922220925666636,-0.052071071939601254,-2.870149853727035,362.072,382.5258716962957,341.6181283037043,0.11298234437481623,0.09953792017121167,8.119999999999996,0.023489253377303353,-0.0642864876569944,-0.09426374766340007,312533139.95,0.9291126376116646,359.53,0.04003587028840862,1
2020-11-23,360.11,363.42,356.23,359.53,359.53,307267643.0,27.01,0.76,0.040035870288408715,0.03925520322042355,357.7464,321.705,357.52188859484517,1.0049856546425064,1.117576661848588,1,0.25714499641770006,0.22156901408546723,0.9100111945550877,51.285942237945825,-2.333103912778313,-0.5082776401073436,-1.8248262726709692,362.15200000000004,382.5500996018876,341.7539003981125,0.11264938258980339,0.43572930685677286,8.727857142857143,0.02427574094750687,-0.0192318184298107,0.058162548472512565,312746815.65,0.9824804846098519,362.89,0.00934553444775127,1
2020-11-24,360.5,366.45,356.97,362.89,362.89,316940511.0,25.91,0.73,0.009345534447751325,0.009302135124404354,358.20419999999996,321.92895,358.03313730009796,1.0130813653217914,1.127236304780915,1,0.25726721910031747,0.22127220099032027,0.8800088486140046,53.76472512626357,-1.5769227327343742,-0.7220066586327497,-0.8549160741016245,362.29249999999996,382.6692069029966,341.9157930970033,0.11248759995274768,0.5146613484291099,8.899285714285712,0.02452336993106923,-0.01501004288583685,0.03148026881567878,313383901.95,1.0113490483329532,364.71,0.0050152938907106655,1
2020-11-25,364.53,368.07,361.17,364.71,364.71,344830361.0,23.87,0.68,0.005015293890710648,0.0050027591969516415,358.51259999999996,322.2012,358.6690289858029,1.017286421732458,1.1319324695252533,1,0.25703622317993957,0.22051565677338608,0.7785832819249698,55.097543816477135,-0.8213172756317135,-0.7418687820325425,-0.07944849359917106,362.231,382.5687418401847,341.8932581598153,0.11229155892305503,0.5609458026097288,8.788571428571426,0.024097423784846663,-0.0019429697334575335,0.08799711312385683,314781744.75,1.0954585732850062,361.22,-0.009569246798826335,0
2020-11-26,361.37,365.5,357.09,361.22,361.22,295608031.0,29.23,0.8,-0.009569246798826314,-0.009615326240294663,358.93559999999997,322.4459,358.91197860620264,1.0063643728847183,1.1202499396022714,1,0.2529043747247691,0.22141407335906543,0.637413629111557,52.00186918956228,-0.49836351550135305,-0.6931677287263046,0.19480421322495156,361.518,380.87629222568046,342.1597077743195,0.10709448617013229,0.49230304003529496,8.803571428571429,0.0243717718525315,-0.005396772950052253,-0.14274360835645794,314114149.85,0.9410847334994704,365.65,0.012263994241736199,1
2020-11-27,366.59,369.66,362.59,365.65,365.65,332080712.0,26.14,0.76,0.012263994241736187,0.01218940072144259,359.26700000000005,322.75055,359.55369492942145,1.0177667305931242,1.1329182862740281,1,0.23875643299615992,0.22228299481286645,0.7296306645951383,55.4253946188932,0.11373260443554045,-0.5317876620939357,0.6455202665294761,360.7125,377.72265037527825,343.7023496247217,0.09431417195262774,0.6451339315180539,8.902142857142858,0.024346076458752516,0.024373161507213803,0.12338190162364016,314366244.1,1.056349777472816,363.59,-0.005633802816901415,0
2020-11-30,364.35,367.84,360.1,363.59,363.59,339491012.0,31.12,0.81,-0.005633802816901401,-0.005649732542119021,359.5196000000001,323.04105,359.9381049361432,1.0113217749463448,1.1255225922525944,1,0.2300626844938247,0.220380692740899,0.9057531147838724,53.51393852673083,0.4276685091788863,-0.33989642783937135,0.7675649370182577,360.245,376.32890434401656,344.16109565598344,0.08929425443224424,0.603985945447393,8.767142857142854,0.024112717228589497,0.02938761643215093,0.022314755817555598,316127155.1,1.0739065168021056,365.09,0.004125526004565582,1
2020-12-01,365.72,368.08,362.74,365.09,365.09,303998549.0,21.94,0.88,0.004125526004565616,0.004117039355412652,359.795,323.22769999999997,360.4287616088915,1.0147167136841813,1.129513343070535,1,0.21793670122912775,0.21847812974949465,0.7059255316751969,54.737985634509776,0.7884140925625616,-0.11423432375898479,0.9026484163215464,360.1395,376.0581503990264,344.2208496009736,0.08840269061839745,0.6554937094305202,8.669285714285706,0.02374561262780604,0.05083038309875354,-0.10454610503797368,315626993.6,0.9631576359570279,379.32,0.03897669067901071,1
2020-12-02,378.41,382.24,375.49,379.32,379.32,310143511.0,24.61,0.68,0.03897669067901077,0.038236277485272994,360.39160000000004,323.4447,362.22792716994945,1.0525217568888952,1.1727507051437231,1,0.251287230267198,0.23152744956618593,1.342840285470397,64.3329069804947,2.197221440312603,0.34805682905533286,1.8491646112572702,360.8615,378.85951073803494,342.863489261965,0.09975024067674212,1.0127927821483937,9.294285714285706,0.02450249318329038,0.10415089945857825,0.02021378727041223,314348180.15,0.9866241657642376,379.72,0.0010545186122535963,1
2020-12-03,377.55,383.38,373.9,379.72,379.72,296864588.0,26.08,0.76,0.0010545186122536965,0.0010539629980712605,360.94,323.6984,363.8938388680495,1.0520308084446168,1.1730672749695397,1,0.24962834490811817,0.23118897062345775,1.447775622824805,64.56033133275369,3.3078571521929803,0.9400168936828623,2.367840258510118,361.553,381.33844717715795,341.76755282284205,0.10944700874894261,0.9591000606752651,9.267142857142849,0.024405200824667777,0.08652855671283044,-0.04281541457109517,313142312.5,0.9480181251455758,386.8,0.018645317602443864,1
2020-12-04,386.35,390.65,382.51,386.8,386.8,311439430.0,28.84,0.79,0.018645317602443923,0.018473624565541538,361.6168,323.92525,366.0753780234734,1.069640569796536,1.1941026517691968,1,0.25620328267650555,0.23159860151471767,1.4693765455559327,68.40095032508457,4.705103283698236,1.693034171685937,3.012069112012299,362.421,384.9906180505447,339.8513819494553,0.12454917375363145,1.0400844609856295,9.549999999999992,0.024689762150982397,0.11892157713558404,0.049095926523913924,313016816.85,0.9949606961508528,383.94,-0.0073940020682523614,0
2020-12-07,385.09,388.12,380.91,383.94,383.94,314359675.0,27.0,0.88,-0.007394002068252359,-0.0074214731997154,362.10940000000005,324.17830000000004,367.7767705926664,1.0602873054386326,1.184348242926809,1,0.2572196137952939,0.23158983393878751,1.470227637272584,65.3214188932418,5.518044232499221,2.458036183848594,3.0600080486506274,363.289,387.7851564332061,338.79284356679386,0.13485768318412447,0.9215151069799001,9.405714285714279,0.02449787541208074,0.06789419519928797,0.009376606552355948,313511502.0,1.0027053967544706,384.67,0.0019013387508465338,1
2020-12-08,386.28,389.47,381.49,384.67,384.67,326543874.0,26.78,0.73,0.0019013387508466373,0.0018995334942312763,362.5878,324.57225,369.38564958384103,1.0609016629903156,1.1851598526984362,1,0.25479542511080716,0.2285060006827553,1.823650721986015,65.7453386843662,6.150313702556957,3.196491687590267,2.9538220149666903,364.1015,390.3308923319883,337.87210766801167,0.1440773648662051,0.8920887632235273,9.384285714285706,0.024395678670771585,0.06001818732949382,0.038758784821876446,314642773.2,1.0378241670036235,395.27,0.027556087035640848,1
2020-12-09,396.12,398.36,393.03,395.27,395.27,334078210.0,23.18,0.91,0.02755608703564083,0.02718325182126015,363.24559999999997,325.08914999999996,371.85082581395136,1.0881618387118799,1.2158818588685596,1,0.269245670757403,0.23026411879324044,2.621876250912631,71.24252878810739,7.421176521518873,4.041428654375989,3.3797478671428847,365.594,395.3052265863135,335.8827734136865,0.1625367297397235,0.9994071838937618,9.753571428571421,0.024675718947988517,0.08379260234158648,0.023072966911637627,316340970.3,1.0560700047267952,392.76,-0.0063500898120271996,0
2020-12-10,393.27,396.32,389.71,392.76,392.76,301908318.0,23.11,0.82,-0.0063500898120272264,-0.0063703373938258255,363.87260000000003,325.70515,373.8421757364322,1.0793887750822677,1.2058759279673656,1,0.26833974116285714,0.23025987043900994,2.3212291571347574,68.44165139765893,8.132067031856423,4.859556329872076,3.2725107019843467,367.073,399.13055028891665,335.0154497110833,0.1746658037438294,0.9006388474415057,9.792142857142851,0.024931619454992494,0.08731520956757644,-0.09629449343613283,316159767.25,0.9549232675176825,403.82,0.028159690396170695,1
2020-12-11,404.28,408.33,399.78,403.82,403.82,280571811.0,26.81,0.82,0.028159690396170722,0.02777049582113867,364.70920000000007,326.4056,376.6972066186767,1.1072383147998457,1.2371724014538967,1,0.27879858252546513,0.2332266753813896,3.038686047375288,73.40351771602118,9.47863860511967,5.783372784921595,3.695265820198075,369.4165,405.01525235838733,333.81774764161264,0.19272962825586287,0.9832121594130961,9.637857142857134,0.023866715721997757,0.10438944345685774,-0.07067214027537994,313777150.2,0.8941754070402033,408.82,0.012381754246941707,1
2020-12-14,408.14,412.68,404.29,408.82,408.82,314628216.0,22.59,0.82,0.012381754246941767,0.012305727249603158,365.5972,327.1413,379.75652027404084,1.1182251942848578,1.2496740705010343,1,0.2674925371666851,0.22872224383838807,2.8370821743292467,75.29464778762902,10.82448654878607,6.791595537694491,4.0328910110915785,372.197,411.0080120564024,333.3859879435976,0.20855091285689084,0.9718119685439476,9.593571428571424,0.023466492413706335,0.12439836079100086,0.12138213343178661,313952713.25,1.0021516066639695,406.59,-0.005454723350129686,0
2020-12-15,406.43,410.37,402.65,406.59,406.59,320136906.0,24.67,0.81,-0.005454723350129642,-0.005469654675796921,366.5958,327.79155,382.31208977175123,1.1090961762246048,1.2403919503111047,1,0.26399132584259216,0.22165605947567715,3.305338442268923,72.8081020415674,11.577678110931686,7.748812052341931,3.828866058589755,375.15500000000003,415.0215629582658,335.28843704173426,0.21253382179717453,0.8942526978311793,9.652142857142858,0.023739252950497697,0.11367060176942667,0.01750856954291735,315390610.0,1.0150489451794396,411.19,0.01131360830320476,1
2020-12-16,413.25,416.76,407.7,411.19,411.19,319364809.0,27.25,0.89,0.011313608303204825,0.01125008808306006,367.80300000000005,328.4594,385.06236693634634,1.1179626049814708,1.2518746609169962,1,0.250378793880401,0.21713098081235963,3.0943904895345096,74.666605545995,12.402797675451097,8.679609176963766,3.723188498487332,378.5375,418.58895473407796,338.4860452659221,0.21161155623404354,0.9076318852322465,9.777857142857142,0.023779413757282868,0.08401877043129802,-0.0024117712938726,314061702.35,1.01688555659706,417.83,0.0161482526326029,1
2020-12-17,416.65,421.35,413.14,417.83,417.83,309283218.0,23.54,0.79,0.01614825263260289,0.016019256456777545,369.05260000000004,329.1836,388.1830938947896,1.1321692354965116,1.2692916658059514,1,0.24148585379867904,0.21873427156266081,3.2684174056532673,77.09970504693766,13.437603058758896,9.631207953322793,3.8063951054361027,381.955,423.21295999753255,340.6970400024674,0.21603571099959185,0.9347645884722698,9.900714285714287,0.0236955562925455,0.10036342568208134,-0.03156763273814556,313495893.75,0.9865622617903906,422.5,0.011176794390062982,1
2020-12-18,424.54,427.61,419.45,422.5,422.5,317183161.0,30.01,0.86,0.011176794390062916,0.011114795561356713,370.3614,329.89934999999997,391.4513706667144,1.1407776296341898,1.2806936418637989,1,0.2399161945453606,0.21932872739692294,3.44452158410026,78.65260959309003,14.467748552133855,10.598516073085007,3.869232479048849,385.7955,427.13949846983587,344.45150153016414,0.21433115974514322,0.9438915121602873,10.046428571428578,0.023778529163144563,0.0922957600827301,0.02554274703647197,314836127.3,1.0074547788404333,414.3,-0.019408284023668614,0
2020-12-21,413.9,418.31,409.91,414.3,414.3,341520284.0,29.06,0.83,-0.019408284023668565,-0.019599097713872336,371.5076,330.69755000000004,393.6274306032178,1.1151857996983103,1.2528063785171677,1,0.2505233371782298,0.22329827044115216,3.128832508133741,69.71335466235817,14.455836918144087,11.369980242096823,3.085856676047264,388.534,429.8082863242849,347.2597136757151,0.21246164466522194,0.8121313812278775,10.56428571428572,0.025499120719975187,0.07907485544616355,0.07672892508943763,316548759.35,1.078886818894114,411.09,-0.007748008689355627,0
2020-12-22,412.73,416.51,407.33,411.09,411.09,321680347.0,22.07,0.81,-0.0077480086893556566,-0.007778180457136947,372.57060000000007,331.47909999999996,395.29053245053035,1.1033881900504223,1.240168686351568,1,0.22917134310840978,0.22402394469202652,2.8366590477079696,66.52582441314964,14.025697183044997,11.901123630286458,2.124573552758539,390.944,431.53681315701226,350.3511868429878,0.20766561531528,0.7481473742818396,9.995000000000005,0.024313410688656997,0.06868224712090876,-0.058092997486497766,316785751.15,1.0154508081005271,410.66,-0.0010459996594418498,0
2020-12-23,408.92,414.47,405.13,410.66,410.66,308466052.0,23.67,0.98,-0.0010459996594418541,-0.0010465470988665591,373.5728,332.23175000000003,396.7542912647656,1.0992770351588768,1.236064885430125,1,0.23036978867166352,0.22413584699007025,2.7829014347957823,66.08988968547656,13.494554117847201,12.219809727798607,1.2747443900485944,393.2415,432.7699469318263,353.7130530681736,0.20103904054747954,0.7203286664578669,9.985000000000005,0.02431451809282619,0.03893541123788813,-0.04107896277542877,314967535.7,0.9793582418405415,411.21,0.001339307456289764,1
2020-12-24,411.94,415.01,408.15,411.21,411.21,306246538.0,20.29,0.88,0.00133930745628974,0.0013384113840467621,374.62300000000005,333.06865,398.131025430026,1.0976635177231509,1.234610342342337,1,0.2309201553861152,0.2219225990534263,2.51031822045681,66.39323467800071,12.968506940067243,12.369549170252334,0.5989577698149091,395.741,433.0008459753307,358.48115402466925,0.18830419883326005,0.7075827153114674,9.694285714285725,0.023575024231623075,0.04697525206232811,-0.007195326635165644,315499461.05,0.9706721430863756,415.8,0.011162179908076244,1
2020-12-25,414.88,417.68,413.0,415.8,415.8,312027583.0,24.04,0.89,0.01116217990807633,0.011100342512513196,375.82559999999995,333.8851,399.8137849128807,1.1063642285145026,1.2453385910302674,1,0.22458038029075916,0.22261452819560948,2.630820123414664,68.89407215306287,12.774726308586366,12.450584597919141,0.3241417106672255,398.24850000000004,433.68725563634734,362.8097443636527,0.17797307779568947,0.7476314374488204,9.641428571428586,0.02318765890194465,0.029666683175672448,0.01887709502858126,314496804.6,0.9921486591790954,417.84,0.004906204906204819,1
2020-12-28,416.06,422.17,411.75,417.84,417.84,343642949.0,27.92,0.92,0.0049062049062047475,0.004894208704130587,377.0324,334.70625,401.5305673021301,1.1082336690427665,1.2483782421152876,1,0.22377700197322817,0.22263121254274104,2.637341726380916,69.96387755470049,12.640057992655954,12.488479276866503,0.15157871578945148,400.961,433.4085699519946,368.51343004800543,0.16184900751900388,0.7600965191570886,9.815714285714298,0.023491562046989992,0.022063499828775424,0.10132234367241821,314704401.45,1.0919546959517112,411.08,-0.016178441508711446,0
2020-12-29,411.35,414.45,407.98,411.08,411.08,311792237.0,24.97,0.8,-0.016178441508711394,-0.016310741371170875,378.18440000000004,335.524,402.44003708287966,1.0869829638663042,1.2251880640431085,1,0.2337219969571966,0.2254918106615637,2.3642439922743885,62.31566306459779,11.851243124133248,12.361032046319853,-0.5097889221866048,403.2605,431.2112999885532,375.30970001144675,0.1386240407304158,0.6398797172632352,9.542142857142867,0.023212374372732478,0.01104306549595413,-0.09268548094085871,315094085.85,0.9895210700604141,414.27,0.007760046706237224,1
2020-12-30,415.52,418.37,411.43,414.27,414.27,314653598.0,27.15,0.96,0.007760046706237311,0.007730092408497192,379.3426,336.3383,403.5667002178435,1.0920734976772974,1.231706290957646,1,0.23370066238731668,0.2257677663930779,2.4701691578265264,64.2989945461741,11.352641809773445,12.159353999010571,-0.8067121892371265,405.008,430.9549528481741,379.06104715182585,0.12813056951028162,0.6784795319419036,9.590714285714297,0.02315087813675694,0.007490454534400115,0.00917713996836933,315319590.2,0.9978878819435939,418.83,0.011007314070533717,1
2020-12-31,417.77,422.87,413.74,418.83,418.83,306559512.0,22.19,0.75,0.011007314070533791,0.010947174503296906,380.74299999999994,337.07370000000003,405.0203478161441,1.1000333558332,1.2425472530191466,1,0.20213346114041228,0.2262761826005928,2.5405055991426133,66.97470990495862,11.19638560268504,11.966760319745465,-0.7703747170604238,406.96349999999995,430.6855566029548,383.2414433970451,0.11658075774803675,0.7501153293296628,9.130714285714296,0.021800525954956178,0.002393317856544508,-0.025723799287367455,315804336.4,0.970726100517219,421.09,0.005395984050808183,1
2021-01-01,419.2,423.57,416.72,421.09,421.09,229232208.0,19.49,1.45,0.005395984050808211,0.005381477888818001,382.0704,337.8226,406.55079088127326,1.102126728477265,1.2464826213521534,1,0.20167709253575603,0.22119888808876398,3.0808678158047234,68.24499141949983,11.1266534107761,11.798738937951592,-0.6720855271754917,408.678,431.18973691538434,386.16626308461565,0.11016857729229008,0.7756784171269796,8.987142857142866,0.02134257013261504,-0.0033372781065089674,-0.25224239005182136,311693975.3,0.7354399705010917,425.13,0.00959414851931896,1
2021-01-04,425.01,428.75,421.4,425.13,425.13,244297151.0,16.11,1.47,0.009594148519318946,0.009548416947404523,383.4144,338.5904,408.32023936877107,1.108800295450562,1.2555878725445258,1,0.19633481627697383,0.21816749968274401,3.5987034048887847,70.43426307705977,11.267499660297233,11.69249108242072,-0.42499142212348673,410.7375,431.15970553582497,390.31529446417505,0.09944164112492887,0.8523737917018821,8.982857142857151,0.02112967126021958,0.02614047791455465,0.06571913751317182,308190849.1,0.7926813911360874,428.36,0.007597676004986753,1
2021-01-05,428.25,431.66,424.94,428.36,428.36,217885728.0,17.53,1.52,0.007597676004986731,0.007568959027785541,384.78,339.40915,410.2287880003167,1.113259524923333,1.2620755804609274,1,0.19162444219624125,0.21746355094488248,3.5124500764398228,72.0909423312358,11.507108549120915,11.655414575760759,-0.14830602663984394,412.922,430.7908963521035,395.05310364789653,0.08654853145175222,0.9319796728030907,8.73642857142858,0.02039506156370478,0.042010265392006696,-0.10811187478809359,302757941.8,0.7196697358443992,430.32,0.004575590624708141,1
2021-01-06,431.03,434.41,426.95,430.32,430.32,211448525.0,17.27,1.5,0.004575590624708248,0.0045651544323129095,386.0676,340.25019999999995,412.14223676219126,1.1146234493648262,1.2647163763606901,1,0.19125109131588117,0.21745632792470015,3.507565578985225,73.07680091103828,11.720054447212192,11.668342550051046,0.051711897161146325,414.67449999999997,432.1241876461294,397.2248123538705,0.0841608907520833,0.9483031535100881,8.543571428571438,0.019853995697554003,0.04787415380119797,-0.029543940574207728,296626457.55,0.7128444534127836,430.47,0.0003485778025656119,1
2021-01-07,431.69,433.48,428.69,430.47,430.47,210643699.0,14.32,1.49,0.0003485778025655861,0.0003485170634378299,387.1674,341.07349999999997,413.88773802293497,1.1118446439447125,1.2621033296342286,1,0.17402606143095117,0.21742592438044403,3.517396588641463,73.1549553126626,11.765296339480756,11.687733307936988,0.07756303154376809,416.56000000000006,432.08238044685675,401.0376195531434,0.0745265049299953,0.948062719718634,8.187142857142865,0.019019078814186505,0.04683738235937862,-0.0038062502445925794,292063226.6,0.7212263640724976,425.17,-0.012312123957534813,0
2021-01-08,425.09,428.9,421.36,425.17,425.17,168274631.0,14.62,1.5,-0.012312123957534782,-0.012388546082681135,388.0356,341.883,414.9622391636078,1.0956984359167046,1.2436125809121836,1,0.17968259998562608,0.21959106774124101,3.209309562056789,65.87819948341044,11.24387279251755,11.5989612048531,-0.3550884123355509,417.62749999999994,432.37819150921797,402.8768084907819,0.07064042242995354,0.7556659799484972,7.93857142857144,0.018671522987443706,0.02253487253487263,-0.2011409228053862,286448367.6,0.5874518762661645,427.02,0.004351200696192031,1
2021-01-11,429.39,432.43,424.0,427.02,427.02,223040140.0,19.92,1.45,0.0043512006961921035,0.004341761593490969,389.1172,342.69725,416.1105973385023,1.0974071565070882,1.246056103455747,1,0.15652175301490862,0.21942688579693068,3.157535678587356,67.10808245252933,10.854793115637335,11.450127587009948,-0.5953344713726132,418.5375,433.24592061005274,403.8290793899473,0.07028483999650005,0.7883552294327951,7.885000000000011,0.01846517727506911,0.02197013210798393,0.32545315163995214,281868963.8,0.7912901689958957,428.11,0.002552573649946213,1
2021-01-12,428.4,430.94,425.57,428.11,428.11,212347912.0,18.5,1.42,0.0025525736499463214,0.0025493213671124375,390.3354,343.5226,417.2533975919783,1.096774722456636,1.2462353277484508,1,0.15252139715595564,0.218837867789905,3.305912774202509,67.84351007410731,10.513208831863494,11.262743835980658,-0.7495350041171633,419.61350000000004,433.78046123120396,405.44653876879613,0.06752385817505943,0.7998702354209118,7.60142857142858,0.017755783727146247,0.04142745937530412,-0.047938581817604686,276479514.1,0.7680421194721709,429.43,0.0030833197075517812,1
2021-01-13,428.98,432.37,426.04,429.43,429.43,217495985.0,20.13,1.54,0.0030833197075517127,0.0030785760256994126,391.6264,344.3425,418.41307401178983,1.0965297538674614,1.2471013598379521,1,0.14993845107489018,0.21761845371004548,3.5357568505060555,68.75461570691583,10.23107631515336,11.056410331815197,-0.8253340166618379,420.5255,434.7575002292874,406.29349977071263,0.06768674065783668,0.8128337498499677,7.563571428571436,0.017613048526119356,0.03659449151519545,0.024243577210215195,271386072.9,0.8014264795384053,425.45,-0.009268099573853755,0
2021-01-14,423.39,426.9,421.95,425.45,425.45,197549411.0,18.31,1.54,-0.009268099573853772,-0.009311315636480213,392.81759999999997,345.13310000000007,419.0832574392384,1.083072652549173,1.232712828760846,1,0.15189015066763117,0.21896962452330063,3.250000546514013,62.96202788099705,9.575945980806068,10.760317461613372,-1.1843714808073038,420.90650000000005,435.242273839562,406.5707261604381,0.06811856713796487,0.6584672041492076,7.635714285714292,0.017947383442741317,0.0158059355824558,-0.09171007915387497,265799382.55,0.7432275015267901,422.16,-0.007732988600305473,0
2021-01-15,421.83,425.26,418.74,422.16,422.16,203272004.0,17.86,1.58,-0.007732988600305468,-0.0077630431981538265,393.87199999999996,345.88445,419.37628054026334,1.0718202867936792,1.2205232123039935,1,0.1456034111072028,0.21816141897540253,3.325737770238899,58.56926226623981,8.6910894968496,10.346471868660618,-1.6553823718110188,420.88950000000006,435.21812203681174,406.5608779631884,0.06808733426126161,0.5443343399034322,7.37071428571429,0.01745952787027262,0.0025410244840771146,0.028967907173360397,260103824.7,0.7815033255833551,426.12,0.00938032973280268,1
2021-01-18,425.69,428.14,423.67,426.12,426.12,202807063.0,13.18,1.46,0.009380329732802783,0.00933660764558447,395.06280000000004,346.66200000000003,420.01853953642876,1.0786133242613578,1.2292088547345827,1,0.14407341472847002,0.21829549573070187,3.345775095332203,62.00536087598422,8.214679550765709,9.920113405081636,-1.7054338543159275,421.4805,435.6387833853958,407.3222166146042,0.06718357497137928,0.6638440153034998,7.093571428571432,0.016646886859503034,0.002328699456636718,-0.0022872849721106148,253168163.65,0.8010764863799256,426.37,0.0005866891955317751,1
2021-01-19,427.6,429.38,424.59,426.37,426.37,227878402.0,16.82,1.54,0.000586689195531731,0.0005865171607096798,396.22180000000003,347.44265,420.62344053295936,1.0760892005437357,1.2271665554013014,1,0.12470294282859178,0.2127909119260914,3.840948222050717,62.21839679703951,7.767752333169938,9.489641190699297,-1.7218888575293594,422.24449999999996,435.67221285929594,408.816787140704,0.06360159982789204,0.6536188643060814,6.9150000000000045,0.01621830804231068,-0.004645625175086376,0.12362162653082742,248478066.4,0.9170966488171287,429.09,0.006379435701386051,1
2021-01-20,429.68,431.34,427.43,429.09,429.09,203371702.0,17.43,1.49,0.006379435701385994,0.006359173231211707,397.49520000000007,348.2521,421.42977952982034,1.079484733400554,1.232124659119069,1,0.12120147564801555,0.2110758528081446,3.6713868568099017,64.54751121527013,7.546054344077277,9.100923821374893,-1.5548694772976166,423.166,435.7493514069863,410.5826485930137,0.05947241227771879,0.7353903903524289,6.6178571428571455,0.01542300483082138,-0.0028583379810374065,-0.10754288157593805,243223348.9,0.836152050860936,429.57,0.001118646437810292,1
2021-01-21,428.05,433.26,424.37,429.57,429.57,246446555.0,22.38,1.57,0.0011186464378103445,0.001118021219106276,398.82300000000004,349.06905,422.2050386222184,1.0770943501252435,1.2306161202203403,1,0.1207311787291899,0.21076487859514656,3.5255898491472104,64.95805142937962,7.324655015368478,8.74567006017361,-1.4210150448051326,424.084,435.6309684333217,412.5370315666783,0.054456043771019265,0.7375515283921276,6.763571428571432,0.01574498086125994,-0.0020907380305248413,0.21180357235737746,240233349.75,1.0258632086530275,430.06,0.0011406755592802316,1
2021-01-22,430.28,432.63,427.71,430.06,430.06,217540092.0,19.22,1.56,0.0011406755592802131,0.0011400254832180648,400.28520000000003,349.8782,422.9531301820071,1.0743839642335014,1.2291706085146203,1,0.12075043483989575,0.21070612118223428,3.4335484125477915,65.39854829466697,7.10681046990868,8.417898142120626,-1.3110876722119453,424.797,435.9443369017057,413.64966309829435,0.05248312441791928,0.7360653511090444,6.567857142857146,0.015271955408215472,0.011501281840205158,-0.11729302931420571,235508975.2,0.9237019175819504,433.69,0.008440682695437835,1
2021-01-25,434.56,438.63,429.63,433.69,433.69,187675553.0,21.34,1.52,0.00844068269543774,0.008405259325293313,401.89480000000003,350.68795,423.9756892122921,1.0791132405793753,1.2366834959684243,1,0.11854303635401534,0.20926407032744623,3.3068685431394456,68.55237387685722,7.144717900446892,8.163262093785878,-1.018544193338986,425.58949999999993,436.9066904175682,414.27230958243166,0.05318359789206115,0.8578847620416172,6.730714285714287,0.015519643721815782,0.015619877289120065,-0.1372829197847356,227710605.4,0.8241845067792349,432.29,-0.0032281122460743323,0
2021-01-26,434.27,436.72,429.85,432.29,432.29,207750439.0,18.99,1.5,-0.0032281122460743328,-0.0032333338407014777,403.59200000000004,351.50489999999996,424.7675283349309,1.0711064639536958,1.2298263836435852,1,0.11940615454143003,0.20415496203961866,2.814953776602951,66.05183099225775,6.98131525599166,7.926872726227035,-0.9455574702353751,426.65,436.05606970889295,417.243930291107,0.044092674130415684,0.7998064108470245,6.688571428571428,0.015472417656136916,0.009763845740580646,0.10696590834076303,222508515.5,0.9336741047108374,433.01,0.001665548590066785,1
2021-01-27,434.17,435.7,431.49,433.01,433.01,198595685.0,15.72,1.56,0.0016655485900667344,0.0016641631021987076,405.3814,352.3057,425.552525636366,1.0681545823266683,1.2290746360334222,1,0.10031477423582161,0.20204673153970415,2.5453973574485667,66.72408129420316,6.831169990324554,7.707732179046539,-0.8765621887219854,427.587,435.39897488341336,419.7750251165866,0.03653981474364328,0.8470953299316918,6.647142857142853,0.015351014658190004,0.008336632279998923,-0.04406611145596662,216705619.85,0.9164307097225471,431.8,-0.002794392739197662,0
2021-01-28,432.79,434.78,429.82,431.8,431.8,171598306.0,17.79,1.55,-0.002794392739197682,-0.0027983043433263436,407.0278,353.07099999999997,426.1475231948074,1.0608611991613348,1.2229834792435517,1,0.09999993649847536,0.19574214201826068,3.0416936203714657,64.41551324531481,6.539162503088846,7.474018243855001,-0.9348557407661549,428.23550000000006,435.080110557537,421.3908894424631,0.03196657240009747,0.7603873492345383,6.35071428571428,0.014707536557930244,0.014925373134328401,-0.13594141786111813,209957559.55,0.8172999646585004,430.69,-0.0025706345530338436,0
2021-01-29,430.77,434.57,426.89,430.69,430.69,237990741.0,18.09,1.48,-0.002570634553033857,-0.002573944307365794,408.7278,353.81924999999995,426.58014003339713,1.053733071251821,1.2172599427532562,1,0.09554277879325553,0.19266022801013918,3.3559291300385077,62.28650979301209,6.147314329293465,7.2086774609426945,-1.0613631316492294,428.71549999999996,434.7485614555507,422.6824385444492,0.028144825440352305,0.663639970675232,6.297142857142851,0.014621056576987743,0.020205609247678558,0.3869061213226661,210395486.2,1.1311589678010878,430.01,-0.001578861826371652,0
2021-02-01,430.52,433.24,427.3,430.01,430.01,222304994.0,15.15,1.45,-0.0015788618263716803,-0.001580109542191927,410.13739999999996,354.52325,426.90679336354975,1.0484535182599783,1.2129246812444598,1,0.0948719054994126,0.19199995561515548,3.4656001786018864,60.95733384098196,5.71601089592906,6.910144147939969,-1.194133252010909,428.95950000000005,434.7727135328994,423.1462864671007,0.027103787340696673,0.5903544995779341,6.337857142857136,0.014738859893623722,0.009128883882474348,-0.065909064084136,209295878.35,1.0621565782974722,431.17,0.00269761168344928,1
2021-02-02,432.78,435.21,428.75,431.17,431.17,219331128.0,16.54,1.51,0.002697611683449175,0.0026939796594458317,411.50300000000004,355.24520000000007,427.3128130432117,1.0477930902083337,1.2137250552576078,1,0.08989190523067841,0.19199987858115186,3.463481341881707,62.430192941861925,5.405490987783935,6.609213515908762,-1.2037225281248274,429.1,434.98756048131906,423.212439518681,0.027441437806130606,0.6757943723798858,6.34714285714285,0.014720743226900873,0.011257827708328394,-0.013377414274373,209368148.35,1.0475859376343384,429.91,-0.002922281234779764,0
2021-02-03,428.19,432.87,425.24,429.91,429.91,212894564.0,16.99,1.6,-0.0029222812347797777,-0.0029265594353570677,412.807,355.98220000000003,427.56016418195344,1.0414309834862296,1.2076727431877212,1,0.08704382987131652,0.19178337284623578,3.2032612945963246,59.79167707302899,5.0000923020544406,6.287389273137898,-1.2872969710834576,429.0795,434.95201035715337,423.2069896428466,0.027372598118249356,0.5707108160667335,6.357857142857134,0.014788809617959885,0.0019110209979260606,-0.029346331543053883,209440450.3,1.0164921040565582,434.64,0.011002302807564283,1
2021-02-04,434.18,437.9,430.92,434.64,434.64,185814692.0,21.51,1.58,0.011002302807564313,0.010942217788029422,414.2754,356.7743,428.23443425986267,1.0491571548781318,1.2182491844283627,1,0.09371825284637754,0.1913863042668257,3.6008992615936894,65.65915297694357,5.002813077599171,6.030474034030154,-1.0276609564309824,429.288,435.64453861453165,422.93146138546837,0.029614331705134254,0.9209838344129474,6.449285714285703,0.014838224080355475,0.011802500174593167,-0.1271985131569635,208198999.95,0.8924859967849236,431.93,-0.006235045094791045,0
2021-02-05,430.93,435.65,427.21,431.93,431.93,201536700.0,12.3,1.47,-0.006235045094791003,-0.006254564165613276,415.601,357.52025000000003,428.58639290178047,1.0392900883299125,1.2081273718062122,1,0.09657690603984895,0.19217253144080032,3.351299414611617,60.23562814545254,4.731750288324008,5.770729284888925,-1.038978996564917,429.62600000000003,435.7761198961467,423.47588010385334,0.0286301103570658,0.6873134213819322,6.624999999999992,0.015338133493853151,0.004348230479467974,0.08461122116221031,209862103.4,0.9603291720366889,431.67,-0.0006019493899474241,0
2021-02-08,432.16,436.14,427.7,431.67,431.67,224731163.0,20.51,1.47,-0.0006019493899473982,-0.0006021306342183291,416.96259999999995,358.24845,428.88006976827756,1.0352727079119328,1.2049458971839238,1,0.08536150654339877,0.19104778811348816,3.528308529638088,59.725900945837836,4.444715336175875,5.505526495146316,-1.0608111589704405,429.8585,435.9450590486554,423.77194095134456,0.028318895862900335,0.648811502925564,6.885714285714276,0.015951338489388366,-0.004657704812192964,0.11508803607481921,209946654.55,1.0704203097767342,430.54,-0.0026177404035489966,0
2021-02-09,432.13,434.7,427.98,430.54,430.54,191603649.0,15.16,1.59,-0.002617740403549007,-0.002621172677135176,418.27160000000003,358.96865,429.03815836177495,1.0293311809838392,1.199380503004928,1,0.08505632081767499,0.19051499238820152,3.611241971597388,57.4504494958589,4.079035925391111,5.220228381195275,-1.1411924558041644,429.98,436.0164053437308,423.9435946562692,0.028077609859606275,0.5463852216315471,7.010714285714276,0.016283537617211585,-0.004048208378634732,-0.14740952504215,208909441.4,0.9171612719653751,435.95,0.012565615273842078,1
2021-02-10,435.17,437.78,433.33,435.95,435.95,165694036.0,14.07,1.47,0.012565615273842035,0.012487323107523204,419.4042,359.70685000000003,429.69642899398684,1.0394507255769017,1.2119591272726664,1,0.09476123517680096,0.187121387512081,4.311400546142732,64.4362464764337,4.177617174202055,5.011706139796631,-0.8340889655945762,430.30600000000004,436.89617258779924,423.71582741220084,0.030630168242059774,0.9282133680019872,6.892857142857131,0.015811118575196997,0.006789681531604419,-0.13522504991541162,206319343.95,0.8030950119740337,437.03,0.0024773483197614043,1
2021-02-11,433.89,439.58,431.35,437.03,437.03,206025644.0,20.45,1.55,0.002477348319761319,0.002474284751053961,420.5504,360.46955,430.3948643278929,1.0391857908112796,1.212390894043616,1,0.09460694859491216,0.1850417611626378,4.63921377860962,65.64872759723339,4.293398868578777,4.868044685553061,-0.5746458169742841,430.88500000000005,437.70942825830633,424.06057174169376,0.03167633247056846,0.9502208658703665,7.1292857142856985,0.01631303506460815,0.012112088930060105,0.2434101369828423,206743155.6,0.996529454153306,441.04,0.009175571471066169,1
2021-02-12,440.5,444.16,437.39,441.04,441.04,207519242.0,19.33,1.5,0.00917557147106618,0.009133731656550147,421.63520000000005,361.19924999999995,431.4086867728555,1.0460227229605117,1.2210435099186947,1,0.09126113541754019,0.18092949043010823,5.308624572222921,69.76982897804086,4.65506943974475,4.825449636391399,-0.17038019664664894,431.829,438.79352031069146,424.86447968930855,0.032255917553824905,1.1612802883709474,6.995714285714273,0.01586185898266432,0.024031205739627248,0.007249573261860487,206955517.5,1.0027238921040122,436.23,-0.010906040268456381,0
2021-02-15,437.42,439.55,434.1,436.23,436.23,212372359.0,20.64,1.61,-0.01090604026845643,-0.010965947087924196,422.681,361.89865000000003,431.867859461155,1.0320549066553737,1.2053927252837224,1,0.09594870130143549,0.18083216974147837,5.317098983078121,60.40819388610254,4.501676645760881,4.760695038265295,-0.25901839250441405,432.33449999999993,439.01616532977266,425.6528346702272,0.030909702231754686,0.791506668393782,7.000714285714273,0.016048218338294645,0.014464779888839763,0.023386346987524176,207433782.3,1.023807967271491,437.55,0.003025926690048812,1
2021-02-16,438.26,440.4,435.42,437.55,437.55,222749076.0,19.5,1.49,0.0030259266900487525,0.0030213577883360385,423.7386,362.5988,432.4090157029498,1.0325941512054837,1.206705593068703,1,0.09187809965804643,0.1787653114884,5.058629604308127,61.91832157037708,4.435495093257771,4.69565504926379,-0.26015995600601904,432.8935,439.3406724524569,426.44632754754315,0.029786413759698288,0.86112730297484,7.055714285714272,0.016125504024029874,0.014796947839599284,0.04886095840749216,207177316.0,1.0751615104425816,441.08,0.008067649411495766,1
2021-02-17,441.64,444.83,437.89,441.08,441.08,221158101.0,22.65,1.59,0.008067649411495736,0.008035279908637536,424.6548,363.2978,433.2348237312402,1.0386789458166963,1.2141003881664023,1,0.09477863144162037,0.17652641905159208,5.550595018061268,65.68749591681083,4.614691938524402,4.679462427115912,-0.06477048859151058,433.49300000000005,440.6425722360177,426.3434277639824,0.032985871679594214,1.0305911842353332,7.221428571428556,0.016372151472360017,0.02598218231722904,-0.007142453870381038,208066635.95,1.062919578577442,441.76,0.0015416704452707148,1
2021-02-18,441.39,444.64,438.52,441.76,441.76,214528471.0,18.9,1.55,0.0015416704452706487,0.0015404832913665054,425.6348,363.9864,434.04674528064595,1.0378850601501568,1.2136717196027105,1,0.09319464939622481,0.16059980073253313,5.141503717151671,66.37785407825021,4.756744259590619,4.694918793610854,0.06182546597976479,434.1025000000001,441.893539049692,426.3114609503082,0.03589492827004661,0.9914299588391422,7.109999999999985,0.016094712060847487,0.016381373090373685,-0.029976880656974014,206470731.75,1.039026060409165,445.95,0.009484788120246283,1
2021-02-19,444.23,448.92,441.28,445.95,445.95,230921799.0,17.11,1.55,0.009484788120246224,0.009440089930372016,426.4774,364.6875,435.1803885872511,1.0456591603681695,1.222827763496144,1,0.09728920438322819,0.16062126005298796,5.143474332701242,70.33800873836203,5.148075915587242,4.785550218006131,0.36252569758111086,434.89699999999993,444.0704539210836,425.7235460789163,0.04218678869278269,1.102444842149048,7.23142857142856,0.016215783319718714,0.03245896325793529,0.0764156287675215,207139817.1,1.1148112527709673,444.5,-0.003251485592555194,0
2021-02-22,445.19,447.52,442.18,444.5,444.5,183418028.0,18.36,1.44,-0.00325148559255517,-0.003256783158257061,427.191,365.39455000000004,436.0679706265605,1.0405181757106308,1.2164932399785382,1,0.09884238853239748,0.16111822960355718,4.921625448516048,67.38028096600044,5.280337743897007,4.884507723184306,0.395830020712701,435.4375,445.5384762425605,425.3365237574395,0.0463946088361121,0.9485952536382843,7.15142857142856,0.01608870319781453,0.02972177821020683,-0.2057136710596993,206926940.85,0.8863902749761258,449.95,0.01226096737907759,1
2021-02-23,448.82,452.73,446.05,449.95,449.95,218830181.0,20.61,1.43,0.01226096737907767,0.012186410525998323,428.0582,366.11514999999997,437.39006866212617,1.0511421110493853,1.2289849245517428,1,0.10297696392836402,0.16000024251751754,5.501144327655572,72.12486639238993,5.7585447291095875,5.059315124369363,0.6992296047402249,436.3205,448.1948712963824,424.44612870361755,0.05442958236596823,1.0739040686338641,7.194285714285704,0.015989078151540624,0.045082919124819876,0.1930680063793948,207480927.95,1.0547002231103142,458.71,0.019468829869985535,1
2021-02-24,461.72,464.0,456.45,458.71,458.71,220964421.0,15.55,1.53,0.019468829869985438,0.019281736626761154,429.0086,366.83495000000005,439.42053831335227,1.0692326447535083,1.250453371468558,1,0.11800391966281067,0.1622298974424319,5.602429389158697,77.73149102650102,6.766387298958648,5.400729559287219,1.3656577396714287,437.60549999999995,453.0092527553355,422.2017472446644,0.07040017895250575,1.1850441036683343,7.627142857142851,0.016627374282537664,0.05220782199793561,0.009752950850961506,208599364.75,1.059276576727926,457.8,-0.0019838242026552033,0
2021-02-25,458.58,462.34,454.04,457.8,457.8,188307659.0,15.87,1.56,-0.0019838242026551933,-0.0019857945882524033,429.80799999999994,367.5164,441.17096323589016,1.065126754271675,1.2456586971356927,1,0.11913911534402032,0.16154311402050983,5.71588839219282,76.02092576759316,7.406305126630116,5.801844672755799,1.6044604538743172,438.9055,456.4816386993585,421.32936130064155,0.08009076532109267,1.037504292670726,7.617142857142848,0.016638582038319895,0.04752534150973631,-0.14779194701213916,209434832.4,0.8991229245016455,456.58,-0.002664919178680706,0
2021-02-26,455.78,460.44,451.92,456.58,456.58,183699764.0,16.73,1.49,-0.0026649191786807247,-0.002668476397000201,430.4896,368.15155,442.63849054675774,1.0606063421741199,1.240195783502745,1,0.11906495889360355,0.16204298018902508,5.530037808757116,73.67995953441141,7.725940973077684,6.186663932820176,1.5392770402575078,440.2,458.9995072723821,421.40049272761786,0.08541348147360028,0.9356497157541939,7.622857142857133,0.016695556403822184,0.035234899328858926,-0.02447003496549227,206720283.55,0.8886392803131388,462.33,0.012593630908055544,1
2021-03-01,461.48,463.85,459.97,462.33,462.33,196946012.0,12.24,1.49,0.012593630908055653,0.012514990693929778,431.4502,368.8233,444.5138723994475,1.071572107279125,1.2535270954953224,1,0.1221745445859594,0.1464801269810192,5.396247361274337,77.2376757104253,8.347012465615535,6.618733639379249,1.728278826236286,441.816,462.3992005081336,421.23279949186633,0.09317544184948964,0.9983190051249657,7.662142857142852,0.016572887022565812,0.059830823189601645,0.0721081383642932,205452334.45,0.958597100038938,468.63,0.013626630328985815,1
2021-03-02,468.5,470.94,466.19,468.63,468.63,198423024.0,17.85,1.58,0.013626630328985812,0.013534622695631243,432.601,369.5452,446.810646456643,1.083284597122984,1.2681263347487668,1,0.12565693729933775,0.14788722211604569,5.6840697271909955,80.36872957768074,9.24104839320944,7.143196590145288,2.0978518030641515,443.68899999999996,466.84937623547074,420.5286237645292,0.10439914550695907,1.0384411666155005,7.759999999999999,0.01655890574653778,0.07103188207062039,0.007499578107730276,204406929.25,0.9707255264195013,467.1,-0.0032648357979642205,0
2021-03-03,466.76,468.92,464.94,467.1,467.1,223184840.0,12.78,1.58,-0.003264835797964216,-0.003270177002964692,433.72979999999995,370.25839999999994,448.7429658417246,1.0769377617124765,1.2615513922168953,1,0.12818750065199463,0.14516644434831144,5.186014461724989,77.5778119134579,9.714141517185169,7.657385575553265,2.056755941631904,445.5485,469.9873545471977,421.1096454528023,0.10970233115875312,0.9409269664713137,7.4564285714285745,0.015963238217573485,0.05899156615579959,0.1247930582894452,204921443.05,1.0891238939086711,465.95,-0.0024619995718262342,0
2021-03-04,467.51,470.05,463.42,465.95,465.95,199245571.0,17.63,1.54,-0.0024619995718262455,-0.002465035276397927,434.8246,370.9607,450.3817309996556,1.071581506658087,1.256062973786711,1,0.12789069259414643,0.14405653077936154,5.362190251651158,75.45677012173331,9.882358163978779,8.102380093238368,1.7799780707404107,447.11400000000003,472.59953224251655,421.6284677574835,0.11400015317104592,0.8695429983547107,7.4207142857142845,0.01592598838011436,0.05475823976819982,-0.10726207478966765,205592987.0,0.9691263009861324,465.32,-0.0013520764030475277,0
2021-03-05,465.58,468.58,462.32,465.32,465.32,195013900.0,19.66,1.59,-0.0013520764030475751,-0.001352991283098884,435.815,371.63075,451.80442328540266,1.0677007445819902,1.252103061977514,1,0.12636291266712132,0.1443149297804528,5.261467813716518,74.25896006431664,9.851275956606514,8.452159265911998,1.399116690694516,448.7835,474.45487933267793,423.1121206673221,0.11440429219265293,0.8220804730606756,7.3721428571428556,0.01584316783534526,0.04343536270882398,-0.02123846958685971,205266847.0,0.9500506431026341,460.76,-0.009799707728015134,0
2021-03-08,459.74,462.59,457.91,460.76,460.76,199296409.0,16.31,1.49,-0.009799707728015083,-0.009848040890259958,436.6734,372.3129,452.65733535345953,1.0551593021237382,1.2375612018815356,1,0.1302884998192779,0.13773851478598542,4.427179498220393,66.0821671845433,9.350897863005912,8.631906985330781,0.7189908776751306,450.238,475.1107156369793,425.3652843630207,0.11048696750129516,0.7115169118012385,7.5457142857142845,0.016376669601775945,0.036580427446569086,0.021960019260165664,203995109.3,0.97696660318905,457.79,-0.006445872037503192,0
2021-03-09,460.39,462.66,455.53,457.79,457.79,229576065.0,21.69,1.54,-0.006445872037503242,-0.0064667363782394596,437.60759999999993,372.94115,453.14616055789196,1.0461198571505617,1.227512705422826,1,0.1339107044022225,0.1377635846076779,4.422763213986522,61.34428220464809,8.615377728555245,8.628601133975675,-0.013223405420429657,451.6005,474.86325674934267,428.33774325065735,0.10302360935956069,0.6330345338271629,7.535000000000005,0.01645951200332031,0.017424158239804477,0.15193277265723348,205893730.1,1.1150221276213599,454.54,-0.007099325018021363,0
2021-03-10,454.61,456.79,452.36,454.54,454.54,210228259.0,13.85,1.64,-0.007099325018021352,-0.0071246451341998515,438.41299999999995,373.5528,453.27890717142606,1.0367849493514107,1.2168025510717628,1,0.13707271739862234,0.12879792348396718,3.634604453950967,56.56503097845049,7.681675312919424,8.439215969764426,-0.757540656845002,452.53000000000003,474.61554373578804,430.444456264212,0.09760919159277485,0.5455048791983652,7.48571428571429,0.016468769053800084,-0.009090710906673016,-0.08427623323886135,208120441.25,1.0101278746928468,452.16,-0.005236062832753983,0
2021-03-11,453.21,456.37,449.01,452.16,452.16,206863107.0,20.48,1.56,-0.005236062832754018,-0.005249819049703713,439.07959999999997,374.1585,453.1723445836712,1.0297904981238026,1.2084718107433081,1,0.13465112086202302,0.12779298281735768,3.1108185854087886,53.29075044077018,6.672744072031946,8.08592159021793,-1.413177518185984,453.2865,474.13863332517,432.43436667482996,0.09200421069290185,0.4729883752682229,7.465714285714289,0.01651122232332424,-0.012319790301441702,-0.016007134416691327,208162314.4,0.9937586810381851,452.44,0.0006192498230714187,1
2021-03-12,451.62,455.49,448.58,452.44,452.44,208074903.0,19.19,1.56,0.0006192498230714882,0.0006190581670177045,439.70660000000004,374.78495000000004,453.10259748046445,1.0289588557460816,1.2071989550274096,1,0.13468269174919476,0.1269987485330082,3.320643964191003,53.63081632348829,5.828564392453131,7.6344501506649705,-1.805885758211839,453.85650000000004,473.90694299287844,433.80605700712164,0.08835587016087341,0.46467659091203534,7.577857142857149,0.0167488664637458,-0.009067414253799977,0.005857960936456408,208190097.45,0.9994466862189367,453.7,0.0027848996552028798,1
2021-03-15,454.2,456.6,451.3,453.7,453.7,232611055.0,13.21,1.68,0.0027848996552028993,0.0027810290067379,440.27799999999996,375.45135000000005,453.1594929585155,1.0304852842976484,1.2084122217166084,1,0.13199735869653081,0.1255194463702468,3.0869909904216555,55.21107439286114,5.201260490874745,7.1478122187069255,-1.9465517278321807,454.73,472.98934339051584,436.4706566094842,0.08030850566479304,0.4717952617889091,7.3685714285714345,0.01624106552473316,-0.018666320593515473,0.11791980506173783,209202032.25,1.1118967272843019,459.78,0.013400925721842592,1
2021-03-16,460.21,463.39,456.6,459.78,459.78,196889494.0,24.28,1.49,0.013400925721842594,0.0133119275404497,440.9064,376.12564999999995,453.79001743865683,1.0428063643439967,1.222410649207253,1,0.13033338040658973,0.12433933918652872,3.027014497004733,61.949740092113906,5.135523696294854,6.745354514224512,-1.6098308179296579,455.8415,472.3167359938416,439.3662640061584,0.0722849323451482,0.61952787810908,7.057142857142862,0.015348955711737925,-0.018884834517636562,-0.1535677700270952,207909053.15,0.9469981754856546,456.53,-0.00706859802514246,0
2021-03-17,453.94,459.09,451.39,456.53,456.53,233021395.0,17.34,1.6,-0.007068598025142481,-0.00709369891952453,441.43059999999997,376.7781499999999,454.05096815878477,1.0342056033270008,1.2116679271343098,1,0.1344829731806382,0.12395169077566243,2.4467432400558877,57.01193949403488,4.766236763831387,6.349530964145887,-1.5832942003145005,456.6139999999999,471.5520875264375,441.67591247356233,0.06542982705920043,0.4971883950891146,7.063571428571436,0.015472305058969698,-0.022628987368871867,0.18351360586055443,208502217.85,1.1175967210461017,460.55,0.008805554947101042,1
2021-03-18,463.34,466.17,457.74,460.55,460.55,213683685.0,15.31,1.65,0.008805554947101113,0.008767012143401297,442.0322,377.47605,454.66992357223387,1.0418924232216566,1.220077406235442,1,0.134922024278522,0.11750629071874621,3.540262727621948,61.13809438744881,4.743277067299346,6.0282801847765795,-1.2850031174772338,457.5535,470.82906722943693,444.27793277056304,0.05802848073245175,0.6128577012040132,7.14357142857144,0.015510957395660493,-0.01158922631183601,-0.08298684333256179,208459978.55,1.0250585579368034,460.18,-0.0008033872543697851,0
2021-03-19,461.96,466.4,455.76,460.18,460.18,207192660.0,13.98,1.55,-0.0008033872543697917,-0.0008037101428579472,442.7324,378.19715,455.19469275583066,1.0394089070508505,1.2167727863628797,1,0.1352868824534188,0.11604657786678713,3.823155929110399,60.561915114219154,4.641718592041457,5.750967866229555,-1.1092492741880982,458.26500000000004,470.398259205486,446.1317407945141,0.052953025893138155,0.5789153172692131,7.384285714285722,0.016046515959593468,-0.011046161781139818,-0.030376792687752507,207273521.6,0.9996098797406644,460.41,0.0004998044243557264,1
2021-03-22,459.86,464.56,455.72,460.41,460.41,253765758.0,16.95,1.61,0.0004998044243558208,0.0004996795637267155,443.4002,378.92305,455.69138868384675,1.0383621838691097,1.2150488074029808,1,0.13256098080461598,0.11593261957565056,3.8793859684458147,60.80916779569679,4.527600486445806,5.506294390272805,-0.9786939038269988,459.06050000000005,469.3381742710204,448.7828257289797,0.04477699244869896,0.5656520125005065,7.400714285714291,0.016074182328173345,-0.0007596145498740547,0.2247816018192923,210790908.1,1.2038743050512055,463.32,0.006320453508829017,1
2021-03-23,461.79,465.3,459.82,463.32,463.32,191526308.0,17.18,1.52,0.006320453508829038,0.0063005632090320125,444.10439999999994,379.62235,456.41792309490893,1.0432682045032655,1.2204760862999768,1,0.13233592569954633,0.11627220567151612,4.038543599796864,63.89349525803168,4.618731879652046,5.328781888148653,-0.7100500084966068,459.729,469.22082007947864,450.2371799205213,0.04129310998200249,0.6891628775746919,7.507857142857148,0.01620447453780788,0.012079774569125457,-0.24526338971233463,209425714.45,0.914530999705514,459.59,-0.008050591383924756,0
2021-03-24,460.07,463.8,455.87,459.59,459.59,203810499.0,17.76,1.54,-0.008050591383924721,-0.008083172376733175,444.7076,380.305,456.72002565729855,1.0334655850271053,1.2084774062923178,1,0.13121091415312988,0.11641567332762338,3.3725366321199584,57.63249212323904,4.339946140658071,5.131014738650537,-0.7910685979924654,459.773,469.25308238916756,450.2929176108325,0.04123809962371394,0.49034818512234113,7.600714285714291,0.016538032345599973,0.011110133321599713,0.06413840024525519,208568018.35,0.9771896027605903,461.42,0.003981809874018236,1
2021-03-25,461.54,465.26,457.7,461.42,461.42,188432453.0,16.76,1.59,0.003981809874018305,0.003973903450050499,445.427,381.02665,457.16764226136536,1.035904873301349,1.2109914096559913,1,0.11359186171543925,0.11632416316776907,3.342488640399296,59.718061208774415,4.218049095683796,4.9484216100571885,-0.7303725143733928,459.954,469.41368153464924,450.4943184653508,0.04113316346690612,0.5774867522787531,7.693571428571436,0.016673684340885606,0.02047947629157809,-0.07545266841233733,208574258.05,0.9034310118693,462.45,0.0022322396081660366,1
2021-03-26,462.94,465.04,460.35,462.45,462.45,226668084.0,19.08,1.61,0.0022322396081659868,0.002229751862806481,446.2328,381.75509999999997,457.6707239507591,1.0363424651885742,1.2113787084966252,1,0.11346036348396499,0.11057136582557245,4.181248284891304,60.88515065450299,4.156642019471121,4.790065691939976,-0.6334236724688544,460.24749999999995,469.63034857431694,450.86465142568295,0.040773056124353134,0.6173684080019911,7.499285714285723,0.016216424941692557,0.022124480594111873,0.20291425596417834,210722674.05,1.0756701196104623,464.69,0.004843766893718259,1
2021-03-29,464.96,468.71,460.94,464.69,464.69,239560806.0,16.53,1.63,0.004843766893718238,0.004832073599383524,447.00419999999997,382.49699999999996,458.3392264316392,1.0395651763450993,1.214885345505978,1,0.11379760256373195,0.11009539829970502,4.092404166100393,63.3706757930713,4.239851381190817,4.680022829790144,-0.4401714485993269,460.3655,469.91647454383497,450.81452545616503,0.041493007377026395,0.7263905101739078,7.5450000000000035,0.016236630872194374,0.024223054882080763,0.05687930021943455,212853413.75,1.1254731685035049,466.19,0.0032279584238955003,1
2021-03-30,466.89,471.27,461.82,466.19,466.19,239223648.0,12.66,1.65,0.0032279584238954495,0.003222759750499104,447.8006,383.30135,459.0869191524355,1.041066045914186,1.216249303583199,1,0.10599018548448792,0.10855352820841857,3.862560687888534,64.97567278780951,4.376384626057359,4.619295189043587,-0.24291056298622848,460.24350000000004,469.40434867363257,451.0826513263675,0.039808704190771295,0.8245605407876171,7.83214285714286,0.01680032359583616,0.013941450258819543,-0.0014074005077441276,214893444.95,1.1132198474255974,475.86,0.020742615671721865,1
2021-03-31,477.93,480.12,473.68,475.86,475.86,231419103.0,17.13,1.57,0.020742615671721865,0.02053041697313155,448.736,384.1515,460.6843554236321,1.0604453397989018,1.2387300322919474,1,0.11920705484111956,0.11482130152921054,4.186175020795639,73.14505886484125,5.204877799373833,4.736411711109636,0.4684660882641962,460.6815,471.8420702080388,449.52092979196124,0.04845243496000844,1.180005578383761,8.301428571428573,0.017445106904191512,0.04234113858892097,-0.03262447113924116,215305158.1,1.0748423541832461,473.87,-0.004181902240154686,0
2021-04-01,474.67,477.02,471.52,473.87,473.87,206541641.0,11.58,1.64,-0.004181902240154689,-0.004190670848173865,449.62199999999996,384.99299999999994,461.9401310975719,1.0539297454306062,1.230853547986587,1,0.11963835828680953,0.11440750724884785,3.7194314848211674,69.54982656679655,5.635920851979336,4.916313539283577,0.719607312695759,461.0775,473.5142466976374,448.64075330236255,0.05394644803795656,1.0143025065154645,8.200714285714286,0.01730583131600288,0.028921941157311837,-0.1074996043001688,215669961.6,0.9576745851286876,472.28,-0.003355350623588815,0
2021-04-02,470.79,476.26,466.83,472.28,472.28,203608282.0,18.38,1.56,-0.0033553506235888264,-0.003360992436200499,450.4664,385.8079,462.92488051685075,1.0484244773861047,1.2241325281312279,1,0.11997656644948296,0.1142290264320823,3.3416413214797784,66.72769773846767,5.782568020237477,5.089564435474356,0.6930035847631206,461.4255,474.72188094805995,448.12911905194005,0.05763175614711858,0.9081749778940998,8.495714285714286,0.017988723396532322,0.026294058846538126,-0.014202264423763378,216099680.7,0.942196126067668,470.36,-0.004065384941136527,0
2021-04-05,472.28,475.63,467.02,470.36,470.36,180754528.0,15.05,1.63,-0.004065384941136507,-0.004073671083693862,451.1998,386.56879999999995,463.63298713429356,1.0424650010926424,1.216756241062393,1,0.12091720118802944,0.11461339825059162,3.0286851966722024,63.38310617423233,5.678401921063767,5.207331932592238,0.4710699884715286,461.90549999999996,475.7812243149069,448.029775685093,0.06008035979167567,0.8046507629916143,8.418571428571429,0.01789814488598399,0.02161117265046375,-0.11224373476124117,215172586.65,0.8400444072088771,468.69,-0.003550471978909805,0
2021-04-06,471.0,474.58,465.13,468.69,468.69,245627786.0,17.91,1.59,-0.003550471978909786,-0.003556789863293582,451.9278,387.29220000000004,464.114607407218,1.0370904378973809,1.2101715448955594,1,0.11602241967638381,0.11502867164756891,2.8820278288870256,60.54071140700448,5.398859798679041,5.245637505809599,0.153222292869442,462.45050000000003,476.50075787364534,448.4002421263547,0.060764375316341636,0.7220421879580455,8.494285714285715,0.018123462660363385,0.011590261590261663,0.3589025332742979,215975172.7,1.1372963981428965,466.73,-0.004181868612515692,0
2021-04-07,471.14,474.54,463.36,466.73,466.73,218207116.0,20.79,1.61,-0.004181868612515682,-0.004190637079317369,452.60220000000004,388.00800000000004,464.3636924160544,1.0312146074411481,1.2028875693284673,1,0.11448638658211663,0.11221086703346758,3.2440653721629196,57.293288071459024,4.961966571184689,5.188903318884617,-0.226936747699928,463.05999999999995,476.7174991931418,449.4025008068581,0.058988032622607725,0.6343584190438251,8.604285714285712,0.018435253174824227,0.015535586065841489,-0.11163504930179191,216374115.55,1.0084714405202337,471.61,0.010455723866046741,1
2021-04-08,470.02,475.06,466.59,471.61,471.61,201390754.0,15.13,1.61,0.010455723866046762,0.010401440836318896,453.39840000000004,388.76925000000006,465.05381694785876,1.0401668819298877,1.21308462539154,1,0.11509184798919138,0.11349684224269918,3.422228085596023,62.663305411764846,4.952412429174217,5.141605140942538,-0.18919271176832098,464.03249999999997,477.18250080048574,450.8824991995142,0.056677068095262434,0.788117853153743,8.449285714285717,0.017915832391776503,0.022084001560400468,-0.07706605681915524,216100497.9,0.9319310041256503,477.43,0.012340705243739515,1
2021-04-09,477.78,479.79,475.42,477.43,477.43,233240995.0,20.15,1.51,0.012340705243739425,0.012265179466853425,454.3332,389.49705,466.2325010480627,1.0508366987048272,1.2257602464511606,1,0.11766442633998567,0.11550036078928803,3.701722786420291,67.85470866226677,5.352762746070027,5.183836661968035,0.16892608410199195,465.282,478.54265744183215,452.0213425581678,0.057000517715293804,0.9580466712276199,8.402142857142861,0.01759869060834648,0.0323926911017407,0.15815145614877624,217358802.5,1.0730690099380724,475.69,-0.0036445133317973507,0
2021-04-12,472.71,479.72,468.7,475.69,475.69,192976620.0,16.42,1.53,-0.0036445133317973832,-0.0036511707508005997,455.2468,390.21075,467.13321523396155,1.0449057522205538,1.219059187887571,1,0.11949031686873306,0.11596946042310707,3.4547076012701647,64.9472047416067,5.466623960206903,5.240394121615809,0.22622983859109347,466.3815000000001,479.239179703919,453.52382029608117,0.055138034865839805,0.8619821077165577,8.797857142857149,0.01849493818002722,0.023671695108566926,-0.17262992296873025,215377080.75,0.8959942224493169,472.95,-0.005760053816561225,0
2021-04-13,473.74,477.86,468.84,472.95,472.95,217115885.0,21.88,1.59,-0.005760053816561195,-0.005776706905796371,456.0824,390.90644999999995,467.687194735489,1.0369836678635265,1.209880266749244,1,0.12277897972809391,0.11483357459523157,3.6110068152157577,60.54750944420196,5.27495825663658,5.247306948619963,0.027651308016617193,467.03999999999996,479.82290470244243,454.2570952975575,0.054740085227882394,0.7311681162005227,8.875714285714293,0.01876670744415751,0.014500525536798259,0.1250890651934935,216388400.3,1.0033619394523523,475.17,0.004693942277196379,1
2021-04-14,474.39,478.11,471.45,475.17,475.17,206978990.0,16.59,1.51,0.004693942277196328,0.004682960083259127,456.98759999999993,391.60979999999995,468.3998428559187,1.0397875128340464,1.2133761718935534,1,0.11612428931309422,0.11336154038802898,4.096483214711387,62.749336688089365,5.241773352054281,5.246200229306827,-0.004426877252545758,467.97200000000004,480.2359988327042,455.7080011672959,0.05241338726538314,0.7934605627983168,8.81142857142858,0.018543739233176714,-0.0014500063043751954,-0.04668886848145637,215086280.05,0.9623068005634048,473.5,-0.003514531641307355,0
2021-04-15,476.23,479.34,470.41,473.5,473.5,221176849.0,15.4,1.63,-0.003514531641307328,-0.0035207221163057064,457.7648,392.2961,468.8855721077359,1.0343739841945034,1.2069964498754895,1,0.11340435385442671,0.11283746733806836,3.6581574761108486,60.035013183264404,5.022819100862421,5.201524003617946,-0.1787049027555252,468.61949999999996,480.59767748197197,456.64132251802795,0.051121122710200716,0.7037246487056068,9.11428571428572,0.01924875546839645,-0.0007808048620929764,0.06859565311435722,215460938.25,1.026528756425296,476.33,0.005976768743400178,1
2021-04-16,475.23,478.16,473.4,476.33,476.33,208887463.0,19.22,1.64,0.0059767687434002514,0.005958978710509589,458.6528,392.99595,469.5945652403325,1.038541572187066,1.2120481139818362,1,0.11160011786299295,0.11313593663987709,3.8389364151947736,62.95908990956782,5.01978862940598,5.165176928775553,-0.1453882993695732,469.42699999999996,481.1850881009466,457.66891189905334,0.05009549131567454,0.7935426210427327,8.899285714285725,0.01868302587341911,0.008575421360210056,-0.05556361823384148,215545678.4,0.9691099564165514,477.54,0.0025402557050784886,1
2021-04-19,475.12,481.13,471.54,477.54,477.54,184608761.0,16.41,1.61,0.0025402557050784313,0.002537034709170513,459.57020000000006,393.71125,470.35127331268177,1.0391013168390812,1.2129193666678308,1,0.11128251570172874,0.11276221427543033,3.715303961387384,64.16630404561698,5.056732976505316,5.143488138321506,-0.08675516181618992,470.2835,481.76843434209593,458.7985656579041,0.0488425995897007,0.8159138652010717,8.909285714285724,0.018656627118745495,0.015264903478186875,-0.1162286221073976,212087828.55,0.8704354335754737,472.21,-0.011161368681157685,0
2021-04-20,471.54,475.81,467.94,472.21,472.21,211322586.0,15.4,1.54,-0.01116136868115769,-0.011224124151464992,460.4036,394.4087,470.5282949019502,1.0256435874958405,1.1972606080951054,1,0.11997579839597156,0.11566748943696277,3.19736006066654,55.57415067666937,4.602866205981911,5.035363751853587,-0.43249754587167555,470.72799999999995,481.75726365820736,459.69873634179254,0.046860452992743086,0.567184902154824,8.60000000000001,0.018212236081404484,0.007510294651048577,0.14470507713336533,213077642.45,0.9917633007864172,478.52,0.013362698799263046,1
2021-04-21,475.68,481.62,472.6,478.52,478.52,228355122.0,16.31,1.67,0.013362698799262995,0.013274205408355324,461.255,395.13445,471.289409673193,1.0374304885583896,1.2110308276081723,1,0.12606417918152873,0.11805872963991207,3.546550428076172,62.05250811092673,4.698180089976631,4.9679270194781955,-0.2697469295015642,471.67449999999997,481.8988784523555,461.4501215476444,0.043353534915853524,0.8347636255379487,8.879285714285727,0.01855572539138537,0.025260857455059682,0.0805996951031065,214304873.6,1.0655619639627272,485.88,0.01538075733511664,1
2021-04-22,486.97,491.17,481.69,485.88,485.88,209488712.0,17.39,1.7,0.015380757335116568,0.015263672529366577,462.23199999999997,395.9056499999999,472.6789897043175,1.0511604562211185,1.227262101462811,1,0.12961828538747527,0.12045533578958958,3.7062115996088885,67.9273610577127,5.306438203192101,5.035629256220977,0.27080894697112434,472.8974999999999,483.78720518184576,462.0077948181541,0.04605524529870771,1.0960905177004712,9.109285714285729,0.01874801538298701,0.030258052204151786,-0.0826187292615228,215357686.55,0.9727477823335672,483.94,-0.003992755412859137,0
2021-04-23,480.94,486.84,478.06,483.94,483.94,223564514.0,20.86,1.61,-0.00399275541285915,-0.004000747742123591,463.09,396.6797,473.75146687533487,1.0450236455116717,1.2199767217732593,1,0.1315416877841951,0.12059555839363506,3.6763951851337997,65.06786766442264,5.5677636400055235,5.142056132977887,0.4257075070276368,473.97200000000004,484.761639474985,463.1823605250151,0.045528594410480676,0.9619246093508583,9.121428571428583,0.018848263362046085,0.01363550677586245,0.06719121935314587,215202508.05,1.0388564521193089,482.87,-0.0022110178947803306,0
2021-04-26,482.92,486.59,479.2,482.87,482.87,191703234.0,12.66,1.63,-0.002211017894780287,-0.0022134658037584534,464.02279999999996,397.44195,474.61989860149345,1.0406169696833862,1.2149447233740676,1,0.13246957757228003,0.12086484258782729,3.5398180826122734,63.48059308282154,5.623699368107054,5.23838478000372,0.3853145881033342,474.88100000000003,485.4388185545942,464.32318144540585,0.04446511254218191,0.8783452025534793,8.974285714285726,0.018585303941611047,0.015093863650696981,-0.1425149252443525,212809629.45,0.9008202988532577,484.42,0.0032099736989252,1
2021-04-27,481.4,486.72,479.1,484.42,484.42,209540436.0,17.56,1.61,0.0032099736989252836,0.003204832731992611,464.96020000000004,398.21389999999997,475.55324159182743,1.0418526144818416,1.2164818957851549,1,0.1321626010894418,0.120541400492222,3.7484838580760824,64.81941005024895,5.727082638065724,5.336124351616122,0.3909582864496022,475.7925,486.3387707302603,465.24622926973973,0.044331387023705184,0.9090308422642794,8.720000000000011,0.018000908302712545,0.02425203509884777,0.09304591074347757,211325468.85,0.9915531579808441,486.15,0.003571281119689446,1
2021-04-28,485.68,489.34,482.5,486.15,486.15,199071067.0,19.06,1.63,0.0035712811196895178,0.0035649192374855947,465.86159999999995,398.95534999999995,476.5624566783201,1.043550273300053,1.2185574150089729,1,0.1322076507812616,0.12025037267994876,3.9616620983445743,66.30422401161053,5.880820725491276,5.4450636263911525,0.4357570991001234,476.30699999999996,487.8262490617889,464.78775093821105,0.04836901016262506,0.9272413916165548,8.603571428571437,0.017697359721426383,0.023107519414104383,-0.049963478170867215,209708067.05,0.9492771060282394,489.16,0.0061915046796257285,1
2021-04-29,491.57,494.66,486.08,489.16,489.16,223072164.0,17.98,1.6,0.006191504679625703,0.006172416065503117,466.8096,399.7695,477.76222270895624,1.0478790496168031,1.2236051024402812,1,0.1147102203833892,0.12032704366310092,4.2172480994515915,68.77364583356629,6.174366854095467,5.590924271932016,0.5834425821634515,477.0715,489.86840468331474,464.2745953166853,0.053647743297547214,0.9723212486996684,8.632142857142867,0.017646869852692097,0.0330728616684266,0.12056547122440442,210534593.2,1.0595511198869336,497.54,0.017131408945948147,1
2021-04-30,498.08,501.56,494.05,497.54,497.54,210551102.0,20.77,1.61,0.017131408945948223,0.016986321055460288,467.8414,400.5964,479.6458205461985,1.063480059695444,1.2419981807125575,1,0.1250785498916797,0.12403577603834563,4.556494302699215,74.39888409100693,7.0024800106475595,5.873235419675125,1.1292445909724345,478.33449999999993,493.83975408404143,462.82924591595844,0.0648301725424743,1.1193223243806008,8.73071428571429,0.017547763568184046,0.04452795330968029,-0.056130096088546466,210881734.2,0.9984321439632775,497.28,-0.0005225710495639502,0
2021-05-03,495.99,500.23,493.05,497.28,497.28,222076289.0,17.31,1.65,-0.0005225710495639913,-0.0005227076374015516,468.897,401.38875,481.3252662084653,1.0605314173475198,1.2388986985808645,1,0.12382821471568839,0.1237171624555901,4.645751634272452,73.9537469439793,7.55074553204139,6.2087374421483785,1.3420080898930111,479.68050000000005,496.8549381353022,462.5060618646979,0.07160782285403021,1.01237484045582,8.599285714285717,0.017292643408714843,0.04133685136323639,0.05473819367613664,212947822.25,1.042867152401696,494.56,-0.0054697554697554105,0
2021-05-04,494.51,497.71,491.37,494.56,494.56,229034932.0,17.04,1.73,-0.005469755469755366,-0.0054847693554216466,469.7892,402.21200000000005,482.5857170457543,1.0527274786223269,1.2296003102841286,1,0.1248560099322112,0.12341708714409129,4.122988048948584,69.28352389442837,7.677269851856522,6.502443924090008,1.1748259277665145,480.974,498.5551614489743,463.3928385510257,0.0731064941096098,0.886379478925332,8.57642857142857,0.017341533022138002,0.04733063679295224,0.031334470831327677,212118179.55,1.0797515445676942,489.57,-0.010089776771271451,0
2021-05-05,489.6,493.56,485.61,489.57,489.57,222103325.0,18.98,1.54,-0.01008977677127143,-0.010141023572853238,470.4064,403.01424999999995,483.25088685092055,1.040738391314404,1.214770941722284,1,0.1307144030293725,0.1247069397465868,3.9566133300831243,61.598206117916625,7.290845659667809,6.660124271205568,0.6307213884622414,482.1160000000001,498.74272724704224,465.48927275295796,0.06897396994502422,0.7241571623965201,8.577857142857145,0.017521206656570348,0.023092033770793385,-0.03026440962289545,212312990.0,1.0461127460924553,487.16,-0.004922687256163507,0
2021-05-06,487.85,490.68,484.32,487.16,487.16,214779572.0,17.75,1.61,-0.004922687256163516,-0.004934843592043132,470.9936,403.80905,483.6231833413091,1.0343240332777346,1.2064117929006297,1,0.13118802778688168,0.12537386589941327,3.797537593483499,58.238193293858245,6.712754390463886,6.670650295057232,0.042104095406653386,482.8935,498.89418455772926,466.8928154422708,0.06627003493605156,0.6333224207993565,8.692142857142857,0.017842480616517893,0.0026343953239482687,-0.032974531110689154,212982430.9,1.0084379781581316,487.47,0.0006363412431234138,1
2021-05-07,485.47,489.27,483.67,487.47,487.47,192531285.0,16.52,1.55,0.000636341243123395,0.0006361388638848314,471.6114,404.63355,483.989546832613,1.033626413610867,1.2047196778418399,1,0.12764575470241996,0.12506031630125383,3.911189875803485,58.551386412377646,6.208064599600846,6.578133155965955,-0.3700685563651094,483.39549999999997,499.304176844651,467.48682315534893,0.06582054174942932,0.6280590472469734,8.407142857142857,0.017246482567425392,0.007294292680910974,-0.10358660645808526,210946945.4,0.9127000376086033,494.96,0.015365048105524344,1
2021-05-10,495.84,500.67,490.13,494.96,494.96,209951243.0,18.79,1.69,0.015365048105524304,0.015248201139938624,472.264,405.50915000000003,485.03435189617363,1.0480578659393898,1.220588980544582,1,0.13122976994776547,0.12614193000718943,3.966147123110613,65.31891914979391,6.339398072860774,6.530386139344919,-0.19098806648414435,484.35900000000004,500.63267768094624,468.08532231905383,0.06719675976254227,0.8257100271681753,8.664285714285711,0.01750502205084393,0.02503779485161628,0.09047858377925433,211795676.55,0.9912914485316957,493.36,-0.0032325844512687205,0
2021-05-11,489.36,497.84,484.91,493.36,493.36,200670917.0,15.87,1.59,-0.0032325844512687274,-0.0032378205394959212,472.7586,406.39759999999995,485.82727076320475,1.0435769968013273,1.2139835471469322,1,0.13102396751244955,0.1265791157902034,3.771960110585169,62.954261154257026,6.24241548840223,6.4727920091563815,-0.2303765207541515,485.3795,501.19407751903077,469.56492248096924,0.06516376369005358,0.7523146757997237,8.915714285714277,0.018071416989043045,0.01845505965897365,-0.044202291291030815,210973428.15,0.9511667832279095,494.69,0.002695800227014724,1
2021-05-12,493.75,496.8,491.64,494.69,494.69,203978880.0,15.97,1.55,0.0026958002270147663,0.002692173074838891,473.3104,407.24965,486.6713402143281,1.0451703575497178,1.2147094540167194,1,0.12814291432205455,0.1257378632209265,3.5909975357939055,64.11713550902357,6.201390210112493,6.418511649347604,-0.21712143923511107,486.3555,501.92455902575813,470.7864409742419,0.06402336984253745,0.767662290490497,8.380714285714276,0.016941345662362845,0.01756659467242616,0.01648451628892489,210823422.65,0.9675342399626866,495.07,0.0007681578362206542,1
2021-05-13,494.34,498.95,490.47,495.07,495.07,203445652.0,16.18,1.65,0.0007681578362206398,0.0007678629539910339,473.89279999999997,408.07825,487.4712125748683,1.0446877437260074,1.2131741890188952,1,0.12789127672586292,0.12306168890346517,4.048496305970173,64.46039594887515,6.128890174869923,6.360587354452068,-0.2316971795821452,487.434,502.2222918126813,472.64570818731875,0.06067813001411859,0.758177215325632,8.359285714285704,0.016885058101451723,0.012081936380734293,-0.002614133384789663,209936862.8,0.9690801762328707,500.25,0.010463166824893464,1
2021-05-14,501.2,504.05,497.4,500.25,500.25,192851302.0,20.88,1.71,0.010463166824893566,0.010408806751775595,474.5914,408.89915,488.68823994869035,1.0540646122116835,1.2234067984734132,1,0.12947230787524958,0.12419760593774508,4.250716635319588,68.83673049118079,6.415462623897895,6.371562408341234,0.04390021555666124,488.63,503.50588794342843,473.75411205657156,0.060888148265141294,0.8905649210083854,8.472857142857135,0.01693724566288283,0.005446798247377149,-0.052074595332221696,209135054.75,0.9221376216939546,510.92,0.021329335332333863,1
2021-05-17,510.96,514.57,507.31,510.92,510.92,175746574.0,9.45,1.66,0.021329335332333832,0.02110504871073329,475.5946,409.75225,490.80555042976744,1.0742762848863296,1.2468998034788095,1,0.14449159540109463,0.12948217319172473,4.486829685738025,75.52289819954669,7.418042603918082,6.580858447456603,0.8371841564614781,490.299,507.27751261231367,473.3204873876863,0.06925779009249076,1.1072675642958665,8.951428571428567,0.01752021563342317,0.027429214929215018,-0.08869386839815063,208691945.4,0.8421339580842299,509.22,-0.0033273310890158704,0
2021-05-18,507.07,512.85,503.45,509.22,509.22,198307496.0,18.49,1.63,-0.003327331089015839,-0.003332878964935516,476.6232,410.6195,492.55930753169434,1.0683911316108827,1.2401261995594461,1,0.14634061772198023,0.12997378264385365,4.319915487024497,72.84137492631987,7.983391105598685,6.861364979085019,1.1220261265136653,492.1495,508.89268271322993,475.40631728677005,0.06804104327321646,1.0097746435479584,9.134285714285713,0.0179377984256033,0.029642510514396703,0.12837190214587046,208041190.9,0.953212655350167,507.68,-0.0030242331408821734,0
2021-05-19,506.18,510.82,503.05,507.68,507.68,213384140.0,17.59,1.65,-0.003024233140882182,-0.003028815374755122,477.686,411.48735,493.99937348105675,1.0627902010944428,1.2337681826670979,1,0.13887050461002864,0.12956692980778878,3.9471785367273893,70.40272817961653,8.212500147022524,7.13159201267252,1.080908134350004,493.60749999999996,510.4317004580549,476.78329954194504,0.06816833398204378,0.9182219545638004,9.076428571428567,0.01787824726486875,0.03699164572992619,0.0760265965942104,207292641.8,1.0293859837334562,512.4,0.009297195083517118,1
2021-05-20,512.71,515.37,509.74,512.4,512.4,186406901.0,13.3,1.7,0.009297195083517007,0.009254242187693575,478.8908,412.36330000000004,495.7518141019085,1.0699725281838781,1.242593606172033,1,0.13591174747256987,0.12989352540326157,4.32336599961198,73.34788484365804,8.674936004012466,7.44026081094051,1.234675193071956,494.9335,513.3027159818992,476.5642840181008,0.07422902665453868,0.9754285652756185,8.739999999999997,0.01705698672911787,0.051810493472370434,-0.1264256987421839,206138551.25,0.9042796695215447,515.67,0.006381733021077248,1
2021-05-21,515.55,518.43,512.78,515.67,515.67,210274439.0,18.27,1.58,0.006381733021077141,0.006361455985595931,480.15539999999993,413.28020000000004,497.64878418744104,1.0739648038947391,1.2477491058124728,1,0.1292424236880829,0.12858513013815065,4.184282474748095,75.18983080046056,9.199238330668209,7.79205631488605,1.4071820157821584,496.52,516.3168056966183,476.7231943033816,0.07974222869805236,0.9836638873080294,8.657857142857138,0.016789530402887772,0.0578497138285432,0.1280399913949537,205474047.5,1.0233625197848892,523.81,0.015785289041441206,1
2021-05-24,522.9,526.41,520.32,523.81,523.81,243254697.0,18.69,1.62,0.015785289041441164,0.015661997139405148,481.55760000000004,414.2171,500.1403285505419,1.0877411134202843,1.2645784058649436,1,0.13408105671356746,0.12677251722034086,4.1277720904552355,79.06792851551064,10.154526611316896,8.26455037417222,1.8899762371446762,498.567,520.7443076055631,476.38969239443685,0.08896420182450361,1.0691177767809539,8.972142857142854,0.017128620792162912,0.05828753838694034,0.15684387582648607,208051620.65,1.1692035670763712,526.74,0.005593631278517142,1
2021-05-25,525.98,529.43,523.3,526.74,526.74,227903489.0,18.97,1.61,0.005593631278517197,0.005578045018592085,482.8968,415.17025,502.6736305933474,1.0907920698584046,1.2687325259938542,1,0.13237949692444106,0.12667647118602915,4.370108630320867,80.26378947782455,11.020982938191821,8.81583688697614,2.2051460512156815,500.683,525.1359099333948,476.23009006660516,0.09767821129675262,1.0327995741599185,8.770714285714282,0.01665093648804777,0.0676585049456786,-0.0631075501904903,208969773.3,1.090605044935463,525.7,-0.0019744086266468533,0
2021-05-26,526.8,530.21,522.3,525.7,525.7,238761976.0,10.87,1.57,-0.001974408626646884,-0.001976360340769972,484.2802,416.12300000000005,504.86661815588576,1.0855285844847675,1.263328390884426,1,0.1340668204896385,0.126574838688816,4.395338671940479,78.54842518550618,11.491272277615792,9.350923965104071,2.140348312511721,502.66049999999996,528.5211382263446,476.79986177365527,0.10289504835288726,0.9454549767372696,8.881428571428573,0.01689448082828338,0.06268572237158643,0.047645110865327744,210954318.75,1.1318183833105337,528.67,0.005649610043751024,1
2021-05-27,527.85,531.48,525.04,528.67,528.67,216844737.0,20.92,1.62,0.0056496100437510854,0.005633710851643229,485.6426,417.06975,507.1336069029443,1.0885988996846652,1.267581741423347,1,0.1341889250441194,0.12502553672976907,4.227476893883254,79.87141855282518,11.965700993374128,9.873879370758083,2.0918216226160453,504.63599999999997,532.1385299506137,477.1334700493862,0.10899947665469473,0.9369416203204012,8.94142857142858,0.01691306215867853,0.06786919021552507,-0.09179534935663292,210642947.4,1.0294421896225328,533.86,0.009817088164639672,1
2021-05-28,533.72,538.04,529.54,533.86,533.86,230431421.0,15.66,1.69,0.009817088164639776,0.009769213625343812,487.11620000000005,418.0278,509.67897767409244,1.095960265743574,1.277092097702593,1,0.13550453254097092,0.12383201529037312,4.14502613723008,81.96465605804673,12.615060232291626,10.422115543064791,2.1929446892268345,506.45200000000006,536.646388882708,476.2576111172921,0.11923889680620615,0.9538591608115371,8.667857142857153,0.01623619889644692,0.0671864067966017,0.06265627742673785,211636963.35,1.08880517539329,537.86,0.007492601056456749,1
2021-05-31,541.36,546.38,532.87,537.86,537.86,197330617.0,19.22,1.66,0.00749260105645666,0.007464670947175543,488.6652,419.01035,512.3628845622741,1.100671789192273,1.2836437095169606,1,0.12781660763247651,0.12380659144730538,4.4933309040905485,83.39767389148079,13.299144419679521,10.997521318387738,2.301623101291783,508.48100000000005,541.4102075759371,475.551792424063,0.12951991353019,0.9460933341821826,8.709285714285727,0.016192477065194895,0.05272841149299312,-0.1436470940306357,210399679.75,0.9378845882012328,540.53,0.004964117056483024,1
2021-06-01,538.22,543.53,535.23,540.53,540.53,198724045.0,19.35,1.67,0.0049641170564829196,0.004951836452211017,490.2094,419.97415,515.0454669849147,1.1026512343500552,1.2870554056719918,1,0.12691665600902402,0.12354322250664529,4.743180558327524,84.29470834736209,13.896542065984193,11.57732546790703,2.319216598077162,510.7795,545.9580296212902,475.6009703787098,0.13774448512996826,0.922850248707837,8.933571428571437,0.016527429427731,0.06148619457209059,0.007061387741974068,208884135.4,0.9513601625104555,545.65,0.009472184707601807,1
2021-06-02,542.62,549.49,538.81,545.65,545.65,162065046.0,15.31,1.65,0.009472184707601805,0.009427604857322709,491.93059999999997,420.98555,517.9601844149229,1.1092011759382319,1.2961252470542042,1,0.1233600743109364,0.12410638447857202,5.070450881220532,85.87119075859867,14.614656551653297,12.184791684656284,2.429864866997013,513.5835,550.5390153778472,476.6279846221526,0.14391239351644033,0.9338526965624215,9.0907142857143,0.016660339568797398,0.0747912070595651,-0.18447188411447646,205882221.45,0.7871735833167056,551.28,0.010317969394300368,1
2021-06-03,552.57,556.72,547.14,551.28,551.28,230757545.0,19.15,1.67,0.010317969394300297,0.010265102489853593,493.7278,422.0061,521.1335001849302,1.1165666587945826,1.3063318279048572,1,0.11224359059420558,0.12247388054416224,5.794847431569767,87.37223265079143,15.459849877443503,12.839803323213728,2.6200465542297753,516.7895,555.1901005846701,478.38889941532983,0.14861215479260245,0.9490880282328171,9.240000000000018,0.016760992599042263,0.07587822014051526,0.4238575849353723,206681120.1,1.1164906832726227,557.91,0.01202655637788419,1
2021-06-04,556.77,562.07,552.63,557.91,557.91,236955669.0,16.54,1.6,0.012026556377884079,0.011954812001094793,495.63700000000006,423.04110000000003,524.6360239768416,1.1256423551913999,1.3188080307090728,1,0.107293358796673,0.12232878786735003,6.405668248024972,88.87160531412867,16.474746644060474,13.566791987383077,2.907954656677397,520.3115,560.278728298882,480.34427170111803,0.15362807971303796,0.9703666178432658,8.987857142857163,0.016109869231340473,0.08191285124207348,0.02685989747377482,208902339.3,1.1342892080289881,561.32,0.006112096933197257,1
2021-06-07,560.78,565.1,557.0,561.32,561.32,200319398.0,12.32,1.63,0.006112096933197364,0.006093493832887807,497.5696,424.09655000000004,528.1297359790472,1.128123583112795,1.323566532196501,1,0.10517874756272147,0.1206616736174532,6.932150648448254,89.55832384885568,17.354170074953345,14.32426760489713,3.0299024700562143,523.6295,565.6980352978385,481.56096470216147,0.1606805395714266,0.9479654417750628,8.89500000000002,0.01584657592816935,0.0716099349000594,-0.15461234227740717,208420747.05,0.9611298339312808,561.07,-0.0004453787500890757,0
2021-06-08,559.76,565.53,555.31,561.07,561.07,205555845.0,20.42,1.65,-0.0004453787500890982,-0.0004454779606632283,499.4672,425.13849999999996,531.2669039810427,1.1233370279369697,1.3197346276566344,1,0.10312130818245459,0.11964688510294316,7.150987218901568,89.12410194057688,17.82546569659371,15.024507223236448,2.8009584733572623,527.0150000000001,569.720069586892,484.30993041310813,0.16206396245575894,0.8987231531119461,9.070000000000022,0.016165540841606253,0.06517446937768168,0.026140488900630476,208664993.45,0.9850998080770793,562.24,0.002085301299303044,1
2021-06-09,561.8,566.44,557.6,562.24,562.24,196807413.0,15.56,1.66,0.002085301299302955,0.0020831300764604477,501.19480000000004,426.21275,534.2167226495147,1.1217993482773563,1.3191534040218176,1,0.09866640870592049,0.119541325962787,7.206224886888724,89.38352970621322,18.08490852612283,15.636587483813726,2.4483210423091055,530.3925,573.0179902117233,487.7670097882768,0.16073187389204352,0.8735734162931389,9.15214285714288,0.01627800024392231,0.06950732356857525,-0.04255987953054796,208306420.1,0.9447976346841362,568.2,0.010600455321570924,1
2021-06-10,570.93,573.42,565.72,568.2,568.2,216696437.0,15.36,1.66,0.010600455321570834,0.010544664421355165,503.0814,427.28995000000003,537.4532252543229,1.1294394903091232,1.3297761859365052,1,0.09886703083998945,0.12037499502294198,7.416050749845,90.6120120878978,18.557521472037365,16.220774281458453,2.3367471905789117,534.049,576.4623970393942,491.63560296060575,0.1588370993647205,0.9025968489081113,9.520000000000023,0.016754663850756815,0.07477254241776543,0.10105830718886599,208968959.35,1.0369790693988064,565.01,-0.005614220344949057,0
2021-06-11,566.37,570.99,560.39,565.01,565.01,229686319.0,16.49,1.64,-0.005614220344949072,-0.00563003931522997,504.936,428.35155,540.0776799920064,1.118973493670485,1.3190333967508698,1,0.10586543256351447,0.12009363478289624,6.799883187557258,84.94620391163511,18.461847609468578,16.66898894706048,1.792858662408097,537.287,578.7123302118179,495.8616697881822,0.15420187055238901,0.8346141099830813,9.510000000000023,0.016831560503353965,0.05834863072715679,0.05994506499430807,210810710.2,1.0895381870403662,567.19,0.0038583387904639983,1
2021-06-14,568.65,573.32,562.54,567.19,567.19,179501490.0,18.18,1.63,0.0038583387904640443,0.0038509144921974286,506.87260000000003,429.43269999999995,542.6598057070535,1.118999133115501,1.3207890316689905,1,0.10508863093033606,0.118231372450104,7.276627582459248,85.60847150902134,18.350401163188508,17.005271390286087,1.3451297729024212,540.1005,581.6290076341066,498.57199236589344,0.15378066724259545,0.8261554717767626,9.842142857142887,0.01735246188603975,0.05453091882646044,-0.218492895956942,210998456.0,0.8507241872897876,565.91,-0.0022567393642343595,0
2021-06-15,563.51,568.87,560.56,565.91,565.91,217165174.0,17.36,1.81,-0.002256739364234317,-0.002259289638104752,508.81699999999995,430.47720000000004,544.8741099254294,1.112207335839801,1.314610855116136,1,0.09283983609587455,0.11827546800492861,6.899580374208573,83.29147078302253,17.95185592848827,17.194588297926526,0.7572676305617456,542.9350000000001,583.311563551283,502.5584364487171,0.14873442880347962,0.7845091060069346,9.870714285714314,0.01744219802745015,0.04695391560135431,0.2098237958916107,211941339.9,1.024647546828121,566.55,0.0011309218780371196,1
2021-06-16,564.6,570.33,560.83,566.55,566.55,205158243.0,18.87,1.7,0.0011309218780370944,0.0011302828676251757,510.81339999999994,431.5382,546.9384804087218,1.1091134257636939,1.3128617582406377,1,0.08907241422267151,0.11806561731837509,6.977175423983219,83.53147496822086,17.4860799647945,17.25288663130012,0.233193333494377,545.8785,583.9511094525525,507.8058905474475,0.1394911484972672,0.7714746939658821,10.089285714285738,0.017808288261028576,0.0383029414459819,-0.055289394606153563,211530045.05,0.9698775554626583,572.89,0.011190539228664783,1
2021-06-17,568.01,577.38,563.57,572.89,572.89,211984401.0,14.15,1.67,0.011190539228664864,0.011128388382377575,512.839,432.66130000000004,549.4100537031293,1.1170952287170046,1.324107332918382,1,0.08628737101519864,0.11895550622478936,7.284386924171486,85.7197869997739,17.42763919592005,17.287837144224106,0.13980205169594484,548.903,585.3536767535221,512.4523232464779,0.13281281666689992,0.8290336714647302,10.406428571428592,0.018164793540520155,0.03919968074299818,0.03327264798227003,212808920.05,0.9961255428118038,574.29,0.0024437501090959473,1
2021-06-18,572.89,577.86,569.33,574.29,574.29,218032395.0,15.64,1.64,0.0024437501090959213,0.0024407690075218375,514.7761999999999,433.82485,551.7795723980694,1.1156110169817488,1.3237830889585969,1,0.08603816535907308,0.11883492080210087,7.161127967240636,86.1572100185544,17.29492760553785,17.289255236486856,0.005672369050994774,551.8340000000001,586.412205731056,517.2557942689441,0.12532104122251728,0.8247132048122241,10.050714285714305,0.017501113175772354,0.0293595741248589,0.028530372855123387,213196817.85,1.0226812820133282,575.02,0.0012711347925264556,1
2021-06-21,576.67,581.59,570.11,575.02,575.02,206706457.0,17.21,1.63,0.001271134792526496,0.0012703275846703602,516.7628,434.97335,553.9929464553961,1.112734895004052,1.321966046885401,1,0.08716135610567488,0.11661255934636514,7.61723000996429,86.3912895438212,17.052091714434482,17.24182253207638,-0.18973081764189814,554.3945,587.7994202017383,520.9895797982617,0.12050956566732898,0.8087194921381371,10.277857142857167,0.01787391246018776,0.02440675550488125,-0.05194612479489569,211369405.85,0.9779393388023757,569.31,-0.009930089388195257,0
2021-06-22,570.19,576.38,563.13,569.31,569.31,208187230.0,22.24,1.65,-0.009930089388195285,-0.009979721567148122,518.69,436.1199,555.4517134596441,1.0975920106421946,1.305397896312459,1,0.09318160788651995,0.11970077785895107,6.955740732239957,75.61985441548254,16.212011267394132,17.035860279139932,-0.8238490117457999,556.5229999999999,587.870162450284,525.1758375497158,0.11265360982467149,0.7039578545518427,10.46142857142859,0.018375627639473383,0.014686224535262804,0.007163651399627158,210383592.9,0.9895601987316378,573.23,0.006885528095413875,1
2021-06-23,572.85,576.2,569.88,573.23,573.23,206257184.0,17.22,1.67,0.006885528095413873,0.0068619311034131564,520.6512,437.2396,557.1448836063447,1.100986610613785,1.311020319294044,1,0.09356828281298997,0.11988287739938988,7.100356802767261,77.67754561175548,15.68178286851753,16.765044797015452,-1.0832619284979224,558.8995,587.4934754236206,530.3055245763794,0.1023224226307929,0.7505860025922012,10.162857142857165,0.017729108983928203,0.01954681274900394,-0.009270722320480429,208758353.3,0.9880188300948817,576.72,0.006088306613401268,1
2021-06-24,576.68,579.09,574.31,576.72,576.72,226980533.0,20.21,1.57,0.0060883066134012065,0.006069847758912933,522.7156,438.42285,559.0091804057405,1.103315072287875,1.3154423862716098,1,0.09116255801937874,0.1199678157367594,7.136904851755142,79.34869562137263,15.366056540411819,16.48524714569473,-1.1191906052829097,561.302,587.1435443566586,535.4604556433414,0.09207715047020154,0.7983180839814813,9.810714285714303,0.0170112260468066,0.014994720168954645,0.1004733439975598,209265143.1,1.0846552351603749,587.31,0.018362463587182545,1
2021-06-25,586.1,591.51,581.91,587.31,587.31,217328299.0,17.6,1.58,0.01836246358718263,0.01819590936023776,524.9352,439.6139999999999,561.7044965575748,1.118823809110153,1.335967462364711,1,0.10314429923602801,0.12361096607589904,7.416397125726733,83.40781849618418,15.788367177475266,16.345871152050837,-0.557503974575571,563.9745,588.9059356417398,539.0430643582603,0.08841334365896174,0.967993506959624,10.288571428571442,0.017518127443039353,0.03946832799419475,-0.042524501429380246,208609987.0,1.0417923999007774,586.4,-0.001549437264817504,0
2021-06-28,586.76,591.39,581.77,586.4,586.4,213860211.0,16.29,1.63,-0.0015494372648174881,-0.0015506388841191724,527.1124,440.7912,564.0564492663772,1.112476200521938,1.3303350883592957,1,0.10402518078148412,0.11907776445443358,6.949830551119515,81.91779512290987,15.866720329847112,16.25004098761009,-0.3833206577629795,566.4014999999999,590.0463176362803,542.7566823637196,0.08349136658797189,0.9228939361408245,10.245714285714298,0.017472227635938434,0.03386872123979612,-0.015957829771630405,209436466.7,1.0211221301127882,587.96,0.0026603001364257487,1
2021-06-29,589.31,592.95,584.32,587.96,587.96,187758344.0,16.88,1.68,0.0026603001364258194,0.002656767801345349,529.4274,441.97439999999995,566.3329779076746,1.1105583126222782,1.330303293584425,1,0.1036198242851934,0.11810134304324851,7.238975603870132,82.49511108480951,15.871735246037588,16.174379839295593,-0.3026445932580053,568.773,590.9615310346137,546.5844689653863,0.07802244844454523,0.9323630070223285,10.230714285714296,0.01740035765309595,0.038963792829248556,-0.12205106727403348,208888181.65,0.8988461794099781,589.66,0.0028913531532756167,1
2021-06-30,586.8,595.09,581.39,589.66,589.66,203374854.0,17.08,1.65,0.002891353153275711,0.0028871812314787684,531.6501999999999,443.17525,568.5545990593247,1.109112721108729,1.3305345909998358,1,0.10369367442457332,0.11729481488764057,7.501655270444113,83.12731247941156,15.830402371303308,16.10558434569714,-0.2751819743938313,570.9735000000001,592.215570743551,549.7314292564491,0.0744065030811893,0.9398464778847719,10.410714285714302,0.017655452779083376,0.04079075103697827,0.08317345406497623,210953672.05,0.9640735428952206,597.69,0.013618017162432735,1
2021-07-01,598.22,600.73,595.18,597.69,597.69,225726710.0,19.01,1.74,0.013618017162432716,0.013526125283576112,533.8864000000001,444.4022,571.3293991489129,1.1195078203902553,1.3449303356284017,1,0.10729595972553066,0.11795451594703261,8.059220097772778,85.74600241686677,16.258185419630536,16.13610456048382,0.12208085914671685,573.2940000000001,595.591342206506,550.9966577934941,0.0777867628353587,1.047060716317898,10.444285714285732,0.01747441937172402,0.043289287646843366,0.10990471811229918,210702130.3,1.0713072035798017,597.77,0.00013384865063816902,1
2021-07-02,599.44,604.15,593.08,597.77,597.77,210659690.0,20.94,1.6,0.00013384865063814644,0.00013383969370674747,536.163,445.62625,573.8475516109212,1.1149034901699668,1.3414155921021258,1,0.10597289179675805,0.11724465442302381,8.23369818215494,85.76969830637323,16.414446378637535,16.191772924114563,0.2226734545229725,575.287,598.882408206289,551.691591793711,0.08203004137499362,0.9764274430529035,10.465000000000007,0.017506733358984238,0.04088526702537054,-0.06674894610389703,209387331.35,1.006076578949627,599.64,0.003128293490807509,1
2021-07-05,598.9,602.95,595.6,599.64,599.64,221541800.0,18.4,1.63,0.0031282934908074544,0.0031234105615653247,538.4984000000001,446.8279,576.3039752670239,1.1135409130277822,1.3419931924573196,1,0.1017572430186775,0.11610369342720656,8.566433479929943,86.34128550857706,16.49898762710575,16.2532158647128,0.2457717623929483,577.2030000000001,602.2044779352689,552.2015220647313,0.08662975741714947,0.9487134732023188,10.396428571428576,0.017337783622554493,0.042815902055580723,0.05165729618229298,210448451.45,1.0527129017750727,603.11,0.005786805416583329,1
2021-07-06,604.38,610.24,597.26,603.11,603.11,240913956.0,20.47,1.75,0.005786805416583274,0.005770126173539991,540.8721999999999,448.03970000000004,578.8569300034978,1.1150693269130862,1.346108391734036,1,0.1016566180449114,0.11542392406949048,8.454890787471575,87.35617643114664,16.654010113773438,16.33337471452493,0.32063539924850915,579.305,605.6294209213133,552.9805790786866,0.09088276787277151,0.95214669812118,10.645000000000007,0.017650179900847284,0.05937011470025122,0.08744244201320028,212216357.0,1.1352280258019884,604.56,0.002404204871416378,1
2021-07-07,609.66,615.87,598.4,604.56,604.56,228175606.0,15.09,1.68,0.002404204871416349,0.0024013193948103483,543.2404,449.25059999999996,581.3048414317361,1.1128774664034558,1.345707718587354,1,0.10075793847396905,0.11418779473051086,8.198106399535112,87.76527409072233,16.70134670459538,16.40696911253902,0.29437759205636027,581.421,608.7539705667056,554.0880294332945,0.09402127053084942,0.9232800079780279,10.906428571428583,0.018040274863418988,0.05465519948362774,-0.05287510201360024,213784766.65,1.067314615421407,602.94,-0.0026796347757044644,0
2021-07-08,602.75,606.09,599.61,602.94,602.94,211630270.0,16.46,1.72,-0.0026796347757044314,-0.0026832314235419,545.516,450.45825,583.3653327239518,1.1052654734233278,1.3385036238097539,1,0.10297644135958596,0.11394886663135328,8.248902101481972,84.47663021025281,16.418874270571678,16.409350144145552,0.009524126426125434,583.158,611.3550984696238,554.9609015303762,0.09670483289117349,0.8507807730724496,10.760000000000016,0.017845888479782423,0.045464003329172,-0.07251141473904976,213531458.3,0.9910964486678635,604.42,0.002454638935880692,1
2021-07-09,605.14,608.53,601.03,604.42,604.42,201057689.0,15.69,1.78,0.0024546389358806042,0.0024516312306093395,547.6536,451.67040000000003,585.3705391311945,1.1036538425019027,1.3381882009536155,1,0.09956299497859006,0.11232187514168739,8.660660712197831,85.02856644104997,16.12851695878021,16.353183507072487,-0.2246665482922765,585.1285,613.49333388023,556.76366611977,0.09695249464068663,0.8400601618295721,10.4757142857143,0.01733184587822094,0.02913282593519617,-0.04995779195480876,212100026.8,0.9479380650413005,610.19,0.009546341947652453,1
2021-07-12,608.83,615.16,603.87,610.19,610.19,165312882.0,18.29,1.64,0.00954634194765247,0.009501063559266235,549.9118,452.89925000000005,587.734297309176,1.1096143054213423,1.3472974397727528,1,0.09691749630441687,0.11287471332697104,8.79001667976466,86.97320643557424,16.177513173658326,16.318049440389657,-0.14053626673133124,587.2785,616.4260991789231,558.1309008210769,0.09926329391889353,0.8930255088672029,10.335714285714298,0.016938517979177465,0.04056957708049125,-0.17778383496688854,211390596.4,0.7820257136092739,605.74,-0.00729281043609375,0
2021-07-13,606.07,609.65,602.16,605.74,605.74,207053263.0,16.6,1.67,-0.007292810436093755,-0.007319532979015128,552.1354,454.14464999999996,589.4491261368736,1.0970859684055758,1.333804108448707,1,0.10410182493768524,0.11414323145093191,8.559869382668792,78.50410957540575,15.676555642025278,16.189750680716784,-0.5131950386915065,589.27,617.7042632455322,560.8357367544678,0.09650673967954902,0.7896153815731152,10.417142857142867,0.01719738312996148,0.030240152391319164,0.2524932146546208,210885000.85,0.9818302020790683,606.93,0.0019645392412585283,1
2021-07-14,607.77,611.73,602.97,606.93,606.93,204294781.0,19.32,1.67,0.0019645392412586116,0.001962612057649161,554.4826,455.42515,591.1139712666952,1.0945879996955719,1.33266684986545,1,0.10234829779098444,0.11413465658875185,8.419856888058648,79.09047377054314,15.20034611562312,15.991869767698052,-0.7915236520749325,591.289,618.6445912883871,563.9334087116129,0.09252866631491832,0.7858830546619171,10.624285714285723,0.01750496056264433,0.029288064308245376,-0.01332257197994513,210841827.75,0.9689480649078656,604.08,-0.004695763926647075,0
2021-07-15,604.44,608.45,600.07,604.08,604.08,216831408.0,15.17,1.58,-0.004695763926647056,-0.004706823662261814,556.821,456.66880000000003,592.3488311460576,1.0848728765617677,1.3227967402196077,1,0.10587502944026192,0.11539018630239983,8.077447425345458,73.8918193696554,14.426673738919135,15.67883056194227,-1.2521568230231352,592.8485,619.3298954752433,566.3671045247565,0.08933613047919911,0.712063975438681,10.166428571428582,0.01682960629623325,0.010691160969733549,0.06136538064572483,211084178.1,1.0272271941541602,610.44,0.010528406833532004,1
2021-07-16,608.57,612.36,606.66,610.44,610.44,207306658.0,17.61,1.67,0.010528406833532067,0.010473369127503924,559.2804,457.93570000000005,594.0717996083379,1.0914739726262535,1.333025575424672,1,0.1052589873713034,0.11209414366780118,9.088758618485762,77.4534140791583,14.163464056442649,15.375757260842347,-1.212293204399698,594.6560000000001,620.7356645118969,568.5763354881033,0.08771344949635734,0.802611254680772,10.070714285714294,0.01649746786861001,0.02119544306338561,-0.04392698496889347,210547891.25,0.9846057197212608,603.59,-0.01122141406198811,0
2021-07-19,603.96,607.93,599.62,603.59,603.59,204393261.0,19.22,1.73,-0.011221414061988066,-0.011284849129306877,561.453,459.1687,594.9782948837342,1.0750499151309194,1.3145277541783664,1,0.11631240587714302,0.11459995487549414,8.031858798424127,66.87228123361922,13.249399900013032,14.950485788676485,-1.701085888663453,596.0845,620.7256675005456,571.4433324994545,0.08267675975639086,0.652295949434651,10.22714285714287,0.016943857348767986,0.006587285704756196,-0.014053562138848452,210432231.45,0.9713020652378774,601.43,-0.003578588114448685,0
2021-07-20,604.07,607.31,598.21,601.43,601.43,178860518.0,12.34,1.71,-0.0035785881144486664,-0.0035850065781622958,563.6144,460.38615,595.5927429900452,1.0670948080815534,1.3063598894102266,1,0.11810382652036024,0.11301990427523326,7.473123438316616,63.907508872693384,12.209954764348595,14.402379583810909,-2.192424819462314,597.6905,618.9371948265632,576.4438051734369,0.0710959763507287,0.5880019228858291,9.898571428571431,0.01645839321046744,-0.002785561506193024,-0.12491969096769784,208965895.85,0.855931621150227,603.8,0.003940608217082628,1
2021-07-21,604.61,608.06,600.35,603.8,603.8,193550562.0,22.8,1.72,0.003940608217082531,0.0039328643575334415,565.7966,461.6024,596.3743865148028,1.0671679539961887,1.3080521245123509,1,0.10967616539823516,0.11201512840886325,7.823297591378473,65.7041685792702,11.445489717724286,13.811001610593586,-2.3655118928693,599.219,617.2045988004572,581.2334011995429,0.06003013522744494,0.6273518899814475,9.658571428571422,0.01599630909004873,-0.0012571126108243957,0.08213128399862968,208330564.75,0.9290550439982908,611.96,0.013514408744617559,1
2021-07-22,613.72,619.37,606.33,611.96,611.96,218341393.0,16.79,1.67,0.013514408744617512,0.013423903626439861,568.1344,462.86870000000005,597.8587306562503,1.0771394937535907,1.3221027907050098,1,0.11503939527493398,0.11314149201063597,8.301313844735995,71.04801336727057,11.367057106064522,13.322212709687774,-1.9551556036232522,600.981,616.4087506632303,585.5532493367697,0.05134189155132905,0.8558198547151462,9.980000000000002,0.016308255441532127,0.014960029190300927,0.1280845208809056,207898607.75,1.0502301836602848,612.18,0.0003595006209554768,1
2021-07-23,611.75,614.84,609.09,612.18,612.18,240028383.0,12.44,1.66,0.00035950062095557733,0.00035943601609053925,570.373,464.15125,599.2226610699406,1.073297649082267,1.318923519003773,1,0.11490302081343379,0.11334459910824923,8.185773423312456,71.17840439869943,11.193617799424374,12.896493727635095,-1.7028759282107213,602.2245,617.008339647985,587.440660352015,0.04909743674646405,0.8367021097431921,9.865714285714287,0.0161157082650761,0.012838754508454286,0.09932605861866972,209033611.95,1.1482764937220424,610.02,-0.0035283740076447584,0
2021-07-26,611.39,616.32,605.1,610.02,610.02,208293305.0,17.9,1.76,-0.003528374007644719,-0.0035346134001440284,572.355,465.41385,600.2509790632796,1.0658070603034828,1.3107044407896327,1,0.10201453577573939,0.11427501808393314,7.870433728320322,67.94299105862729,10.757862014456578,12.468767384999392,-1.7109053705428146,603.4055000000001,616.5494711615339,590.2615288384662,0.043565964054063336,0.751617259272669,9.74,0.01596668961673388,-0.00027860174699700924,-0.13221385572555389,208755266.65,0.9977870658910152,619.83,0.01608143995278853,1
2021-07-27,620.35,624.13,616.05,619.83,619.83,215736693.0,17.58,1.67,0.016081439952788434,0.0159535033777016,574.5672,466.7456,602.1156477239197,1.0787772083056604,1.327982524098781,1,0.11241267187801508,0.11685710414907408,8.034963649313998,73.77366842027253,11.076425293875445,12.190298966774604,-1.1138736728991585,604.999,617.985185210303,592.012814789697,0.04292960884325938,1.0710298967229552,9.5,0.015326783150218607,0.023260804965826942,0.03573512840463122,210154184.1,1.0265638722536383,613.24,-0.010631947469467485,0
2021-07-28,611.49,616.98,607.76,613.24,613.24,226668367.0,17.3,1.71,-0.010631947469467495,-0.010688870450572851,576.6784,468.03,603.1751098454512,1.0634003285019866,1.3102578894515309,1,0.12148746715707127,0.11716721111751532,7.06574213736261,65.19514818973408,10.674086834230593,11.887056540265803,-1.21296970603521,606.178,617.4719025934343,594.8840974065657,0.037262660780878344,0.81264657813203,9.899285714285716,0.016142596233588342,0.010396586097243699,0.050671370956817174,211318859.75,1.072636712445634,603.09,-0.016551431739612512,0
2021-07-29,603.67,608.51,598.25,603.09,603.09,195809356.0,19.98,1.7,-0.016551431739612488,-0.016689937120954672,578.4922,469.3014,603.1670041458843,1.0425205387384653,1.285080334301155,1,0.1373886111838759,0.12353367475130864,6.182524214554037,54.65378950299033,9.427535769446422,11.395152386101927,-1.967616616655505,606.448,617.1290675595202,595.7669324404798,0.03522500712180633,0.3428059750755105,10.434285714285718,0.017301374113790177,-0.0016388557806913395,-0.13614167432546953,209822992.05,0.9332121045787937,605.76,0.004427199920409821,1
2021-07-30,603.96,610.13,599.6,605.76,605.76,216419245.0,19.37,1.77,0.004427199920409741,0.004417428699659146,580.294,470.55660000000006,603.4139561319906,1.0438846515731681,1.2873265405266867,1,0.13035336901760164,0.12232411033089469,6.567236823034579,56.63989162568317,8.556448345248668,10.827411577931276,-2.2709632326826075,606.8475000000001,616.7297368552706,596.9652631447295,0.03256909472397682,0.44497703220576695,10.380000000000004,0.017135499207606982,-0.007666601140161267,0.10525487352095686,210110969.8,1.0300235404462923,603.88,-0.003103539355520331,0
2021-08-02,602.73,608.48,598.13,603.88,603.88,197041423.0,18.24,1.75,-0.003103539355520324,-0.003108365321422726,581.8954,471.78635,603.4583412622771,1.0377810170006498,1.279986163228334,1,0.1310022447798629,0.12000262006550572,6.9268738622278105,54.819248096121015,7.626491550275887,10.187227572400198,-2.5607360221243116,607.0595,616.4609276071851,597.6580723928148,0.03097366108979324,0.3309033407915148,10.545714285714284,0.017463261385895018,0.0004804585894397917,-0.08953834951230888,208885950.95,0.9432966750701431,599.5,-0.00725309664171689,0
2021-08-03,599.84,604.85,594.5,599.5,599.5,225134427.0,18.63,1.64,-0.007253096641716916,-0.007279528231966372,583.3506,472.98345,603.0813563801555,1.0276838662718442,1.26748620908406,1,0.1333104377577194,0.12074495618152219,6.807047190858971,50.728040302427836,6.461579627715878,9.442097983463334,-2.9805183557474564,606.879,616.7276801680805,597.0303198319195,0.032456816492461425,0.12538127575506502,10.659285714285716,0.01778029310139402,-0.003209018505894168,0.14257410229929168,208096974.5,1.0818726583648626,603.45,0.0065888240200167566,1
2021-08-04,603.99,607.62,599.83,603.45,603.45,212649553.0,17.24,1.64,0.006588824020016704,0.006567212596338001,584.9056,474.171,603.1164652963312,1.0317049452082523,1.2726421480858172,1,0.1337755366642315,0.12079260017945236,7.001358161328644,54.057978924096744,5.7903628265337375,8.711750952077415,-2.921388125543677,606.8235,616.7394844907888,596.9075155092112,0.032681610025888735,0.32989586140117766,10.640714285714287,0.017633133293088552,-0.0005796621397812229,-0.055455196996592626,207320671.85,1.0257035687876583,605.17,0.0028502775706353693,1
2021-08-05,603.02,608.5,599.7,605.17,605.17,215222906.0,21.94,1.73,0.0028502775706353844,0.002846223231687695,586.4356,475.31945,603.3120400300139,1.0319462188175479,1.2731858542712695,1,0.13388288176179888,0.11833143468836821,6.723883913422963,55.469256287320825,5.335701653795468,8.036541092421025,-2.7008394386255574,606.9350000000001,616.7163560571273,597.1536439428728,0.032231972310415906,0.4097773360819537,10.677857142857144,0.01764439272081753,-0.011095496437675822,0.01210137977576653,207500303.65,1.037217306260072,602.99,-0.003602293570401623,0
2021-08-06,604.9,607.71,600.19,602.99,602.99,196304524.0,13.8,1.7,-0.003602293570401649,-0.003608797453848136,587.8182,476.42560000000003,603.281369550965,1.0258103610946376,1.2656540706460777,1,0.13416053712319495,0.11841569872221899,6.7064632663179164,53.23707632013181,4.744776784512737,7.378188230839368,-2.6334114463266305,606.8635,616.7426801812268,596.9843198187733,0.03255816235845606,0.3039564048206778,10.442142857142853,0.01731727368139248,-0.015011924597340576,-0.08790134076156375,207262645.4,0.9471292987752244,597.39,-0.009287052853281186,0
2021-08-09,598.41,601.47,594.33,597.39,597.39,222373066.0,17.85,1.68,-0.009287052853281241,-0.009330446403053165,589.0088,477.54785000000004,602.7202867365874,1.0142293290015363,1.2509531767340172,1,0.13761679289342235,0.12102664813126028,6.1655718513430395,47.90414298498981,3.781006282544695,6.658751841180434,-2.8777455586357394,606.2235,616.8271841165047,595.6198158834952,0.03498275509440737,0.08347024001148755,10.410714285714286,0.017426997917129993,-0.02070423920527198,0.13279644028988358,210115654.6,1.0583364976937801,602.11,0.007901036174023716,1
2021-08-10,600.84,609.28,593.68,602.11,602.11,246482476.0,17.66,1.76,0.007901036174023712,0.007869986430576409,590.2404,478.72240000000005,602.6621641902458,1.0201097722216237,1.2577435273553106,1,0.13621104749129553,0.12132588240044864,6.385385617619452,52.246227742862395,3.359351259264372,5.9988717247972225,-2.6395204655328506,606.042,616.8036210870649,595.2803789129351,0.03551443988055989,0.31731376859925586,10.974285714285722,0.018226380087169657,-0.028588483939144593,0.10841875067729645,212087115.25,1.1621756263196663,605.8,0.006128448290179437,1
2021-08-11,603.0,611.15,597.67,605.8,605.8,192361545.0,19.53,1.72,0.006128448290179334,0.006109745723866888,591.4434,479.92699999999996,602.9610056959367,1.0242738358395749,1.262275304369206,1,0.13583533441234336,0.12056989516783517,6.28160191793823,55.37748132867124,3.2850705286684843,5.4561114855714745,-2.1710409569029903,605.9855,616.7393536055188,595.2316463944812,0.035492115258536794,0.4913751847804481,10.825000000000005,0.01786893364146584,-0.012132280999282541,-0.2195731391468171,211490453.45,0.9095519058285891,605.86,9.904258831307217e-05,1
2021-08-12,605.6,608.39,603.07,605.86,605.86,204054217.0,15.39,1.71,9.904258831316959e-05,9.903768391984623e-05,592.535,481.12685,603.2371003915617,1.0224881230644605,1.259252107838089,1,0.1356558354774143,0.1148436584956472,5.855290512543505,55.42865844622616,3.194222998672558,5.003733788191691,-1.8095107895191331,606.0745,616.7913523953474,595.3576476046525,0.03536480216649865,0.48999239736739103,10.794285714285715,0.017816468679704413,0.004593012651511463,0.06078487256899501,210851593.9,0.967762269308603,615.43,0.015795728386095692,1
2021-08-13,614.61,618.03,612.01,615.43,615.43,214053130.0,13.14,1.75,0.015795728386095664,0.015672274203981987,593.6854,482.3568,604.3983289256987,1.036626469170372,1.2758812563645832,1,0.14505836522065535,0.11708747033878808,6.396210999716206,62.76413831624359,3.8500635606567357,4.7729997426847,-0.9229361820279642,606.324,617.6819527436428,594.9660472563571,0.03746496178156929,0.9008644957690922,10.862142857142853,0.017649680478921816,0.015963417855256123,0.04900125636707631,211188917.5,1.0135623238847276,610.73,-0.007636936775912666,0
2021-08-16,610.94,615.5,606.17,610.73,610.73,223762108.0,17.89,1.69,-0.007636936775912706,-0.007666247502375644,594.6736,483.57755,605.0013452184893,1.0270003578433615,1.2629411766530518,1,0.1435488345838508,0.11841413594847144,6.168680789033694,57.73831163678819,3.945094615651101,4.60741871727798,-0.6623241016268793,606.6809999999999,618.1256381838135,595.2363618161863,0.03772868503808338,0.6768950636224476,10.520714285714282,0.017226457330922474,0.011343313241041209,0.04535779504836013,212157359.85,1.054698777163351,603.87,-0.011232459515661607,0
2021-08-17,603.21,608.45,598.64,603.87,603.87,200207940.0,18.2,1.79,-0.011232459515661652,-0.011296019997612927,595.5296,484.75479999999993,604.8935980548237,1.014005013352821,1.2457225797454714,1,0.14355977823369176,0.12104141199104232,5.356233901249711,51.283487303701094,3.427354335482619,4.371405840918908,-0.9440515054362892,606.803,618.0624738589091,595.5435261410909,0.03711080485393308,0.36975412718557044,10.522142857142853,0.017424516629643554,0.007289407839866646,-0.10526432831067178,213224730.95,0.938952714856269,601.08,-0.004620199711858453,0
2021-08-18,597.46,605.64,592.92,601.08,601.08,160421969.0,21.22,1.68,-0.004620199711858453,-0.004630905823524321,596.3063999999999,485.93309999999997,604.5303982400785,1.0080052805068,1.2369603964002454,1,0.14393735881762432,0.12165720902661539,4.967256124185489,48.889611030335985,2.7600950922110314,4.049143691177333,-1.2890485989663016,606.667,618.1428292442253,595.1911707557748,0.03783238331475524,0.25657532534879735,10.359999999999998,0.017235642510148395,-0.003927417350236162,-0.19872324244483008,211568301.3,0.758251439437161,601.4,0.0005323750582284161,1
2021-08-19,600.7,605.09,597.01,601.4,601.4,233785816.0,14.32,1.75,0.0005323750582284514,0.0005322333969028806,596.9704,487.12420000000003,604.2322650743567,1.0074201333935484,1.2345927383611817,1,0.14324763606967078,0.11865674010849378,4.578502927097191,49.18261058364526,2.2313866242096765,3.685592277783802,-1.4542056535741255,606.139,617.5610412960613,594.7169587039388,0.037687861352074054,0.29255021596153885,10.185000000000002,0.016935483870967747,-0.0062296544772543205,0.4573179562457559,212340522.45,1.100994823326997,603.11,0.0028433654805454546,1
2021-08-20,602.56,606.96,598.72,603.11,603.11,223308857.0,20.39,1.79,0.0028433654805455344,0.0028393307632254,597.7324,488.355,604.1253826863228,1.0089966680742084,1.234982748205711,1,0.13495034325973435,0.11846648318154697,4.492752585823708,50.80555864606366,1.9281376920238245,3.3341013606318066,-1.4059636686079822,605.6855,616.8141003754424,594.5568996245577,0.03674712495321087,0.38428463986955147,10.034285714285716,0.016637571445152155,0.00019900827542751465,-0.04481434836063791,211504546.15,1.055811144795102,602.49,-0.001028004841571197,0
2021-08-23,603.64,607.98,598.16,602.49,602.49,179498418.0,23.42,1.65,-0.0010280048415711729,-0.0010285336009575202,598.4384,489.6014,603.9696319542921,1.0067702874681839,1.2305724615983533,1,0.1349039783238156,0.11834668798813663,4.529180528063413,50.179807682647315,1.6191177287212213,2.99110463424969,-1.3719869055284688,605.309,616.3291306707545,594.2888693292455,0.03641158704310127,0.3720977053451285,9.996428571428575,0.016591858074704268,0.008537136543966373,-0.19618764606367578,210064801.8,0.854490692690621,604.74,0.003734501817457551,1
2021-08-24,603.47,608.82,599.39,604.74,604.74,199367546.0,16.56,1.7,0.0037345018174574918,0.0037275458781450715,599.215,490.88795,604.0430003395976,1.0092203966856637,1.2319308306508645,1,0.13534774604047894,0.11818125459397774,4.47059380291729,52.467795782153026,1.5380437662623763,2.700492460652227,-1.1624486943898509,604.5545,613.1987496250077,595.9102503749922,0.028597089675102827,0.5107296762319696,10.090000000000007,0.016684856301881813,0.004367972629585992,0.11069249646534485,209246344.45,0.9527886688966242,599.25,-0.009078281575553146,0
2021-08-25,602.27,603.84,597.69,599.25,599.25,237443192.0,14.27,1.78,-0.009078281575553127,-0.009119740280347805,599.869,492.16650000000004,603.5865241167787,0.9989681080369214,1.2175757594228782,1,0.12441321658153975,0.1192448422354717,3.7967648909832223,46.817965421488026,1.01904799776878,2.364203568075538,-1.345155570306758,603.855,611.7736428927977,595.9363571072023,0.026226968039627416,0.20923047910156073,9.965000000000007,0.016629119732999593,-0.01081214922416629,0.19098216717780137,209785085.7,1.1318401935376476,606.76,0.012532332081768863,1
2021-08-26,603.28,610.51,599.55,606.76,606.76,235336437.0,16.48,1.78,0.01253233208176896,0.012454452408977948,600.5464,493.4529,603.8887599151807,1.0103465777165594,1.229620902015167,1,0.12896560758109546,0.12062977786776428,3.9201307779301593,54.09934609805577,1.199902617920202,2.1313433780444706,-0.9314407601242687,604.0385,612.0520235039193,596.0249764960807,0.02653315477045252,0.6698067022576992,10.232142857142865,0.016863575148564285,0.0014854916977520283,-0.008872669636280861,211761439.75,1.111328092960796,606.9,0.00023073373327178186,1
2021-08-27,609.29,612.38,603.83,606.9,606.9,226426200.0,17.54,1.72,0.00023073373327187063,0.00023070711833793252,601.1986,494.75895,604.1755446851635,1.0094833886838723,1.2266579513114415,1,0.11494620138495888,0.12051943643497597,3.766554599152837,54.225165711926465,1.339091820398835,1.9728930665153435,-0.6338012461165086,604.0955,612.1765147226612,596.0144852773388,0.026754096736849683,0.6735240001148572,10.224285714285722,0.016846738695478206,-0.013860227808199066,-0.037861697549198436,212261787.5,1.0667308641222104,612.91,0.009902784643269057,1
2021-08-30,612.49,617.14,608.26,612.91,612.91,206918032.0,18.91,1.69,0.009902784643269102,0.009854073392120887,601.9564,496.02585,605.0073975722908,1.0181966667353315,1.2356412473261222,1,0.11890531623433569,0.12063288307420124,3.7772378173032646,59.373534398696236,1.9123130836467226,1.9607770699416194,-0.04846398629489679,604.547,613.5354161710313,595.5585838289687,0.02973603763153712,0.9652098790211662,9.841428571428578,0.016056890198281278,0.0035694987965220193,-0.08615684933987322,212755617.95,0.9725620126685826,615.14,0.003638380838948652,1
2021-08-31,616.73,624.11,607.78,615.14,615.14,211452279.0,16.02,1.78,0.0036383808389486294,0.003631777942438849,602.8729999999999,497.2871,605.9724073273106,1.0203475690568329,1.2369916693998295,1,0.1185628303911985,0.11946684641235839,3.590312201815269,61.120862862147874,2.5175170581725297,2.0721250675878014,0.44539199058472834,605.329,615.1513073717821,595.5066926282178,0.03245278971192824,0.9994244034342682,10.045000000000007,0.016329616022368904,0.01866295725901268,0.02191325210361561,212071510.55,0.9970800813914417,617.95,0.004568065806158044,1
2021-09-01,618.1,622.59,613.46,617.95,617.95,207708798.0,21.39,1.79,0.004568065806157984,0.004557663859375316,603.7674,498.55330000000004,607.1131304389953,1.0234901718774483,1.2394863297464884,1,0.11533989587798021,0.1177834156816863,3.3880759550944735,63.264902672791145,3.1871496073518983,2.295129975540621,0.8920196318112774,606.054,617.325909005669,594.7820909943309,0.03719770517363287,1.0276834648412023,10.31714285714287,0.0166957567070845,0.028066147600984914,-0.017703668258879368,211824472.8,0.9805703526811751,621.33,0.00546969819564689,1
2021-09-02,623.46,627.22,617.58,621.33,621.33,229744196.0,14.71,1.67,0.005469698195646799,0.005454793720424672,604.6596,499.85385,608.4671180162338,1.0275698922170426,1.2430233357210312,1,0.11477781769212365,0.11769148727980727,3.368835111976125,65.71411614984832,3.9450993298444246,2.6251238464013817,1.3199754834430428,606.862,620.0252112543567,593.6987887456432,0.04338123413341101,1.0495619465258499,10.136428571428585,0.016314082003812118,0.03313934153641518,0.10608793759424673,212550537.3,1.0808920970909255,624.12,0.00449036743759349,1
2021-09-03,623.4,629.28,618.25,624.12,624.12,194672757.0,13.15,1.67,0.004490367437593568,0.0044803158168122085,605.3958,501.1462,609.9578686813545,1.0309288567908796,1.2453850792443402,1,0.11517592776313498,0.11774990114590163,3.534805704219037,67.63246363286046,4.716540288152373,3.0434071347515803,1.673133153400793,607.9185,623.0220405748205,592.8149594251795,0.04968935992175153,1.0363477496784297,10.257857142857151,0.016435712912352032,0.03483609955066247,-0.1526542981743051,212468948.95,0.9162409752674593,627.9,0.00605652759084787,1
2021-09-06,625.83,632.59,621.16,627.9,627.9,195898506.0,20.27,1.74,0.00605652759084796,0.006038260547082373,606.2258,502.46774999999997,611.666643092654,1.0357526848906793,1.2496324390968376,1,0.11464933603338617,0.11806756638058773,3.6597284102503496,70.07540211244074,5.56873431203303,3.5484725702078705,2.020261741825159,609.4440000000001,626.1483863133544,592.7396136866457,0.05481844538079606,1.0524297526630115,10.210714285714298,0.01626168862193709,0.04217497385848712,0.006296458831165586,211145220.95,0.927790385776193,635.19,0.011610129001433473,1
2021-09-07,637.9,642.59,630.52,635.19,635.19,227679805.0,11.81,1.77,0.011610129001433434,0.011543248615890976,607.1704,503.81825,613.9069627981156,1.0461478359287608,1.2607522653258394,1,0.11164665486671022,0.11839090990831606,3.683698869882517,74.13058064038165,6.75448479442332,4.189675015050961,2.564809779372359,611.0980000000001,630.9912843468792,591.204715653121,0.06510669106050604,1.1055309816821184,10.351428571428585,0.016296586173315992,0.05035221748189311,0.16223349350096616,210205087.4,1.0831317539272838,636.76,0.0024717013806891423,1
2021-09-08,636.54,641.66,631.65,636.76,636.76,209223674.0,16.99,1.72,0.002471701380689195,0.0024686517509804854,608.1124,505.10544999999996,616.0834425316284,1.047109054181431,1.2606476528811954,1,0.11018725019457012,0.1174339321854436,3.989029711929977,74.91886981854667,7.73175956217176,4.898091924475121,2.8336676376966388,612.646,635.4140361356488,589.8779638643512,0.07432689068601325,1.0295581897205057,10.489285714285725,0.01647290300000899,0.06259491030454734,-0.0810617832354521,211048193.85,0.9913549610791895,640.96,0.006595891701740131,1
2021-09-09,641.38,647.99,634.36,640.96,640.96,234123178.0,25.29,1.77,0.006595891701740131,0.006574233990518338,608.9778,506.41165,618.4526384809972,1.0525178421939192,1.2656896815071297,1,0.11038272209241322,0.1177442145619031,4.071328978468818,76.94298956358807,8.74436219146537,5.667345977873172,3.0770162135921986,614.4010000000001,640.178810858025,588.6231891419751,0.08391200814446267,1.0151523561341647,10.874285714285723,0.01696562299408032,0.05636495484211235,0.1190090180712533,212551641.9,1.1014884472647304,641.08,0.00018721917124314239,1
2021-09-10,643.45,646.39,638.15,641.08,641.08,198248536.0,17.47,1.7,0.0001872191712430915,0.00018720164792115145,609.844,507.68305,620.6076252923308,1.0512196561743659,1.2627563595042224,1,0.11035683034499283,0.11748882468115975,4.163534081782569,77.00010212445486,9.447633628188669,6.423403507936271,3.0242301202523976,615.6835,644.0946462745189,587.272353725481,0.0922914006124017,0.9469460639437561,10.761428571428578,0.016786405084277433,0.056318998187510516,-0.15322977548169114,211761412.2,0.9361882032254412,649.09,0.012494540462968726,1
2021-09-13,647.08,653.93,642.26,649.09,649.09,209041378.0,14.7,1.63,0.012494540462968828,0.01241712784868011,610.833,509.00879999999995,623.3202324073469,1.0626308663742792,1.2752038864554014,1,0.10593117078525259,0.11932761698823847,4.48039037151125,80.47645110451961,10.529938786553885,7.244710563659794,3.2852282228940908,617.6015,649.562168114361,585.6408318856389,0.10349932153438522,0.9926132940390339,11.00571428571428,0.01695560598024046,0.05902987388034142,0.0544409669688557,211025375.7,0.9905982979846912,646.17,-0.004498605740344286,0
2021-09-14,647.32,650.51,642.98,646.17,646.17,193857772.0,17.36,1.72,-0.00449860574034433,-0.004508754916681353,611.6942,510.31629999999996,625.4964007495043,1.056361168701616,1.2662146986094702,1,0.10263117345205852,0.11864077389441689,3.9772987171491367,75.9686290114513,11.024964893118636,8.000761429551563,3.0242034635670727,619.7165,653.4029522354474,586.0300477645526,0.10871568607707895,0.8926430099289435,11.039999999999996,0.017085287153535442,0.05044380141106086,-0.07263445230446197,210707867.3,0.9200310101567811,656.13,0.015413900366776602,1
2021-09-15,654.97,661.12,650.0,656.13,656.13,210128846.0,17.37,1.75,0.01541390036677659,0.015296312985197272,612.7256,511.62059999999997,628.4138863924087,1.070838234929306,1.2824542248689752,1,0.09844586056989511,0.12166205959646714,4.3048172541468315,80.06950946512411,12.081695148767722,8.816948173394795,3.264746975372926,622.4689999999999,658.6477660317416,586.2902339682582,0.11624278809606128,0.9652038155406147,11.303571428571429,0.01722763999294565,0.06178493405615337,0.08393304963806147,213193211.15,0.9856263474175828,656.51,0.0005791535214058121,1
2021-09-16,656.25,659.76,653.01,656.51,656.51,184125428.0,17.9,1.73,0.0005791535214059174,0.0005789858767301188,613.797,512.93935,631.0897067359889,1.069588153738125,1.2798979060584843,1,0.0942834026115053,0.12169014758065722,4.280947520909098,80.20827802454721,12.80224796844982,9.6140081324058,3.188239836044019,625.2245,663.0059242717314,587.4430757282687,0.1208571457825818,0.9140328296529338,11.175000000000002,0.01702182754261169,0.056620475431734985,-0.1237498729707962,210710191.75,0.8738325681866311,649.63,-0.010479657583281284,0
2021-09-17,649.77,653.57,645.83,649.63,649.63,201466415.0,19.16,1.69,-0.010479657583281288,-0.010534955872190669,614.7012,514.1684,632.855448951609,1.0568224041208965,1.2634576531735517,1,0.10662805185889537,0.12191636239830543,4.254921192088888,70.62097739892529,12.672057180810953,10.225617942086831,2.446439238724121,627.5505,665.3273876570479,589.7736123429522,0.1203947336731869,0.7922355621200632,11.206428571428571,0.01725047884400131,0.04087354995834125,0.09418029431545971,209618069.65,0.9611118704431786,650.88,0.0019241722211104783,1
2021-09-20,647.95,654.83,644.02,650.88,650.88,184865557.0,14.9,1.66,0.0019241722211105206,0.00192232337303045,615.515,515.3787,634.5720728609796,1.0574559515202717,1.2629159877969347,1,0.10676872932098674,0.12153232231002391,4.1050863731641005,71.29237634373166,12.525360043135947,10.685566362296655,1.8397936808392927,629.97,667.1830429879316,592.7569570120685,0.11814227022833618,0.7809498810134967,10.812142857142858,0.01661157641522686,0.03659818442427132,-0.08240012609545866,209886426.6,0.8807885292759565,647.92,-0.0045476892822026126,0
2021-09-21,646.41,653.34,641.01,647.92,647.92,222143656.0,21.72,1.72,-0.004547689282202616,-0.0045580614794060595,616.3586,516.5853500000001,635.8433040170768,1.0512062296202243,1.254236110257482,1,0.10937933747545478,0.12195579834685967,3.741789230692661,67.36635425941842,12.031561886346253,10.954765467106574,1.0767964192396793,632.129,668.1707132018848,596.0872867981152,0.1140327787582212,0.7190656130970915,11.040714285714289,0.01704024306351755,0.02004124750074765,0.20164978054835814,211025232.1,1.0526876515635402,652.88,0.007655266082232431,1
2021-09-22,655.53,660.94,647.5,652.88,652.88,222540313.0,18.11,1.79,0.007655266082232437,0.0076261132202530505,617.2775999999999,517.7937999999999,637.465846491641,1.0576764813756405,1.2608880214479201,1,0.11032877301076145,0.11788571257953605,3.5073866391038115,70.3162277215023,11.903240687877428,11.144460511260746,0.758780176616682,634.8104999999999,668.4527062453287,601.1682937546711,0.10599133519459997,0.7685540280483306,11.312142857142865,0.017326526861203995,0.02531566053144041,0.001785587790992249,210280088.15,1.0583042596085197,650.07,-0.004304006861904095,0
2021-09-23,651.8,654.64,647.24,650.07,650.07,179720402.0,19.32,1.81,-0.0043040068619041305,-0.004313295762012554,618.1974,518.955,638.6662420638656,1.0515573180993645,1.252651964043125,1,0.10445743037748093,0.11832304980360629,3.401061126987439,66.64096494332395,11.44289512568264,11.204147434145126,0.23874769153751352,636.976,668.52637635943,605.42562364057,0.09906299879235769,0.707509410507855,11.052857142857151,0.01700256455898157,0.014213055416874676,-0.19241417621264867,207499286.4,0.8661253979136576,648.34,-0.0026612518651837774,0
2021-09-24,648.21,652.68,643.87,648.34,648.34,233343000.0,15.93,1.81,-0.0026612518651837336,-0.0026647992910556017,618.9554,520.0842,639.5875523434975,1.0474745030094252,1.2466058380546843,1,0.101872564098536,0.1186193723415096,3.212941340438303,64.40891810793228,10.813816464411047,11.12608124019831,-0.31226477578726275,639.048,667.5804772293387,610.5155227706613,0.08929682036183222,0.6628319883452432,10.865714285714287,0.01675928414985083,0.01132463967055597,0.2983667819750371,207845126.4,1.1226772743803917,639.18,-0.014128389425301665,0
2021-09-27,639.65,643.05,635.78,639.18,639.18,253704764.0,20.72,1.71,-0.014128389425301702,-0.014229145256758155,619.6672,521.2086,639.548737834593,1.0314891606333205,1.2263420058686674,1,0.11798187360390919,0.12266970786041184,2.5518003344439015,54.080440737278494,9.467001941028343,10.794265380364317,-1.3272634393359741,640.3615,666.1105008186439,614.612499181356,0.08042020270926259,0.47705736217108663,10.713571428571429,0.01676143094053542,-0.01526752838589418,0.0872610877549358,210184463.0,1.207057650117554,637.45,-0.0027065928220531064,0
2021-09-28,636.89,640.21,634.13,637.45,637.45,210805111.0,16.86,1.7,-0.0027065928220531,-0.0027102622670298025,620.3876,522.3404,639.3488580408223,1.0275028063101197,1.2203727684092596,1,0.11607955291675486,0.12033510836434998,2.0587218643625054,52.37228625821513,8.165913617112778,10.26859502771401,-2.1026814106012317,641.4770000000001,664.4037410863983,618.5502589136019,0.07148110091667353,0.4121767898621815,10.432857142857147,0.016366549757403946,-0.01349490072271986,-0.1690928160891768,210152104.6,1.0031073036420117,625.77,-0.01832300572593939,0
2021-09-29,628.32,632.22,621.88,625.77,625.77,198780500.0,18.19,1.78,-0.018323005725939367,-0.0184929511369855,620.827,523.4159500000001,638.0556334655059,1.0079619604173142,1.1955501164991245,1,0.13527065448304434,0.1264150901250851,1.3754729785773658,42.591179264901214,6.121745686784379,9.439225159528085,-3.317479472743706,641.868,663.3249381246452,620.4110618753549,0.06685779046349628,0.12487658055845811,10.57142857142858,0.016893472955604425,-0.046271318183896515,-0.057041363669783185,209705689.7,0.9479022733449469,618.45,-0.011697588570880574,0
2021-09-30,618.08,622.19,614.34,618.45,618.45,259425785.0,15.17,1.79,-0.011697588570880546,-0.011766543626127002,620.9568,524.4521500000001,636.1884302783149,0.9959630041896634,1.1792305551612285,1,0.1412421102464115,0.128741389307837,0.8897808529589823,37.823557708674734,3.8664945084726696,8.324679029317004,-4.458184520844334,641.7239999999999,663.7912631074464,619.6567368925535,0.06877493473023323,-0.027342241913970278,10.799285714285718,0.017461857408498208,-0.05797322203774491,0.305086691098976,211189769.15,1.2284012906692454,622.78,0.007001374403751196,1
2021-10-01,623.21,630.05,615.95,622.78,622.78,186918051.0,15.01,1.78,0.007001374403751148,0.006976978585296366,621.1687999999999,525.4870500000001,634.9114369184754,1.0025938199085338,1.1851481401872794,1,0.1420762567371358,0.12896596204749725,0.9258655133868493,41.96217027650553,2.400910314542216,7.139925286362046,-4.73901497181983,641.6569999999999,663.9562283085879,619.3577716914119,0.06950513532480203,0.0767342318118095,10.888571428571433,0.017483816802998545,-0.04133121930945316,-0.2794931660320503,210802033.85,0.886699466728129,627.27,0.007209608529496788,1
2021-10-04,629.43,634.07,622.64,627.27,627.27,210351863.0,19.22,1.66,0.007209608529496814,0.007183743545126228,621.5138,526.5342,634.1836810214777,1.00926158035429,1.191318626596335,1,0.1434289758677729,0.12960451095759937,1.069638105876312,45.97771942763203,1.583476426824177,6.028635514454472,-4.445159087630295,641.6255,664.0081760782014,619.2428239217986,0.0697686612460586,0.17931671909954872,11.167142857142867,0.017802768914730288,-0.03627396755162249,0.12536944331823796,211524701.7,0.9944553109373325,629.98,0.004320308639023126,1
2021-10-05,628.51,632.57,625.92,629.98,629.98,213143389.0,16.39,1.72,0.004320308639023107,0.004311002898475021,621.7168,527.6287,633.7833304480037,1.0132909388969382,1.1939835721597405,1,0.1426718224718715,0.1296366598071096,1.2853593581945666,48.30264850752312,1.1411737919813731,5.051143169959852,-3.909969377978479,641.365,664.1801367113707,618.5498632886294,0.07114556207880095,0.25049459172040806,10.574285714285727,0.01678511335960781,-0.027688603531300093,0.01327074531305672,210797880.9,1.011126810620609,625.69,-0.006809739991745712,0
2021-10-06,628.61,632.12,622.19,625.69,625.69,233540083.0,15.37,1.76,-0.006809739991745722,-0.006833032073361626,621.9658000000001,528.6858,633.0125370720033,1.0059877890392044,1.1834817579742072,1,0.13830596514590393,0.13045708842198875,0.9932412178241948,45.00099427357646,0.43941333685415884,4.1287972033387135,-3.6893838664845546,640.8115,664.612835897948,617.010164102052,0.07428498364311763,0.18233925891768957,10.801428571428582,0.017263227111554574,-0.041646244332802285,0.09569470625241872,212013701.35,1.101532974109364,626.01,0.0005114353753455167,1
2021-10-07,623.14,631.29,617.88,626.01,626.01,216295432.0,15.89,1.79,0.0005114353753454814,0.0005113046368481997,622.4241999999999,529.7216999999999,632.3456287794315,1.0057610227879958,1.1817714849136822,1,0.13790905236119988,0.12917898792737814,0.7231201246565813,45.30133535328928,-0.08987947940613594,3.2850618667897438,-3.3749413461958797,640.0640000000001,664.7676297354436,615.3603702645565,0.07719112381075938,0.2155478739213037,10.996428571428583,0.017565899221144363,-0.037011398772439974,-0.0738402195395298,211122314.05,1.0245029426343577,626.56,0.0008785802143734996,1
2021-10-08,629.62,636.14,620.07,626.56,626.56,201273906.0,19.25,1.81,0.0008785802143735921,0.0008781944886878181,622.8402000000001,530.74905,631.7946165147238,1.0059723184213218,1.1805202477517387,1,0.1354594622690518,0.12822133450740414,0.9832627509877263,45.848686821183186,-0.45966867186757554,2.5361157590582804,-2.995784430925856,639.338,664.7589342658367,613.9170657341632,0.07952267584844637,0.24867170760476207,11.37214285714286,0.018150125857288785,-0.03359348489989833,-0.06944911346995064,211273582.55,0.9526695366770075,621.34,-0.008331205311542253,0
2021-10-11,620.64,623.66,618.32,621.34,621.34,193354273.0,15.93,1.78,-0.0083312053115423,-0.008366103768491966,623.1894,531.7301,630.7989387514168,0.9970323628739514,1.1685251596627688,1,0.1376776940768096,0.12941365161169016,0.655841387017858,41.594487461990056,-1.1605614161393305,1.7967803240187583,-2.957341740158089,637.9505,664.1476749983726,611.7533250016274,0.0821291777287784,0.18297154175565028,11.079999999999993,0.01783242669070073,-0.02791076066209819,-0.03934753966567328,210489227.3,0.9185946258637816,629.42,0.013004152315962157,1
2021-10-12,628.96,631.44,626.94,629.42,629.42,204018118.0,17.21,1.79,0.013004152315962081,0.01292032428673574,623.7878,532.7354,630.6676112512819,1.0090290319881217,1.1814870947190668,1,0.1383378940896574,0.13140430899541203,1.1844448116482613,49.41816680838512,-1.0519097324078075,1.2270423127334453,-2.278952045141253,637.113,663.274715781504,610.9512842184961,0.08212582628658623,0.35297218147687526,10.841428571428562,0.017224474232513366,-0.012597066436583426,0.05515184554519781,210997244.6,0.966923138673063,634.42,0.00794382129579613,1
2021-10-13,630.83,640.75,624.54,634.42,634.42,192378771.0,17.54,1.78,0.007943821295796072,0.007912435254572206,624.4072,533.7559,631.0249816083026,1.016035689530806,1.1885957607213333,1,0.1415357960826157,0.13071735182200564,1.111446557654251,53.56350495073015,-0.5559357952117807,0.8704466911444002,-1.426382486356181,636.0275,660.6214991611257,611.4335008388744,0.07733627606066408,0.46731926373714217,11.47071428571428,0.018080631577999245,0.013822970100835663,-0.057050555676628645,210109740.85,0.9156109099070359,633.87,-0.0008669335771254919,0
2021-10-14,633.01,638.5,628.39,633.87,633.87,210836943.0,12.71,1.81,-0.0008669335771255282,-0.0008673095813686114,624.9812000000001,534.7729,631.2959357408452,1.014222507813035,1.1853068844737644,1,0.1286327194164584,0.12851869261284518,1.4526335821141405,53.04849474879235,-0.20489141940061018,0.6553790690353982,-0.8602704884360084,634.8955,657.5257140604471,612.2652859395529,0.07128799640385369,0.4773422381746343,11.563571428571427,0.018242812293642902,0.02493330099442148,0.09594703149444705,211445316.6,0.9971227851731004,634.58,0.0011201034912522068,1
2021-10-15,632.6,637.78,629.42,634.58,634.58,200126566.0,13.82,1.79,0.0011201034912522445,0.0011194766433826786,625.6129999999999,535.8199500000001,631.6087037655266,1.0143331420542734,1.1843157388969932,1,0.1287623479186846,0.12820981877600107,1.602627914222618,53.667807522364235,0.12911646956149525,0.5501265491406176,-0.4210100795791224,634.1429999999999,655.684979677403,612.6010203225968,0.0679404477456004,0.5101429860679978,11.263571428571424,0.017749647685983524,0.01894730081248608,-0.05079933738177944,211378324.15,0.9467695744336801,636.21,0.002568628068958989,1
2021-10-18,635.05,641.02,630.25,636.21,636.21,183854338.0,18.34,1.78,0.002568628068958967,0.0025653347821610896,626.3894,536.8659,632.0469224545241,1.0156781069411456,1.185044533467296,1,0.12529228852113083,0.12810619884156618,1.5610110401744786,55.13106325768975,0.5193606393231676,0.5439733671771276,-0.02461272785396007,633.4095,653.5022066893899,613.31679331061,0.06344302284496281,0.56968946600184,11.59857142857142,0.018230727949217113,0.014252235879286479,-0.08130968479217293,211327763.2,0.869996138775201,626.47,-0.015309410414800158,0
2021-10-19,626.21,628.31,624.37,626.47,626.47,231965051.0,15.66,1.76,-0.015309410414800162,-0.015427809405303972,626.8765999999999,537.8577,631.5157869826646,0.9993513874979543,1.1647504535121465,1,0.1341936094203263,0.12949881358713736,0.6537947368850432,45.819122809803375,0.042208799229570104,0.44362045358761615,-0.40141165435804604,632.337,651.4337179324108,613.2402820675892,0.060400444485711254,0.34638721635017394,11.332142857142847,0.01808888351739564,-0.005571605447792005,0.26167842175146294,211818832.95,1.0951106082940016,625.79,-0.001085447028588861,0
2021-10-20,627.59,631.74,621.66,625.79,625.79,201290730.0,20.14,1.78,-0.0010854470285888151,-0.0010860365528516007,627.2764,538.8395,630.9704739366965,0.9976303906858285,1.1613662324309928,1,0.1338307811037144,0.12953310928168588,0.6088544132821081,45.24455043873852,-0.38635413872680147,0.27762553512473265,-0.6639796738515341,630.9825000000001,647.6299715956176,614.3350284043826,0.05276682505645123,0.3440453863963614,11.235714285714282,0.01795444843432187,0.00015982355479526866,-0.13223682131322445,210756353.8,0.9550873621158651,622.95,-0.004538263634765526,0
2021-10-21,623.34,627.82,618.47,622.95,622.95,187807605.0,19.92,1.8,-0.004538263634765505,-0.004548592816054177,627.6182,539.827,630.2066192760587,0.9925620385132236,1.1539808123713708,1,0.12978802157805572,0.12967269098015963,0.5769981133084269,42.82892680247315,-0.9442726326957427,0.033245901560637586,-0.9775185342563802,629.6265,643.9888825541636,615.2641174458363,0.04562191252795384,0.26756990091689337,10.896428571428576,0.01749165835368581,-0.004888100829060105,-0.06698333798084,211160713.95,0.8894059954943623,618.53,-0.007095272493779713,0
2021-10-22,619.1,624.22,613.42,618.53,618.53,207055465.0,19.3,1.79,-0.007095272493779725,-0.007120563642391485,627.6802,540.80885,629.0945602973865,0.9854221942957575,1.1437127924219435,1,0.13071498508471346,0.1265020219658634,-0.14153914441421184,39.31115688591247,-1.7232199127830654,-0.318047261308103,-1.4051726514749623,628.136,640.3475224276318,615.9244775723681,0.03888177855627574,0.10668294813222784,10.851428571428576,0.017543900168833487,-0.012816011235954994,0.10248711706855529,209846337.2,0.9867004006968201,617.7,-0.001341891258305866,0
2021-10-25,615.67,620.65,612.73,617.7,617.7,211196502.0,22.05,1.8,-0.0013418912583058606,-0.001342792400627301,627.8196,541.76675,628.0093640785877,0.9838813570012788,1.1401585645483043,1,0.13075314719056158,0.12468047367492217,0.1543220514878736,38.66886538601755,-2.3800792357826595,-0.7304536562030144,-1.649625579579645,627.0620000000001,638.9580118925596,615.1659881074406,0.037942059613054295,0.10650678207701862,10.942142857142853,0.017714331968824434,-0.005858306241349309,0.019999650818199877,207720924.1,1.0167319585884704,627.21,0.015395823215152971,1
2021-10-26,625.55,631.45,621.33,627.21,627.21,179436832.0,17.29,1.85,0.015395823215152982,0.015278510084793386,628.2864,542.77095,627.9332341663413,0.9982867685819716,1.1555703193031979,1,0.1368721148488076,0.12365901587007595,1.1888024445045968,48.95903106610681,-2.1089567197763017,-1.006154268917672,-1.1028024508586298,626.55,637.398867998213,615.701132001787,0.03463049396918261,0.5304179200806194,11.215,0.017880773584604836,-0.0035111690127417328,-0.15037971604283484,206152510.15,0.8704081840645005,631.0,0.006042633248832072,1
2021-10-27,634.41,637.54,627.89,631.0,631.0,215803834.0,19.12,1.8,0.006042633248832141,0.006024449754566321,628.8847999999999,543.7805000000001,628.2253071028803,1.0033634140942826,1.1603946813098298,1,0.13873134623283162,0.12390141031100366,1.238590509863766,52.38754058790894,-1.5701689169818565,-1.118957198530509,-0.45121171845134755,626.8115,637.8319752500693,615.7910247499308,0.03516360261434788,0.6900326394401016,10.994999999999996,0.017424722662440564,-0.005390750606853456,0.20267300528355303,207003676.85,1.042512081350018,628.69,-0.0036608557844690103,0
2021-10-28,627.31,633.13,622.88,628.69,628.69,191674742.0,16.04,1.75,-0.0036608557844690637,-0.0036675731161392357,629.4306,544.7761,628.2695635692726,0.9988233810049909,1.1540337397327085,1,0.12337528959519214,0.12397554057268975,1.2198684099520656,50.1752925592991,-1.3144215624622575,-1.1580500713168587,-0.15637149114539883,627.3235000000001,637.6371379308648,617.0098620691354,0.03288140148057035,0.5662472353884133,10.579285714285716,0.01682750753835072,-0.008172022654487465,-0.11181030268442771,203616124.7,0.9413534526423487,632.15,0.005503507292942344,1
2021-10-29,635.29,638.46,628.99,632.15,632.15,239943004.0,23.63,1.83,0.005503507292942356,0.0054884183328327,630.0114,545.78655,628.6391289436275,1.003394541749562,1.1582366769573196,1,0.11658858520120874,0.12328549620652783,1.640339716411429,53.35275624668293,-0.8230591443917774,-1.0910518859318425,0.26799274154006514,627.792,638.0878828767173,617.4961171232827,0.03280029970659363,0.711637994112351,10.688571428571436,0.0169082835222201,-0.003829304421822388,0.25182380055062237,206267372.35,1.1632620383259564,639.84,0.012164834295657763,1
2021-11-01,639.37,643.59,635.62,639.84,639.84,219169308.0,22.46,1.72,0.012164834295657734,0.012091437340601587,630.7583999999999,546.8172999999999,629.7058785680439,1.0143979057591626,1.1701166001880337,1,0.12118034361602673,0.1248311656853208,1.7986008127857198,59.5301138835503,0.18473829591300728,-0.8358938495628726,1.0206321454758798,628.4205,640.0327104065881,616.8082895934118,0.03695681603820899,0.9917022513013364,10.784285714285724,0.01685466009359484,0.0057056632244070205,-0.08657762741021613,206708244.6,1.0602833400482565,645.17,0.008330207551887858,1
2021-11-02,645.17,648.28,642.07,645.17,645.17,203001750.0,17.53,1.74,0.008330207551887847,0.008295702861349265,631.567,547.8817,631.178652037754,1.0215384907697838,1.1775717276193016,1,0.12192698772132962,0.1256468464843638,1.9613669025339697,63.17058149976151,1.3974030905003474,-0.3892344615502286,1.786637552050576,629.1800000000001,642.9990044580314,615.3609955419687,0.04392703028707018,1.0785510833100653,10.229285714285718,0.0158551788122289,0.02984979328619075,-0.07376743645145789,206201162.65,0.9844840222582518,646.06,0.0013794813770013894,1
2021-11-03,648.13,653.17,641.04,646.06,646.06,196959564.0,18.47,1.81,0.0013794813770013903,0.0013785307666990244,632.5032,548.94695,632.5959232722536,1.0214335674507258,1.1769078961090866,1,0.1214546819723063,0.1252920910580684,2.1258261452448486,63.756852718116704,2.4025689199861517,0.16912621475704748,2.233442705229104,630.1985,645.8196102442729,614.577389755727,0.04957520604777111,1.0076943876254727,10.373571428571429,0.016056668774682585,0.032391057703063275,-0.02976420646620037,204372136.7,0.9637300229880115,643.3,-0.004272049035693265,0
2021-11-04,645.76,651.02,638.06,643.3,643.3,208163065.0,20.9,1.82,-0.004272049035693226,-0.00428120030960194,633.2339999999999,550.00445,633.6153591510865,1.0158961774004556,1.169626900291443,1,0.11964303999234457,0.12399267687359881,2.30970893050943,60.538461378838356,2.9425413628027854,0.7238092443661952,2.2187321184365905,631.0629999999999,647.5952601377951,614.5307398622047,0.052394959418533574,0.8700945877071694,10.70214285714286,0.01663631720370412,0.0326671482462475,0.056882239036637916,203965518.35,1.0205796876058095,647.49,0.006513290844085271,1
2021-11-05,647.27,651.49,643.28,647.49,647.49,220723837.0,17.13,1.73,0.006513290844085251,0.006492171022034159,634.0458,551.08845,634.9367535176498,1.0212038310166238,1.1749293602506097,1,0.12091299580499366,0.1237188750742661,2.2699913343024107,63.546867466918634,3.666308474835091,1.3123090904599746,2.3539993843751166,632.1095,650.0328179200656,614.1861820799345,0.05670953504111922,0.9290639731902577,10.51928571428572,0.016246252010510928,0.046820687759688395,0.06034102159285548,204938014.9,1.07702730070701,650.12,0.004061838792877103,1
2021-11-08,649.36,654.45,645.03,650.12,650.12,209553852.0,15.86,1.78,0.004061838792877026,0.0040536117959863276,634.79,552.189,636.3827769921593,1.0241497188046442,1.1773505086120877,1,0.12116450899813938,0.12345192647103322,2.2078619693287758,65.33335764590136,4.401381756628666,1.930123623693713,2.4712581329349534,633.5485,652.4270417311648,614.6699582688352,0.05959620054702987,0.9388977770381708,10.34642857142858,0.015914644329398542,0.05248502509308728,-0.050606156325562646,205747993.85,1.0184976683309712,655.38,0.008090814003568559,1
2021-11-09,655.27,657.99,652.65,655.38,655.38,206199720.0,19.68,1.77,0.00809081400356848,0.008058258848531502,635.5948000000001,553.3100499999999,638.1920363262393,1.0311286373016266,1.1844715273109536,1,0.11717407838451516,0.1242074955452674,2.451722982894437,68.64323367215215,5.346736814938481,2.6134462619426664,2.7332905529958147,634.8465,655.9665610794714,613.7264389205286,0.06653596130541199,0.9861136509442289,10.188571428571436,0.015546051799828245,0.04491318697087099,-0.01600606225076695,205857073.95,1.001664485185888,659.31,0.005996521102261208,1
2021-11-10,659.98,663.98,655.31,659.31,659.31,211021480.0,17.7,1.77,0.005996521102261232,0.005978613522722359,636.422,554.45705,640.2032709618355,1.0359635587707525,1.1891092375865722,1,0.1116972688861114,0.12105843616091697,2.1916884132950396,70.88029747569075,6.339972409740426,3.3587514915022183,2.9812209182382077,636.091,659.8710269133702,612.3109730866298,0.0747692607294642,0.9882038208702989,10.140000000000011,0.015379715156754807,0.044865293185419874,0.02338393088021662,206789209.4,1.0204665930697252,665.47,0.009343101120868912,1
2021-11-11,667.25,671.59,661.14,665.47,665.47,199432468.0,17.96,1.85,0.00934310112086889,0.00929972432479954,637.3048,555.6111999999999,642.6096261083275,1.0441942379847131,1.1977260357602584,1,0.11269901764922985,0.12082782138852866,2.7577847039817933,74.01014900244277,7.5372940591180395,4.194460005025383,3.3428340540926564,637.671,664.7938813094579,610.5481186905422,0.08506857394931028,1.0124639908609911,10.245714285714298,0.015396207621251592,0.05850260064578716,-0.05491863671887809,206218985.65,0.967090723346306,663.22,-0.0033810690188889056,0
2021-11-12,663.23,670.73,655.71,663.22,663.22,203993896.0,15.41,1.84,-0.0033810690188889048,-0.003386797749210726,638.0868,556.76765,644.5725188599154,1.0393883716133918,1.1911970819425304,1,0.11391965017183969,0.1184913300265385,3.0771427577744994,71.00801108317364,8.209984307956688,4.997564865611644,3.212419442345044,639.1030000000001,668.4700973065293,609.7359026934708,0.0919009840557258,0.9106125938726568,10.752857142857156,0.016213107479957113,0.049149727121727604,0.022872043081771487,206412352.15,0.9882833748813515,670.85,0.01150447815204607,1
2021-11-15,672.1,675.19,667.77,670.85,670.85,173498632.0,13.21,1.8,0.011504478152046138,0.01143880485466285,638.9458,557.96355,647.075136111352,1.0499325607899763,1.202318681928237,1,0.11829526380168992,0.11948144928730012,3.591305564874241,74.74868659399893,9.252120721628444,5.848476036815004,3.4036446848134396,640.8349999999999,673.3959759972789,608.2740240027209,0.10162046703824915,0.9609044888818357,10.6257142857143,0.015839180570491617,0.04846524131032748,-0.14949106124234224,205894566.85,0.8426576507305249,672.52,0.0024893791458596693,1
2021-11-16,675.82,682.06,666.31,672.52,672.52,227040209.0,18.09,1.78,0.0024893791458595604,0.002486285774246594,639.6924,559.1734499999999,649.4984564816993,1.0513177896126324,1.2027037406729524,1,0.11829649466147034,0.11946299365506353,3.6573472148509567,75.49397025249044,10.096391464856993,6.698059122423402,3.3983323424335907,643.1375,677.8622443247854,608.4127556752147,0.1079854442470897,0.92307726911188,11.012857142857163,0.016375508747482847,0.04239192770897593,0.3085994188127086,205648324.75,1.1040216800988067,684.39,0.017650032712781785,1
2021-11-17,685.17,690.93,678.65,684.39,684.39,215228961.0,19.76,1.74,0.01765003271278176,0.01749607976216571,640.645,560.41565,652.8214606262993,1.0682827462947497,1.2212185723221682,1,0.10997371867771547,0.1235860243197643,4.014630696457639,80.01010652566357,11.589693141576163,7.676385926253954,3.9133072153222086,646.0674999999999,684.3372417234507,607.7977582765491,0.11846979370852606,1.0006892948994777,11.595714285714305,0.016943138102126425,0.05932885490511719,-0.05202271461968222,206345236.3,1.0430527249346535,681.24,-0.0046026388462718296,0
2021-11-18,681.88,686.72,676.4,681.24,681.24,196464522.0,16.94,1.88,-0.004602638846271878,-0.004613263602258018,641.4506,561.6367,655.5279881856994,1.062030341853293,1.2129549226394927,1,0.11276033745167059,0.12415203935220508,3.880864201421554,76.00704339302243,12.376300516309811,8.616368844265127,3.7599316720446847,648.9820000000001,688.6902044286578,609.2737955713424,0.12237074195770155,0.9061880971859417,11.635000000000023,0.01707914978568496,0.05897714907508167,-0.08718361559158394,206778082.15,0.9501225659762218,691.39,0.01489930127414711,1
2021-11-19,688.24,698.14,681.52,691.39,691.39,243227862.0,21.09,1.84,0.01489930127414718,0.014789397004714114,642.4568,562.88845,658.9434178822995,1.0761657437511751,1.2282895483110374,1,0.11414788872894605,0.1267730436687727,4.152729642744529,79.55636867615516,13.661234493479128,9.625341974107927,4.035892519371201,652.625,693.9076133913755,611.3423866086245,0.1265125099140005,0.9695075821814246,12.025000000000018,0.01739249916834206,0.06780027490772045,0.23802434925120974,208586702.0,1.1660755919138124,693.11,0.002487742084785761,1
2021-11-22,687.64,698.15,682.64,693.11,693.11,211522788.0,15.74,1.77,0.002487742084785749,0.0024846527769854508,643.3372,564.1728499999999,662.1973780839853,1.0773665816309084,1.228541926468103,1,0.10588062852871426,0.1246994371775336,4.592802215184738,80.09376928555908,14.649473541193402,10.630168287525024,4.019305253668378,656.3955,698.0207795027849,614.7702204972151,0.12682987467988885,0.9410120537040799,12.53000000000002,0.018077938566749895,0.06612625361471736,-0.130351324635662,208603016.3,1.0139967856255776,690.13,-0.004299461845883075,0
2021-11-23,690.93,695.98,685.09,690.13,690.13,191867487.0,14.86,1.85,-0.004299461845883035,-0.004308731110071381,644.2164,565.4357500000001,664.8576277902724,1.0712704612921993,1.2205277080552475,1,0.10873082317297991,0.12364860944015732,4.087240243083253,76.34907477247455,15.019068538220836,11.507948337664185,3.5111202005566504,659.5415,701.3894207934829,617.6935792065171,0.12690003826421672,0.8654721598963898,12.441428571428592,0.018027659385084827,0.05302267386859527,-0.09292285330505379,209224549.05,0.9170409871651722,688.08,-0.0029704548418413262,0
2021-11-24,687.88,692.56,683.41,688.08,688.08,224992904.0,17.33,1.81,-0.00297045484184133,-0.0029748753990391243,644.8554,566.67075,667.069282286437,1.067029910891651,1.2142500737862332,1,0.10585370740506903,0.12400796518007998,3.9720233583712607,73.79310492340076,14.97394702833401,12.201148075798152,2.772798952535858,662.3955,703.8311894095284,620.9598105904715,0.12510860780142946,0.8099320943515399,12.169285714285731,0.017685858787184237,0.04363652909860316,0.17264736990066476,209684002.55,1.0730093915788808,686.94,-0.0016567840948726693,0
2021-11-25,685.88,692.98,679.84,686.94,686.94,216965843.0,17.29,1.8,-0.0016567840948726875,-0.0016581580794481062,645.464,567.89665,668.9617315924907,1.0642576503104744,1.2096215041944693,1,0.10772980696929454,0.12317541580003837,3.623343194627374,72.34272268851812,14.677011976105405,12.696320855859602,1.9806911202458028,665.308,704.916801042203,625.699198957797,0.11906906588269942,0.7730706235740155,12.521428571428585,0.018227834412654065,0.03226291192690889,-0.03567695183844555,210948557.6,1.02852489473481,689.89,0.004294407080676525,1
2021-11-26,690.4,696.32,683.98,689.89,689.89,216905149.0,19.42,1.84,0.004294407080676521,0.004285212428908796,646.2692,569.11635,670.9549000122533,1.0674963312501973,1.212212581838494,1,0.1039920891591447,0.12322129876181057,3.6432125771877466,73.77893567897323,14.512438793007732,13.059544443289228,1.4528943497185036,668.1949999999999,706.0039315541183,630.3860684458816,0.11316735849284038,0.786903108702764,12.73000000000001,0.018452217020104668,0.04021290069660144,-0.0002797398851394073,209796664.85,1.0338827319065458,693.41,0.0051022626795575845,1
2021-11-29,693.28,697.2,689.49,693.41,693.41,202549276.0,15.56,1.78,0.005102262679557601,0.005089290244468691,647.1198,570.3609,673.0934809634673,1.0715326590223324,1.2157390171731617,1,0.10395032949822472,0.12327378468827589,3.6590079643573854,75.41918913808627,14.498913492369752,13.347418253105333,1.1514952392644187,670.8734999999999,707.8044473847842,633.9425526152156,0.11009809564613675,0.8051167326468324,12.71857142857144,0.018342065197461014,0.03362897816203314,-0.06618502634070711,208965663.25,0.969294537914951,690.85,-0.0036918994534257447,0
2021-11-30,693.19,696.12,687.93,690.85,690.85,217883675.0,20.92,1.8,-0.00369189945342574,-0.0036987313344749593,647.9784,571.5654,674.7845780145657,1.0661620819459414,1.2086980772454037,1,0.10360480275238312,0.12354490238326434,3.3541872736059317,71.89668510306488,14.118870439250486,13.501708690334365,0.6171617489161214,673.1575,709.0302522310801,637.2847477689199,0.10658056169923619,0.7466008167603689,12.684285714285725,0.018360404884252335,0.027255694997918356,0.07570700474880976,209709759.5,1.0389772775453496,691.34,0.0007092711876673794,1
2021-12-01,691.52,695.83,687.03,691.34,691.34,205419229.0,22.42,1.83,0.0007092711876672819,0.000709019773731871,648.7476,572.7285499999999,676.3612848703214,1.065653267927311,1.2070988952794481,1,0.10265346005581875,0.12343101338567196,3.2345433162696855,72.16466785582327,13.69930542111706,13.541228036490905,0.1580773846261554,675.4215,709.7768353092563,641.0661646907438,0.10173006132971894,0.7316743506645305,12.435714285714296,0.01798784141770228,0.010155028565584034,-0.0572068834436541,210132742.75,0.9775688753294017,703.92,0.018196545838516397,1
2021-12-02,702.35,707.56,698.72,703.92,703.92,219728975.0,17.4,1.8,0.018196545838516487,0.01803297006089478,649.8246,573.95915,678.9859244064812,1.0832461559627011,1.2264287449725297,1,0.1145014676612149,0.12751132469755017,3.511793993271524,77.9721792933714,14.218001712652153,13.676582771723156,0.5414189409289971,678.4525000000001,711.5488746623463,645.3561253376539,0.09756430895986795,0.8847475782308195,12.521428571428576,0.017788141509587137,0.03329223181257701,0.06966118055092108,210711038.25,1.0427976475503888,714.36,0.01483123082168436,1
2021-12-03,716.49,721.13,709.73,714.36,714.36,176663472.0,20.62,1.86,0.014831230821684471,0.014722323615993946,651.145,575.24805,682.3548839868164,1.0970828310130616,1.2418295029422524,1,0.11597898245508732,0.12867117737778594,3.5801617270962804,81.43408049794115,15.295179699323285,14.000302157243183,1.2948775420801013,681.796,715.2312473328892,648.3607526671109,0.09807991637627712,0.986971124735495,12.895714285714291,0.018052122579251765,0.033222927725307105,-0.19599373728476188,208508020.0,0.8472742295476212,717.51,0.004409541407693568,1
2021-12-06,717.04,723.84,710.71,717.51,717.51,202407214.0,14.86,1.92,0.004409541407693673,0.00439984786558415,652.7116000000001,576.52395,685.7029902737862,1.0992756984861307,1.2445450011226766,1,0.11586820470207011,0.1287645994270736,3.6375155895191855,82.33611688574942,16.216100575497762,14.4434618408941,1.772638734603662,685.1655000000001,718.7422779871889,651.5887220128112,0.09801070832416355,0.9816498475726178,12.708571428571434,0.017712047816157872,0.03520364732870673,0.145721929432022,208150688.1,0.9724071337336118,718.37,0.0011985895666959535,1
2021-12-07,719.51,723.66,714.22,718.37,718.37,240137714.0,20.19,1.79,0.00119858956669594,0.0011978718316771333,654.33,577.77265,688.8141340572352,1.097871104794217,1.2433437269832692,1,0.11656000254144608,0.12842156520421003,3.479095247400239,82.58489166725488,16.82142490212459,14.919054453140198,1.9023704489843922,688.3149999999999,721.9449550056969,654.685044994303,0.09771675760559657,0.946848650168605,12.067857142857147,0.01679894364026497,0.040919826699317596,0.18640886979453208,209847587.8,1.144343456684709,719.71,0.0018653340200732657,1
2021-12-08,718.68,724.4,713.99,719.71,719.71,196576319.0,20.12,1.74,0.0018653340200731616,0.001863596445006317,656.2088,579.0357,691.7565974803556,1.0967698086340811,1.2429458149126211,1,0.1163338140495337,0.12837744047279714,3.5325284943853235,82.98695390113058,17.21087929019825,15.37741942055181,1.8334598696464397,691.335,724.845639001917,657.8243609980831,0.09694472000366966,0.9233730069643472,12.074285714285711,0.01677659851090816,0.04596849203580988,-0.18140172267984533,209125329.75,0.9399928704714929,723.9,0.00582178933181412,1
2021-12-09,722.49,728.75,717.65,723.9,723.9,199432829.0,19.66,1.73,0.005821789331814209,0.005804908203529118,658.3178,580.3254499999999,694.817873910798,1.0996208821939797,1.2474035043612168,1,0.11630695165607007,0.12681709492177703,3.365398741252306,84.21418936986493,17.654117009740844,15.832758938389617,1.8213580713512272,694.2565000000001,728.4536117740263,660.0593882259739,0.09851434383106807,0.9334211057786123,11.66,0.016107197126674955,0.05380382566162978,0.014531302725228068,209125347.8,0.9536521091203655,718.65,-0.0072523829258184834,0
2021-12-10,718.83,724.67,712.81,718.65,718.65,202160676.0,17.46,1.82,-0.007252382925818535,-0.007278809301854969,660.2352000000001,581.5921,697.0876002050077,1.0884757431896994,1.2356598378829424,1,0.12165875520835304,0.1274876769169945,3.2611709740896178,76.74417862675612,17.381393091892505,16.142485769090193,1.2389073228023122,697.028,729.5791934295082,664.4768065704918,0.0933999593401169,0.8321229995144682,11.399285714285716,0.01586208267485663,0.041687805302294656,0.013678023892445434,209033686.8,0.9671200804749907,717.82,-0.0011549432964585366,0
2021-12-13,717.84,719.68,715.98,717.82,717.82,188740892.0,10.11,1.8,-0.0011549432964584883,-0.00115561075743672,662.0462,582.8774,699.0621144711974,1.0842445738681077,1.2315111205203704,1,0.12026361518117473,0.12452663686066896,2.8064341604655,75.60241787049975,16.90343112671917,16.29467484061599,0.6087562861031799,699.3765000000001,730.7308968376637,668.0221031623364,0.08966385584193588,0.7941134555178411,10.885714285714284,0.015164963759318887,0.03520283814770497,-0.06638177248675203,209795799.8,0.8996409469585577,708.94,-0.012370789334373513,0
2021-12-14,709.96,713.87,705.03,708.94,708.94,171355086.0,15.9,1.84,-0.012370789334373522,-0.012447944522810821,663.6254000000001,584.13315,700.0028654739406,1.0682834020518202,1.213661645465593,1,0.129108964036727,0.12755455043435796,2.3335787106443844,64.5393883582234,15.627951739455511,16.161330220383896,-0.5333784809283841,701.1975,730.1205724691155,672.2744275308845,0.08249622244538589,0.6338464301749717,11.145714285714291,0.015721660910252334,0.02618513425490332,-0.09211467539318396,207011543.65,0.8277561868226763,711.84,0.004090614156346062,1
2021-12-15,711.27,716.81,706.31,711.84,711.84,205964738.0,15.94,1.84,0.004090614156346151,0.004082270340738579,665.3484,585.41965,701.1302116192795,1.0698755719559858,1.215948251822432,1,0.12920070701350922,0.12541851598028378,2.837825419855999,66.27502852450425,14.681887242431799,15.865441624793476,-1.1835543823616774,702.57,730.7299947667651,674.410005233235,0.0801628158524417,0.6645952010310032,10.957142857142864,0.015392704620621016,0.02965255879885431,0.2019762168016419,206548332.5,0.9971745378288155,716.18,0.00609687570240492,1
2021-12-16,712.24,722.46,706.0,716.18,716.18,212377539.0,15.05,1.75,0.006096875702404914,0.006078364956116321,667.1518000000001,586.73975,702.5635247983957,1.0734888221840964,1.220609307618923,1,0.11812648970363794,0.12575533085307591,2.9628356624594527,68.740878516613,14.119564491288656,15.516266198092513,-1.3967017068038565,704.317,731.2121305316945,677.4218694683055,0.0763722316276798,0.720541781444405,11.251428571428578,0.0157103361884283,0.01741675190362546,0.031135431541684522,207343983.35,1.024276352603409,714.06,-0.002960149683040583,0
2021-12-17,713.14,718.14,709.06,714.06,714.06,209081161.0,17.81,1.75,-0.0029601496830405916,-0.00296453959144465,668.9018,588.04785,703.6584271985485,1.0675109560177591,1.214288939241934,1,0.11706861521148501,0.12548226287640413,3.019851299270185,66.19481152101224,13.348974706304375,15.082807899734886,-1.7338331934305113,705.4505,731.9597853444748,678.9412146555253,0.07515562139210945,0.6623864975509796,11.349285714285722,0.015894022511113524,-0.00041995632454239207,-0.015521311789944092,205636648.3,1.0167504806583643,723.76,0.01358429263647319,1
2021-12-20,725.49,727.82,721.43,723.76,723.76,207464625.0,16.45,1.85,0.013584292636473094,0.01349285329508269,670.9502,589.39815,705.5728627034487,1.0787089712470463,1.2279644922536659,1,0.11535710746491877,0.12719856562840542,3.165478735464844,71.41222911384912,13.36690037668643,14.739626395125196,-1.3727260184387653,706.983,734.0268405089735,679.9391594910264,0.07650492447183388,0.8101815364134954,11.747142857142867,0.01623071578581694,0.008710679990522774,-0.007731619588624672,205433740.15,1.0098858388525522,717.34,-0.008870343760362494,0
2021-12-21,716.7,722.88,711.17,717.34,717.34,210753215.0,15.44,1.85,-0.008870343760362442,-0.008909919466809312,672.7086,590.68595,706.6935424459773,1.0663458145176083,1.214418592485567,1,0.121551516161091,0.1283923428191775,2.9937350792472497,64.33493740292771,12.716478604174426,14.334996836935042,-1.618518232760616,708.3435000000001,734.5420489955991,682.144951004401,0.07397131192863925,0.6716984402617021,12.017857142857151,0.016753362621430772,-0.0014338015228920753,0.015851328871126835,206378026.55,1.0211998754089258,709.63,-0.010748041375080208,0
2021-12-22,709.1,713.5,705.23,709.63,709.63,227899725.0,14.85,1.82,-0.01074804137508023,-0.010806218809622514,674.2128,591.95145,706.97320507017,1.0525311889658577,1.1987976378806064,1,0.127448411002209,0.1304839707835087,2.6978326751314103,57.02574330059833,11.446929026232738,13.757383274794583,-2.310454248561845,709.421,733.8214071579721,685.020592842028,0.06878963875593659,0.5042827154100865,11.72428571428573,0.016521688364761537,-0.014005641161023208,0.08135823693128486,206523367.6,1.103505756507914,711.54,0.0026915434804052367,1
2021-12-23,713.65,716.83,708.37,711.54,711.54,206667191.0,15.71,1.76,0.002691543480405345,0.0026879277637045763,675.7662000000001,593.2064,707.40813792063,1.0529381315608857,1.1994813272412435,1,0.12653124000571808,0.12659072512450548,3.3122150529600565,58.28997516695204,10.474183014726009,13.100743222780869,-2.62656020805486,710.6510000000001,732.6409076372748,688.6610923627253,0.061886657831323175,0.5202138184057843,11.09928571428573,0.015598962411509865,-0.01707418151678408,-0.09316612382924117,206008435.0,1.0031977137246832,718.18,0.009331871714871948,1
2021-12-24,716.64,722.11,712.72,718.18,718.18,199953554.0,20.3,1.87,0.009331871714872042,0.009288598803209317,677.4382,594.4964,708.4340295472367,1.060140984077957,1.2080476854023001,1,0.12864513950653717,0.12716229594164305,3.675795329978019,62.428077040876026,10.122382771924663,12.505071132609629,-2.3826883606849663,712.0654999999999,731.9734021338153,692.1575978661846,0.05591592945813945,0.6535696719384718,10.916428571428591,0.01520012889725221,-0.0006540040353441023,-0.03248525790433765,205160855.25,0.9746184463714844,728.57,0.01446712523322858,1
2021-12-27,725.2,733.14,720.65,728.57,728.57,205080304.0,15.85,1.91,0.014467125233228684,0.014363474862899933,679.2854000000001,595.8372,710.3517410189285,1.0725535982372063,1.2227668900162663,1,0.13542818619881075,0.12277450441419491,4.875299202404058,67.80974924027467,10.560232920477233,12.116103490183152,-1.5558705697059185,713.8235000000001,732.990913437809,694.6560865621911,0.05370350916657151,0.8846763165766252,11.310714285714312,0.015524540244196592,0.014975899250508462,0.025639704308531464,205287406.65,0.9989911575513587,726.55,-0.0027725544559892602,0
2021-12-28,726.2,730.56,722.2,726.55,726.55,220138568.0,16.21,1.86,-0.002772554455989229,-0.0027764051041629994,681.2869999999999,597.15335,711.894432350459,1.066437492569211,1.2166891469335304,1,0.13636515569474533,0.11985832280557246,5.29167643379756,65.83535663393316,10.621793772813476,11.817241546709218,-1.1954477738957419,715.6085,732.2506080079581,698.966391992042,0.04651176728039096,0.8287293891476688,11.164285714285736,0.015366162981605858,0.02483990182526008,0.07342618333548012,205400151.3,1.0717546535711826,733.51,0.009579519647649902,1
2021-12-29,732.45,735.44,730.52,733.51,733.51,234710470.0,16.36,1.8,0.009579519647649803,0.009533926988566383,683.4414,598.52295,713.9530578408915,1.0732595362235884,1.2255336240657104,1,0.1368146750385604,0.12035403766697454,5.355540038688991,69.16659298306428,11.10419280216172,11.67463179779972,-0.5704389956379998,717.717,731.9196463064617,703.5143536935383,0.039577288280595035,1.0559879355637676,11.006428571428598,0.01500515135639405,0.03044223420993486,0.06619422544803699,206864713.35,1.1346085381071591,733.95,0.000599855489359456,1
2021-12-30,731.82,739.98,725.81,733.95,733.95,199007484.0,18.35,1.85,0.0005998554893593688,0.000599675647970947,685.6614000000002,599.8856000000001,715.8575285227113,1.0704263066288986,1.2234832774782392,1,0.13683719907734498,0.12005723128774826,5.148308796668264,69.36992451853014,11.390696967010967,11.61784483164197,-0.2271478646310019,719.2185,733.6276349315245,704.8093650684754,0.04006886622494988,1.011186135357753,11.171428571428603,0.015220966784424828,0.024812198050769396,-0.1521150121679702,205828638.8,0.9668600305585852,733.59,-0.0004904966278357021,0
2021-12-31,733.21,740.12,726.69,733.59,733.59,211731341.0,18.64,1.78,-0.0004904966278357348,-0.0004906169606568646,687.9626,601.2413,717.5463353300721,1.0663225006708215,1.2201257631503357,1,0.12532200731955132,0.120150220911048,4.984085365233759,68.96917522270371,11.456639580872888,11.585603781488153,-0.1289642006152647,720.18,735.7441653199414,704.6158346800585,0.04322298680863081,0.9307972744894907,11.866428571428603,0.01617583196530569,0.027350642803125824,0.06393657537020059,207582032.25,1.0199887663928582,743.37,0.01333169754222382,1
2022-01-03,744.47,752.04,735.81,743.37,743.37,350000000.0,17.89,2.52,0.013331697542223742,0.013243612481175346,690.4760000000001,602.6347000000001,720.0057319653033,1.0766051245807238,1.2335333494735699,1,0.12348127956461098,0.1205944840965547,5.632795460576574,73.45555674162833,12.157914966880071,11.700066018566538,0.45784894831353284,721.4730000000001,740.0987638204706,702.8472361795295,0.05163260113807366,1.0878148195685369,12.270714285714307,0.016506873139505638,0.02709461700011051,0.653038224511127,214961671.55,1.6281972384950967,750.49,0.00957800287878177,1
2022-01-04,750.47,755.71,745.25,750.49,750.49,332629884.0,28.05,2.48,0.009578002878781744,0.009532424610618017,692.9416,604.0562,722.9089955876553,1.083049422923952,1.242417510158823,1,0.12606202228799296,0.12126646470474965,5.899741583941864,76.15808275116476,13.136772719827263,11.987407358818684,1.149365361008579,723.079,745.6907742035604,700.4672257964395,0.06254302559894337,1.1061222740004584,12.40214285714288,0.016525393885518637,0.04621239579557801,-0.04962890285714283,219586280.05,1.514802673119012,731.14,-0.025783155005396505,0
2022-01-05,731.82,738.14,724.83,731.14,731.14,350000000.0,29.09,2.39,-0.02578315500539652,-0.02612136665406874,694.9444,605.3326000000001,723.6929007697834,1.0520841667333387,1.2078318597081998,1,0.15902780814368628,0.13412514223281893,4.538312591240322,58.67447255987356,12.210387509517318,12.032003388958412,0.1783841205589063,723.6505,746.4804705834968,700.8205294165032,0.06309667604310434,0.6640278066050153,13.059285714285734,0.017861539122857092,0.0303115708185957,0.052220551536493964,227257464.1,1.5401034302045615,747.95,0.022991492737369123,1
2022-01-06,752.02,758.78,741.22,747.95,747.95,324350707.0,22.87,2.47,0.022991492737369112,0.022731170940159754,697.3295999999999,606.703,726.0031006964707,1.0725917844302038,1.2328107822113952,1,0.17653963790669738,0.13841639865468036,5.30199517682165,65.9809593339005,12.686406076829712,12.162883926532672,0.5235221502970404,724.853,750.1396481098783,699.5663518901216,0.06977041720140072,0.9567034724942537,14.385000000000016,0.019232569021993468,0.051170700171459194,-0.07328369428571424,233503358.0,1.389062280637523,763.96,0.02140517414265658,1
2022-01-07,763.17,771.66,755.48,763.96,763.96,319041619.0,23.07,2.52,0.021405174142656636,0.021179300954483886,699.9658000000001,608.1614,729.6180434872831,1.0914247524664775,1.2561796917726118,1,0.18874062094413294,0.1418647381200795,5.409175675495023,71.20305594062384,14.19193166572893,12.568693474371925,1.6232381913570055,727.1185,757.6418289727743,696.5951710272258,0.0839569587975888,1.1034974106487176,15.095714285714289,0.019759822877787173,0.06374446517586141,-0.01636835649012469,239347405.15,1.3329646034811002,755.67,-0.010851353474003976,0
2022-01-10,756.3,764.02,747.96,755.67,755.67,350000000.0,24.37,2.48,-0.01085135347400401,-0.010910658829251206,702.2824,609.5879500000001,732.09918220278,1.0760201309330832,1.2396406457837623,1,0.1915077649365392,0.1442270667865446,4.798540978283181,65.58870235881112,14.54843254972991,12.964641289443524,1.583791260286386,729.0110000000001,761.7219979252304,696.3000020747697,0.0897407526777661,0.9074929181315194,15.343571428571424,0.020304592518654206,0.03719615136500254,0.09703555635479644,247410360.55,1.414653772873296,759.79,0.005452115341352713,1
2022-01-11,758.63,765.62,752.8,759.79,759.79,343282192.0,23.61,2.49,0.0054521153413527035,0.005437306362958876,704.5748000000001,611.04345,734.7364029453724,1.0783666971909864,1.2434303976255698,1,0.19130211340219488,0.1441240876292721,4.976598695543394,66.98210884243207,14.990609224662535,13.369834876487326,1.6207743481752086,731.5535,765.574423144151,697.532576855849,0.09301007552859625,0.9149872694436209,15.394285714285713,0.020261237597606858,0.045750464524120904,-0.019193737142857104,256006715.85,1.3409108853266827,765.13,0.007028257808078591,1
2022-01-12,763.18,772.13,756.2,765.13,765.13,350000000.0,26.06,2.45,0.007028257808078697,0.007003674721141817,706.9562,612.53545,737.6310312362893,1.0822877004261369,1.2491195407547433,1,0.1835931438787829,0.1443083300193157,5.133283707657837,68.74845952741924,15.592193693915533,13.814306639972969,1.777887053942564,734.218,770.0378072815238,698.3981927184761,0.0975726753674659,0.9314931087724364,15.927857142857135,0.020817190729493205,0.04310779675805376,0.01956934602654825,263208478.95,1.3297443965188038,767.63,0.00326741860860246,1
2022-01-13,766.29,775.17,758.76,767.63,767.63,349686837.0,20.63,2.55,0.003267418608602357,0.003262092195680567,709.4428,614.01555,740.4880758804522,1.0820181697523745,1.2501800646579717,1,0.18359336287385764,0.14430632020086764,5.151877880149644,69.56923414373334,16.085261939695897,14.268497699917557,1.8167642397783403,736.7905,774.4961899098831,699.0848100901168,0.10235118370780298,0.9089502151107389,16.344999999999988,0.021292810338314018,0.04588868451529393,-0.0008947514285714275,270073943.85,1.2947818364670427,760.22,-0.009653088076286712,0
2022-01-14,759.13,769.05,750.31,760.22,760.22,332912999.0,22.71,2.5,-0.009653088076286731,-0.009699981150319814,711.6973999999999,615.4295,742.3673067489807,1.0681786950465186,1.2352674026838169,1,0.18899040283284801,0.1418070326267597,5.401398999020238,64.18814490322907,15.697150030381977,14.554228166010441,1.1429218643715355,739.0985,776.5962727198389,701.600727280161,0.10146894553239719,0.7816367275601369,16.614999999999984,0.021855515508668523,0.0363009310377731,-0.0479681710181159,276265535.75,1.205047159053751,751.42,-0.011575596537844398,0
2022-01-17,752.23,759.95,743.7,751.42,751.42,349208049.0,29.35,2.43,-0.011575596537844346,-0.011643115307886896,713.7234,616.8081500000001,743.2294680109825,1.0528168195129934,1.2182394152865845,1,0.19463623142861786,0.14459474199540112,5.006354918065882,58.409989139668745,14.51219454553052,14.545821441914457,-0.03362689638393768,740.4815,777.6360564394445,703.3269435605555,0.10035242322568307,0.6472026723987492,17.197857142857135,0.022887143199352075,0.0108290622435665,0.048946872152625165,283352706.95,1.2324147270688357,750.44,-0.0013041973862818457,0
2022-01-18,755.72,763.6,742.62,750.44,750.44,328420727.0,23.18,2.52,-0.0013041973862818468,-0.00130504859186693,715.6245999999999,618.1956,743.91618534327,1.0486503678045727,1.2139199955483346,1,0.1907503388635088,0.14405776065877185,5.114022124991081,57.78613060210277,13.340252846054,14.304707722742366,-0.9644548766883663,742.1365,777.8725270963762,706.4004729036237,0.0963058065364743,0.6161782754556105,18.061428571428557,0.024067784994707846,-6.662313954874932e-05,-0.05952704142853249,289236082.55,1.13547633512574,763.96,0.018016097222962504,1
2022-01-19,762.32,770.95,755.34,763.96,763.96,350000000.0,28.61,2.6,0.0180160972229626,0.017855730599543672,717.7176,619.63955,745.8251200724824,1.0644297980152642,1.2329103266568444,1,0.1945114869114708,0.14565075725466828,5.746839140800554,63.567414412345,13.348557749927977,14.11347772817949,-0.7649199782515126,744.853,778.3761496447847,711.3298503552152,0.09001279351694838,0.7849821720464084,18.514285714285695,0.024234627093415485,0.04488880378586879,0.06570618485964186,295341096.3,1.1850704300375416,769.94,0.007827634954709695,1
2022-01-20,768.98,778.83,760.11,769.94,769.94,326270518.0,26.39,2.54,0.007827634954709728,0.0077971579587709,719.807,621.12175,748.1217753036746,1.0696478361560808,1.2395959407314268,1,0.18842776132627392,0.14559220268300835,6.000267164663752,65.79853485026999,13.679981161795922,14.026778414902777,-0.34679725310685505,747.7729999999999,779.1858067078468,716.360193292153,0.08401695891080561,0.8528338012790495,18.89214285714284,0.024537162450506324,0.02940036098669707,-0.06779851999999997,301321262.65,1.0827995181308525,764.7,-0.006805725121438046,0
2022-01-21,764.56,772.15,757.11,764.7,764.7,346573757.0,20.98,2.65,-0.0068057251214380665,-0.0068289896835452045,721.8365999999999,622.5636,749.7006538461817,1.0593810288921346,1.2283082403147247,1,0.19206957538468097,0.14501661906156316,5.410820843510629,62.203816733384734,13.365740459848439,13.894570823891911,-0.528830364043472,750.099,779.080675444673,721.1173245553271,0.07727426764902859,0.7519005505241046,18.648571428571415,0.02438678099721644,0.0009686371014190343,0.062228236631542755,308652272.8,1.1228615096723176,773.5,0.01150778082908324,1
2022-01-24,774.42,780.19,767.74,773.5,773.5,331760247.0,27.09,2.59,0.011507780829083325,0.011442069962941387,723.8896,624.0434,751.9672582417834,1.0685331022852105,1.2394971247192101,1,0.1930464955498254,0.1458627204713744,5.52844574745452,65.60250620807678,13.669218651087931,13.849500389331116,-0.18028173824318472,752.3455,781.2659968109281,723.425003189072,0.07688089265075584,0.8657354183338354,18.873571428571413,0.024400221627112362,0.02359495546998036,-0.04274273426882691,314986269.95,1.053253041958504,738.38,-0.04540400775694894,0
2022-01-25,738.96,747.48,729.87,738.38,738.38,350000000.0,25.21,2.6,-0.04540400775694897,-0.04646707278176555,725.2068,625.3742500000001,750.6732336473278,1.0181647496962245,1.1807009962434494,1,0.25278705726312617,0.1749306465166822,3.654514807181274,47.31608065040707,10.949616451619363,13.269523601788766,-2.319907150169403,752.937,780.0644063012484,725.8095936987517,0.07205757268194371,0.23169200478333568,20.157142857142844,0.02729914523300041,-0.028178838889693192,0.05497871780882768,321479341.55,1.0887169244296966,751.4,0.017633196998835265,1
2022-01-26,754.29,762.03,743.69,751.4,751.4,344199951.0,24.36,2.58,0.017633196998835254,0.01747953590851319,726.547,626.73865,750.7424494904395,1.0342070093194247,1.1989048385638894,1,0.2590016900655652,0.1774089798264745,3.8762769859890964,52.592033207502176,9.732724512416212,12.562163783914256,-2.8294392714980443,753.8315,779.3965182661544,728.2664817338456,0.0678268771366559,0.45244478264911825,19.872142857142844,0.026446823073120636,-0.01794466299844477,-0.016571568571428608,326953815.6,1.0527479251720957,730.11,-0.028333776949693856,0
2022-01-27,724.8,736.1,718.85,730.11,730.11,340923332.0,26.11,2.59,-0.028333776949693856,-0.02874292541775875,727.5243999999999,627.9598000000001,748.7774543008738,1.0035539701486302,1.1626699670902498,1,0.277186365257658,0.18696076493641148,2.811038040406815,44.70786167395857,6.970057329138285,11.443742492959064,-4.473685163820779,753.6395,779.8819184339895,727.3970815660105,0.06964183388464835,0.05168956589808923,20.503571428571416,0.028082852486024594,-0.04887771452392431,-0.009519521982732648,334049608.0,1.020576955743651,725.24,-0.0066702277738970904,0
2022-01-28,720.05,731.14,714.19,725.24,725.24,350000000.0,26.69,2.59,-0.006670227773897142,-0.006692573164501765,728.2014,629.1663000000001,746.5357919865048,0.9959332679118716,1.152700009520535,1,0.27810609543644355,0.1873571680613584,2.4841172097511337,43.115620934090835,4.3376536119928915,10.02252471676583,-5.684871104772938,753.222,781.0266551195518,725.4173448804481,0.0738285794082354,-0.0031891221035182356,20.567142857142844,0.02835908507134582,-0.0460129962379312,0.026623780621738202,340963040.95,1.0265042188291758,711.72,-0.01864210468258781,0
2022-01-31,710.66,718.51,703.89,711.72,711.72,350000000.0,27.27,2.59,-0.018642104682587757,-0.018818058918972393,728.5736,630.31055,743.2200022735043,0.9768676767865319,1.129157682669281,1,0.2851819411891217,0.191821280132883,2.0081558160705266,38.96656430385638,1.1472785787651674,8.247475489165698,-7.1001969104005305,751.6395,784.8770421695875,718.4019578304125,0.08844011569254492,-0.10051823020214083,21.176428571428556,0.029753875922312923,-0.05283330228101457,0.0,340963040.95,1.0265042188291758,696.5,-0.02138481425279608,0
2022-02-01,698.8,705.67,689.65,696.5,696.5,350000000.0,28.45,2.64,-0.021384814252796036,-0.021616782418775144,728.701,631.37095,738.7704782474563,0.9558104078353123,1.1031549677729076,1,0.2881043099588497,0.1969391805015495,1.607733947589884,34.89550986419678,-2.579508453863582,6.082078700559842,-8.661587154423424,748.94,790.3386641025419,707.5413358974582,0.11055268540199896,-0.13335377042573393,21.61499999999999,0.031033740129217505,-0.07187783167208572,0.0,341831546.75,1.023896136350382,708.92,0.017832017229002094,1
2022-02-02,705.59,715.55,698.99,708.92,708.92,332826796.0,26.52,2.57,0.017832017229002073,0.01767489196707846,729.1178,632.4848000000001,735.9275755572223,0.972298303511449,1.1208490702069045,1,0.29398130904962966,0.19943330464569411,1.8139767361219163,40.37031812059725,-4.479190505594033,3.969824859329068,-8.4490153649231,747.8290000000001,792.316392844565,703.3416071554351,0.11897744763710814,0.06269633358817606,21.80357142857142,0.03075603936773038,-0.07204565684067243,-0.04906629714285715,340972886.55,0.976109271817994,703.0,-0.008350730688935224,0
2022-02-03,696.66,709.72,690.0,703.0,703.0,325415703.0,22.06,2.57,-0.008350730688935215,-0.008385793376273959,729.4390000000001,633.554,732.791615980344,0.9637543372372466,1.1096133873355705,1,0.28260089893508034,0.20033285498538964,1.5573666355369964,38.69979891049877,-6.388751195632608,1.8981096483367328,-8.286860843969341,745.5815,794.3763617981044,696.7866382018956,0.13089075251475252,0.06366819752199937,21.87357142857142,0.031114610851452944,-0.08694183962386681,-0.022267116377252316,341026136.35,0.9542251115498701,706.28,0.004665718349928838,1
2022-02-04,707.49,716.02,697.76,706.28,706.28,350000000.0,24.32,2.58,0.0046657183499287935,0.004654867623932475,729.7668000000001,634.5977,730.2667001726923,0.9678160201313624,1.112957075009884,1,0.2692277755521728,0.19997921776554234,1.4909686851390274,40.17684961004338,-7.550387050270956,0.008410308615194984,-7.558797358886151,742.6975,793.6875869106854,691.7074130893146,0.13731051177798959,0.14289627448633208,21.997857142857136,0.031146085324314912,-0.07639597227670991,0.07554735918813349,342574055.4,1.0216769030898423,705.11,-0.0016565668007022132,0
2022-02-07,705.63,713.34,697.4,705.11,705.11,344420188.0,32.86,2.75,-0.0016565668007022527,-0.0016579404246943848,730.0008,635.6368500000001,727.8708239657692,0.9659030510651495,1.109296920088884,1,0.2547982797918429,0.1998291995508593,1.3381169880430923,39.808377448649516,-8.467789648061625,-1.6868296827201692,-6.780959965341456,740.1695,793.4150410438654,686.9239589561346,0.1438739127829327,0.17077524884865392,21.63785714285714,0.03068720787232792,-0.08841628959276016,-0.015942319999999954,342295064.8,1.0062084541044776,709.87,0.0067507197458552435,1
2022-02-08,707.55,716.51,700.94,709.87,709.87,350000000.0,27.31,2.68,0.0067507197458551715,0.006728035669315139,730.3811999999999,636.7134,726.1564597785531,0.9719171303971132,1.1148972206333336,1,0.25585488413623336,0.1994638579907864,1.2879204206657286,42.133582061036456,-8.710338240084752,-3.091531394193086,-5.618806845891666,737.6735,791.7205782208607,683.6264217791393,0.14653387500238915,0.24278443057897472,21.284999999999993,0.02998436333413159,-0.03861155502586744,0.016200595070809287,342630955.2,1.0215072359579962,710.11,0.00033809007283024936,1
2022-02-09,708.01,717.7,700.44,710.11,710.11,348601602.0,31.42,2.67,0.00033809007283025494,0.00033803293326009994,730.7565999999999,637.8161,724.628225513929,0.9717462695513117,1.1133459942450497,1,0.25437363510730265,0.19926254439387753,1.3632188922267596,42.254706196905424,-8.781960775258767,-4.229617270406223,-4.552343504852544,734.9225,788.685505819412,681.159494180588,0.14630932055921228,0.26924188275843863,21.180714285714277,0.029827370809753808,-0.05495075858397658,-0.003995422857142827,342561035.3,1.0176335487038388,695.05,-0.021207981861965132,0
2022-02-10,693.03,700.02,688.08,695.05,695.05,350000000.0,28.99,2.61,-0.021207981861965153,-0.021436102189376836,730.5792,638.85555,721.8112516554596,0.951368448485804,1.0879611204755129,1,0.2589843237049807,0.20306643384958176,0.6926800334463779,37.01845158140739,-9.939363493411975,-5.371566515007373,-4.567796978404601,731.2935,785.5566631471858,677.0303368528142,0.1484032420556495,0.16603955705772594,21.67999999999999,0.031192000575498154,-0.04802016134555076,0.004011450297351171,342576693.45,1.021669035553008,705.59,0.015164376663549497,1
2022-02-11,705.82,712.68,698.73,705.59,705.59,321590805.0,26.1,2.7,0.015164376663549417,0.015050546833450537,730.4037999999999,639.94615,720.2663705454158,0.9660272851811561,1.1025771465302199,1,0.26660974907845736,0.2051067057687998,0.9322660514460344,42.398427501101025,-9.89209367437627,-6.275671946881152,-3.6164217274951174,728.562,782.1904239638211,674.9335760361789,0.14721718663270245,0.28582253306769545,21.832857142857133,0.030942696385800723,-0.027094479068997868,-0.08116912857142855,342010583.75,0.9402948922629649,699.4,-0.008772800068028252,0
2022-02-14,698.09,707.98,689.53,699.4,699.4,350000000.0,26.25,2.67,-0.008772800068028275,-0.008811507627276775,730.0415999999999,640.9683500000001,718.2790971601381,0.9580275973314398,1.0911615214698196,1,0.26638647055003006,0.2031054692211045,0.42034848689781856,40.22522497361568,-10.236117677418179,-7.067761092988558,-3.1683565844296204,725.961,779.9661993208564,671.9558006791436,0.14878264623246149,0.2540884920871269,20.03428571428571,0.028644960986968414,-0.017310178159950618,0.08833957488305666,342050181.3,1.0232416736918128,681.59,-0.02546468401486981,0
2022-02-15,682.6,688.47,675.72,681.59,681.59,347125765.0,25.41,2.7,-0.025464684014869787,-0.025794520583297214,729.306,641.9095000000001,714.7848974306012,0.9345734163711803,1.061816346385277,1,0.27566026549107364,0.20939306375653324,0.008580722625617127,34.712193588443654,-11.80974197977389,-8.016157270345625,-3.7935847094282646,722.5185,778.6878219415155,666.3491780584845,0.15548203109384115,0.13566855905122768,20.036428571428562,0.02939659996688414,-0.021407035175879385,-0.008212100000000055,342985433.2,1.0120714508525082,676.32,-0.00773192094954442,0
2022-02-16,670.53,681.38,665.52,676.32,676.32,350000000.0,21.16,2.64,-0.007731920949544446,-0.007761967227498372,728.4382,642.81765,711.121573865782,0.9284521322467713,1.052117968447195,1,0.27562393521451095,0.2077750966215015,-0.42765049200692656,33.259611981702975,-13.328453419171865,-9.078616500110874,-4.249836919060991,718.1365000000001,774.3673783030997,661.9056216969004,0.15660220112199097,0.1281713778795527,18.85928571428571,0.027885151576599404,-0.045985442645150254,0.008280096984445873,342985433.2,1.0204515006207557,692.14,0.0233912940619824,1
2022-02-17,690.36,697.56,684.96,692.14,692.14,335368395.0,25.55,2.71,0.02339129406198248,0.023121910475577167,727.803,643.803,709.3138049261837,0.9509991027791861,1.0750804205634332,1,0.2817891209688864,0.21304002763555313,-0.025301006502459592,41.21248633897744,-13.104441544977476,-9.883781509084194,-3.2206600358932818,714.2465,765.9717943417238,662.5212056582761,0.1448387758054157,0.28630861088736,19.16571428571428,0.02769051678231901,-0.015448079658605951,-0.04180458571428569,343440327.05,0.9764968426412404,700.99,0.012786430490941173,1
2022-02-18,698.62,705.92,693.7,700.99,700.99,350000000.0,28.53,2.69,0.01278643049094108,0.012705374303546835,727.4498,644.8067,708.5210615998806,0.9636266310060159,1.0871320040564094,1,0.2850359852836059,0.21435321140860328,0.2930681720264466,45.150096667144325,-12.073612395167402,-10.321747686300837,-1.7518647088665649,711.0609999999999,757.2548359524416,664.8671640475583,0.12992931957279807,0.3909919495453961,18.624999999999993,0.02656956589965619,-0.0074899473296708985,0.04362845520968062,343611639.2,1.0185918056061007,696.46,-0.006462289048345872,0
2022-02-21,695.92,701.74,690.64,696.46,696.46,327200216.0,24.0,2.68,-0.006462289048345893,-0.006483260034088195,727.0225999999999,645.7344,707.3723890665586,0.9579619670695245,1.0785548981129083,1,0.28500046531104506,0.21468578856195655,0.22691149306117384,43.542416031922656,-11.489759216311427,-10.555349992302956,-0.9344092240084709,707.2090000000001,743.2022367331333,671.2157632668668,0.10178953246659006,0.3506802808532108,17.841428571428562,0.025617305475445197,-0.012267589454127648,-0.06514224000000002,343383637.65,0.9528707256969092,691.96,-0.0064612468770640094,0
2022-02-22,690.84,697.72,685.08,691.96,691.96,350000000.0,26.53,2.76,-0.006461246877064064,-0.006482211084739068,726.6829999999999,646.6481,705.9045424887912,0.9522171290645304,1.0700719603134998,1,0.27919174302794814,0.21507689309007993,0.13643698193283213,41.94463765901427,-11.260361321580262,-10.696352258158417,-0.564009063421846,704.888,738.3130052001883,671.4629947998118,0.09483777621449317,0.3066118475841883,17.383571428571422,0.025122220111814874,-0.02522997168495633,0.06968144544256649,343383637.65,1.0192681351833772,687.79,-0.006026359905196937,0
2022-02-23,689.43,693.89,683.34,687.79,687.79,343770453.0,27.63,2.65,-0.006026359905196954,-0.006044591696511257,726.202,647.5486500000001,704.1793479660492,0.9471056262582587,1.062144133880906,1,0.23791284700714524,0.21527001033279194,-0.05605608566180071,40.46290682343071,-11.284959992983659,-10.814073805123465,-0.4708861878601933,701.7075000000001,727.7984783763006,675.6165216236996,0.0743642568342603,0.23328903578266671,16.728571428571417,0.02432220798291836,-0.031431750010561865,-0.017798705714285767,343362162.75,1.0011890950555822,710.38,0.03284432748367966,1
2022-02-24,706.42,716.8,700.04,710.38,710.38,350000000.0,23.23,2.76,0.0328443274836796,0.0323164793462342,726.086,648.53855,704.769886254997,0.9783689535399388,1.0953550872187938,1,0.25959675925281517,0.22485702345780376,0.4391479534047587,50.636292348568496,-9.373577641599127,-10.525974572418598,1.1523969308194708,700.721,723.5824019923018,677.8595980076982,0.06525108279120843,0.7112512610237388,17.49642857142856,0.02462967506324581,0.02205596719660452,0.018121240338244027,343815996.15,1.0179863761990355,714.09,0.005222556941355382,1
2022-02-25,714.19,721.78,706.51,714.09,714.09,350000000.0,24.37,2.78,0.005222556941355316,0.005208966687566056,726.0866000000001,649.5306499999999,705.6575161354735,0.9834777284142139,1.0993938469262383,1,0.24309092842779234,0.22489110756106775,0.5969456535418327,52.084388089835315,-7.473280042746865,-9.915435666484251,2.4421556237373867,700.1635,720.957680638391,679.369319361609,0.05939807098873714,0.8348653222107132,17.44857142857141,0.02443469510645914,0.012046655990022526,0.0,343815996.15,1.0179863761990355,718.38,0.006007646095029987,1
2022-02-28,719.58,724.88,713.09,718.38,718.38,328430544.0,22.96,2.71,0.006007646095030017,0.005989672140741422,725.9789999999999,650.5035,706.8691812654284,0.9895327550796925,1.1043445577156772,1,0.2432954946975848,0.225148730308636,0.6897733093234608,53.77308790062787,-5.557055085894035,-9.043759550366207,3.4867044644721723,700.4965,722.2605972100707,678.7324027899292,0.06213906053788903,0.9108486519444066,17.178571428571413,0.023912931079054837,0.027137546468401608,-0.06162701714285712,342737523.35,0.9582567464158575,729.66,0.015701996158022178,1
2022-03-01,733.73,742.34,721.1,729.66,729.66,338021394.0,23.44,2.72,0.015701996158022258,0.015579995264155998,726.2253999999999,651.5181,709.0397354306258,1.004729385670069,1.1199381874425285,1,0.23980765815214894,0.2244152787848988,0.6469138634115867,57.967728601750785,-3.09258191359163,-7.853524023011293,4.760942109419663,702.1545,727.4090737181449,676.8999262818551,0.07193452073043452,1.0445647253034658,17.657142857142844,0.024199137758877894,0.07052626945817853,0.029202064714175968,342138593.05,0.9879662828642125,731.8,0.002932872844886641,1
2022-03-02,730.74,739.05,723.49,731.8,731.8,350000000.0,22.28,2.75,0.002932872844886747,0.002928580364143351,726.6688,652.5486,711.2073796753281,1.0070612636733542,1.1214490384317735,1,0.22517961958592173,0.2226178435724402,0.4377126964134123,58.73278664028531,-0.9557715146244163,-6.473973521333918,5.518202006709502,703.2985,731.7180190707293,674.8789809292707,0.08081780089304576,1.0014423348978077,17.194999999999986,0.023496857064771778,0.08203217411876018,0.03543741968001002,342997253.25,1.0204163347771649,728.11,-0.005042361300901806,0
2022-03-03,728.82,736.73,720.21,728.11,728.11,350000000.0,23.25,2.79,-0.005042361300901854,-0.005055116901610713,727.0002000000001,653.5458,712.8171530395825,1.0015265470353378,1.1140917744402918,1,0.21936146439367427,0.22274233229061988,0.2671111171537119,56.812557141930256,0.4349006955593495,-5.092198677955265,5.5270993735146146,704.554,735.0599920947548,674.0480079052452,0.08659660464552466,0.8860880827272649,17.11571428571427,0.02350704465769495,0.05196925477504566,0.0,344226468.1,1.016772481011898,725.18,-0.004024117235033256,0
2022-03-04,721.25,730.84,715.62,725.18,725.18,347583559.0,29.05,2.77,-0.004024117235033264,-0.004032235782103522,727.1401999999999,654.5024,713.9945670358128,0.9973042337639977,1.1079867697964132,1,0.2174510542733753,0.22290442638908062,0.17249801889496416,55.267417830763314,1.2857703679761698,-3.8166048687689784,5.102375236745148,705.499,737.3705057692767,673.6274942307233,0.09035166816460845,0.8087554152863893,16.884999999999984,0.023283874348437608,0.0345083382073923,-0.006904117142857102,344105646.05,1.010107108063826,723.69,-0.002054662290741465,0
2022-03-07,718.5,731.32,710.93,723.69,723.69,350000000.0,23.21,2.81,-0.0020546622907414713,-0.002056776005115065,727.0426,655.43155,714.9179416038305,0.9953887158744207,1.104142759072248,1,0.21749146387463833,0.22292664124147887,0.10138199025923207,54.456316897697405,1.8188930985821798,-2.689505275298747,4.508398373880927,706.428,739.3186210275817,673.5373789724183,0.09311811261030177,0.7624152335822715,16.649999999999995,0.023007088670563353,0.03909772276943402,0.006952115361704925,344384636.65,1.016305499004321,722.61,-0.0014923516975501123,0
2022-03-08,724.44,729.54,717.53,722.61,722.61,348127999.0,25.82,2.88,-0.0014923516975501316,-0.0014934663634651282,726.9638,656.3419499999999,715.6505185939418,0.9940109810144604,1.1009657389718883,1,0.2174645611029502,0.2226547324480292,-0.03071282185204015,53.83953839961502,2.129699874999119,-1.7256642452391737,3.855364120238293,707.065,740.7208774096233,673.4091225903768,0.0951988216347172,0.7309403467642804,16.35999999999999,0.022640151672409722,0.04429446788831726,-0.005348574285714336,344291036.6,1.011144531783027,730.42,0.010808043066107506,1
2022-03-09,730.41,738.16,722.66,730.42,730.42,350000000.0,24.24,2.77,0.010808043066107498,0.0107500536293574,726.9019999999999,657.2658,717.0571358707092,1.0048397170457641,1.1113007857703838,1,0.21920325807925561,0.2231702840732895,0.29238906213072724,57.58109543970996,2.971959316636344,-0.7861395328640702,3.758098849500414,708.0805,743.3119754460602,672.8490245539399,0.09951262729593705,0.8170389504888174,15.953571428571422,0.021841641012802802,0.061981127960569316,0.005377335363364377,344360956.5,1.0163753857502136,730.37,-6.845376632616102e-05,0
2022-03-10,732.95,739.77,723.57,730.37,730.37,319423620.0,28.45,2.72,-6.845376632613753e-05,-6.845610939212806e-05,726.8303999999999,658.16125,718.3250276925464,1.0048699118804056,1.109712855322309,1,0.2192337712227966,0.22315097174457446,0.3112353739174227,57.54893491096685,3.593992106333303,0.08988679497540453,3.5041053113578986,709.8465,745.8600145831765,673.8329854168235,0.10146845714707554,0.7849416425577426,16.126428571428562,0.022079806908044636,0.028139868802612655,-0.08736108571428569,342832137.5,0.9317201774877363,738.31,0.010871202267343867,1
2022-03-11,735.27,745.69,727.92,738.31,738.31,350000000.0,28.78,2.86,0.010871202267343838,0.010812535550169197,726.9248,659.0632499999999,720.2283583884944,1.0156621427691006,1.120241494272363,1,0.20520992122650153,0.22259694111984507,0.7289342357036275,61.25018214319181,4.673772871978258,1.0066640103759754,3.6671088616022827,711.4825000000001,749.5935454358266,673.3714545641735,0.10713136425919959,0.8519648922294917,16.60285714285714,0.022487650367538217,0.03391729333837468,0.09572360365836441,344252597.25,1.0166953068645295,736.7,-0.002180655822080021,0
2022-03-14,737.85,742.93,731.63,736.7,736.7,321552979.0,27.66,2.91,-0.0021806558220800465,-0.0021830369141785694,726.7914,659.94015,721.7970861610188,1.0136333478904678,1.1163133505364085,1,0.20096320294494804,0.22256682533405095,0.6155616927892015,60.10581326175457,5.3380595359794825,1.872943115496677,3.4651164204828055,713.3475,752.6024479952068,674.0925520047931,0.1100584161159935,0.7974465792446602,16.50714285714285,0.022406872345789124,0.02550182354742625,-0.0812772028571429,342830246.2,0.9379364352012649,736.96,0.0003529252070041956,1
2022-03-15,741.09,746.57,731.52,736.96,736.96,306134997.0,26.27,2.85,0.000352925207004251,0.0003528629435525118,726.5208,660.8195999999999,723.2411731933028,1.0143687558566803,1.1152211586944456,1,0.1971741886739202,0.22229096047051455,0.5121810081942603,60.235021901726434,5.81842020394663,2.6620385331866676,3.1563816707599623,716.116,753.7156541977535,678.5163458022465,0.1050099542468007,0.7771834002727114,16.82857142857143,0.022835121890701568,0.010004659704520025,-0.047948496847855404,340780707.8,0.8983342953195192,713.13,-0.03233554059921846,0
2022-03-16,714.03,721.22,705.95,713.13,713.13,350000000.0,24.92,2.78,-0.032335540599218504,-0.03286988464704563,726.1605999999999,661.5740499999999,722.2782043177501,0.9820554846958098,1.0779292204704827,1,0.21047031474916783,0.2317398938064976,-0.016448782415470757,45.6436103099867,4.22749571071347,2.975129968692028,1.2523657420214418,717.9565,750.6357458039805,685.2772541960195,0.09103405513825695,0.42615343650558984,16.97142857142857,0.023798505982679977,-0.025512435091554986,0.14328646979227933,340780707.8,1.027053445189188,723.01,0.013854416445809313,1
2022-03-17,723.61,728.89,717.74,723.01,723.01,350000000.0,22.52,2.84,0.013854416445809203,0.01375932133648329,725.6618000000001,662.3481000000002,722.347899144631,0.9963456805911513,1.091586131220124,1,0.21086708481080335,0.23180447167869372,-0.012460875980492824,50.948960289673025,3.721016455779022,3.124307266109427,0.5967091896695953,719.5,749.8803281227065,689.1196718772935,0.08444844509427175,0.5577676446624489,17.006428571428575,0.023521705884328812,-0.00700443614289048,0.0,341512288.05,1.0248533134736204,726.38,0.00466106969474835,1
2022-03-18,726.4,733.54,719.23,726.38,726.38,345015353.0,30.36,2.79,0.004661069694748443,0.0046502405466367185,724.9101999999999,663.15495,722.7319087499043,1.0020275614827878,1.095339784465154,1,0.19793055024280393,0.2312578620185734,0.22091338451066664,52.64670082042141,3.5506293876020436,3.2095716904079508,0.34105769719409285,720.7695,749.9930027800923,691.5459972199077,0.0810897319602224,0.5959929417363685,17.18642857142857,0.023660382405116566,0.0016547615764361812,-0.014241848571428517,341263055.7,1.0109953223395463,737.41,0.015184889451802049,1
2022-03-21,733.93,742.23,729.13,737.41,737.41,348141603.0,23.6,2.89,0.015184889451802075,0.015070753000532915,724.545,664.00605,724.1298222022943,1.0177559709886894,1.1105471102258782,1,0.19968663983315874,0.23203538728847062,0.6664924422295122,57.79556552121852,4.256558272789789,3.4189690068843186,0.8375892659054704,722.817,750.5703179429659,695.0636820570342,0.07679210074729137,0.7629055024921028,16.607142857142858,0.02252090812050672,0.018958393787394945,0.009061190966768384,342310125.05,1.0170356572103971,703.38,-0.04614800450224431,0
2022-03-22,706.24,713.68,695.98,703.38,703.38,350000000.0,27.16,2.8,-0.04614800450224432,-0.04724676055713587,723.4168,664.6934,722.1536486592187,0.9723025508945881,1.0582021726107105,1,0.2602449189202857,0.25019411553160587,-0.1633668564812558,42.45708002841923,2.0464847979623073,3.1444721650999163,-1.097987367137609,723.388,748.842989460267,697.9330105397331,0.07037714051168038,0.10699256954441436,18.455000000000002,0.02623759560976997,-0.026611865321542805,0.005338049184544058,342310125.05,1.0224646435710214,726.63,0.0330546788364753,1
2022-03-23,725.29,731.55,720.38,726.63,726.63,345481935.0,28.15,2.86,0.03305467883647539,0.032520120814553036,722.6468,665.4938000000001,722.5799678345312,1.005511959646123,1.0918659197125502,1,0.28183954829869334,0.258184611926143,0.20861295008230443,51.85777229988594,2.1463248413542715,2.9448427003507875,-0.7985178589965161,725.3299999999999,744.5004762042054,706.1595237957945,0.05286001186819521,0.5339063042988202,19.287142857142857,0.02654327905143313,-0.005188795487527709,-0.012908757142857108,342395699.15,1.0090136525010729,724.35,-0.003137773006894806,0
2022-03-24,725.45,732.7,717.11,724.35,724.35,350000000.0,24.11,2.83,-0.003137773006894773,-0.0031427061386841942,721.7812000000001,666.2511,722.7485423264806,1.0035589732733408,1.0872027078079123,1,0.28091690409422965,0.25665923007837027,-0.0650861720298089,50.97824486121576,2.018207213341043,2.759515602948839,-0.7413083896077959,726.0285,743.8779219573578,708.1790780426422,0.04917003108647441,0.4529816706540162,19.31357142857143,0.02666331390704967,-0.008242397688842606,0.013077572348319855,342395699.15,1.0222091015420982,736.65,0.0169807413543176,1
2022-03-25,733.19,744.11,725.77,736.65,736.65,338636115.0,28.1,2.89,0.016980741354317708,0.016838180165702744,721.3098,667.0628999999999,724.0724906763395,1.0212671448523227,1.1043186482114358,1,0.2642942672483702,0.2588117618001627,0.2401155152248221,55.37533577505488,2.8760272231501176,2.7828179269890945,0.09320929616102314,727.1564999999999,744.6776130084229,709.635386991577,0.04819076225929044,0.770916008436944,19.26857142857142,0.026157023591354675,-0.0022483780525794916,-0.03246824285714289,341827504.9,0.9906637416408793,723.84,-0.01738953369985739,0
2022-03-28,721.28,729.45,715.69,723.84,723.84,350000000.0,27.41,2.87,-0.017389533699857407,-0.01754250766566229,720.7582000000001,667.807,724.0503487071643,1.0042757751490028,1.0839059788232228,1,0.27216445331505035,0.26051801786008605,-0.17619252939712826,50.313693059098874,2.4934528465259973,2.7249449108964754,-0.2314920643704781,727.4295,744.5401694630859,710.318830536914,0.04704420005804672,0.3951093056838333,19.90785714285713,0.0275031182897562,-0.0174562237002851,0.03355780584714063,342905977.7,1.0206879516874634,730.31,0.00893843943412897,1
2022-03-29,733.46,740.83,722.98,730.31,730.31,345830910.0,29.82,2.91,0.008938439434128975,0.008898728047490242,720.3556,668.612,724.6465059731486,1.0138187306380348,1.0922777335734326,1,0.2730606250893517,0.26113915373483915,-0.048691467945852385,52.667002083423334,2.6814250261335246,2.7162409339438858,-0.034815907810361146,727.462,744.5929650080362,710.3310349919637,0.047097896544459214,0.5831243306515663,20.072142857142847,0.027484414641923086,-0.00902355623100315,-0.011911685714285691,343296453.5,1.0073827051638913,717.46,-0.01759526776300463,0
2022-03-30,716.72,724.26,709.93,717.46,717.46,342815926.0,24.33,2.91,-0.017595267763004574,-0.01775190458437525,719.4256,669.33315,723.9620768328488,0.9972678203277726,1.0719026840370898,1,0.2747163339443474,0.26351437346226714,-0.30857403776368525,47.82240983674487,1.7730679015966189,2.5276063274744325,-0.7545384258778136,726.745,744.3064548013008,709.1835451986992,0.04832906948455543,0.23564263025783413,20.370714285714282,0.028392822297708974,0.006071824211574484,-0.008718087113728457,342937249.8,0.9996462215753151,709.7,-0.010815933989351309,0
2022-03-31,712.79,718.52,704.0,709.7,709.7,350000000.0,22.29,2.86,-0.010815933989351323,-0.010874851419878637,718.2208,669.9980499999999,722.6037838011489,0.9881362388836413,1.0592568142549073,1,0.2765738638095795,0.2628931804970084,-0.6769220199037084,45.12305249792951,0.4221548507304078,2.1065160321256275,-1.6843611813952197,725.8245,744.9454154978249,706.703584502175,0.052687434766389464,0.07835439412112777,20.138571428571417,0.028376175043781055,-0.01840915063415438,0.02095606841789488,342937249.8,1.0205948761883377,731.11,0.030167676483020947,1
2022-04-01,730.94,736.36,725.69,731.11,731.11,350000000.0,24.24,2.95,0.03016767648302099,0.029721581694212528,717.5490000000001,670.71705,723.4138996296109,1.0188990577646961,1.0900423658530822,1,0.29675115685173015,0.2692805834192361,-0.3552951921353582,53.00479279842072,1.066856536225714,1.898584132945645,-0.8317275967199309,726.121,745.3832214383006,706.8587785616994,0.053055128382939055,0.6295021972245246,21.235714285714273,0.029045853955922192,0.006511743164734796,0.0,343058071.85,1.0202354316065627,728.23,-0.003939215713093782,0
2022-04-04,724.2,732.21,720.24,728.23,728.23,350000000.0,26.02,2.93,-0.003939215713093747,-0.0039469948591876036,716.6436,671.4262,723.8725758553622,1.01616759013825,1.0846017030613342,1,0.29673548554039947,0.2643686558823982,-0.03171351327364436,51.92444268259942,1.3300631953889024,1.7848799454342967,-0.45481675004539435,726.3480000000001,745.5965959570323,707.0994040429679,0.05300102969101778,0.5488866825313433,21.01571428571427,0.028858621981673743,-0.012448976824290359,0.0,343058071.85,1.0202354316065627,730.11,0.0025816019664117043,1
2022-04-05,732.06,739.11,723.08,730.11,730.11,309676291.0,25.65,2.89,0.002581601966411773,0.002578275356147666,716.4781999999999,672.1369500000001,724.4666162500896,1.0190261197060848,1.086251841979525,1,0.2966932787840878,0.2602973836407377,-0.34610522156260676,52.603560529775166,1.6710933335323261,1.7621226230539027,-0.09102928952157652,726.723,745.9571944409107,707.4888055590892,0.0529340462346294,0.5880463179733675,19.94571428571427,0.027318779753344388,0.03800221786232205,-0.1152105971428572,341135486.45,0.907780935436012,739.68,0.01310761392118987,1
2022-04-06,738.37,744.25,733.8,739.68,739.68,343682338.0,24.52,3.05,0.013107613921189865,0.013022452517805497,716.2438000000001,672.88705,725.9155099405573,1.032720981319489,1.0992632418769241,1,0.2996987181264589,0.25801057693505786,-0.47813795417478194,56.01009372332916,2.6826571929491365,1.9462295370329494,0.7364276559161871,727.1859999999999,747.2239181606228,707.148081839377,0.05511084691013122,0.8117589337134983,19.829999999999984,0.026808890330953905,0.01795962181577959,0.10981159355205539,340819603.35,1.0083995598312463,744.9,0.007057105775470511,1
2022-04-07,746.46,753.3,738.06,744.9,744.9,350000000.0,20.73,2.97,0.007057105775470474,0.007032320942315305,716.5396000000001,673.6231,727.7235566128852,1.0395796687301022,1.105811246674884,1,0.29847589368751565,0.25754253852637393,-0.2011651934640085,57.79207902166365,3.8610316447093282,2.329189958568225,1.531841686141103,727.9125,749.4350863003017,706.3899136996984,0.05913509192457088,0.8946435563570538,19.89642857142856,0.026710200793970414,0.0283702629944087,0.018382271363621916,342348422.35,1.022350264089073,746.02,0.0015035575244999391,1
2022-04-08,746.08,752.44,739.66,746.02,746.02,345963420.0,26.68,2.95,0.0015035575244999322,0.0015024283136324816,716.9551999999999,674.3643500000002,729.4660750307057,1.040539213607768,1.1062565807341385,1,0.29844770637252827,0.2573176889245005,-0.26300500765991625,58.183488271211765,4.829603860251268,2.8292727389048338,2.0003311213464343,728.298,750.8560165235109,705.7399834764891,0.06194721535272629,0.8928093584964921,19.67714285714285,0.026376159965071783,0.012719744790606224,-0.011533085714285685,342146593.35,1.0111555301855528,749.71,0.004946248089863616,1
2022-04-11,746.24,757.38,738.61,749.71,749.71,350000000.0,30.43,3.04,0.0049462480898636585,0.004934055592995008,717.715,675.1147,731.3940678849242,1.0445789763346176,1.1104927799676114,1,0.29672423139289,0.2571148969483132,-0.2959670201652027,59.515532312636736,5.827777489405207,3.4289736890049083,2.398803800400299,728.9485000000001,753.2124939221462,704.6845060778539,0.066572587561708,0.9278252802421528,18.058571428571423,0.024087409036255916,0.03573994252873569,0.011667649718574369,343568944.4,1.0187183844897014,778.4,0.03826813034373283,1
2022-04-12,778.79,785.37,771.82,778.4,778.4,350000000.0,26.66,3.06,0.03826813034373289,0.037554065782937296,719.3529999999998,675.9911500000001,735.8708233244553,1.0820834833524016,1.151494364978003,1,0.3233277798440453,0.2683149108414417,0.2378710746828145,68.03998682475857,8.83206990552992,4.509592932309911,4.3224769732200095,731.0205,763.7616689821413,698.2793310178587,0.08957660963569833,1.22354624883155,18.593571428571426,0.023886910879459697,0.06584874916131511,0.0,345762194.55,1.0122564164526875,776.99,-0.001811408016443947,0
2022-04-13,782.11,788.68,770.46,776.99,776.99,350000000.0,27.02,2.97,-0.0018114080164439716,-0.0018130505998371887,720.7144000000001,676.8533,739.7869353887928,1.0780830797886096,1.1479444659573943,1,0.3236229667670614,0.2675825504216514,0.35546589732178924,67.2900882805076,10.972731258271097,5.802220597502148,5.170510660768948,734.2135000000001,771.7175900366223,696.7094099633779,0.10216126518123435,1.0702911330092135,18.78142857142856,0.024172033837537882,0.08297326680233041,0.0,345762194.55,1.0122564164526875,778.79,0.0023166321316876078,1
2022-04-14,779.94,787.99,770.75,778.79,778.79,335268121.0,26.93,3.0,0.002316632131687646,0.0023139528765720083,722.2301999999999,677.7325500000001,743.5015129708125,1.078312704176591,1.1491111058484647,1,0.2975379373371646,0.2664773576095948,0.565132091910112,67.77831839830617,12.668431961891429,7.175462870380005,5.492969091511424,737.0024999999999,779.0228463875266,694.9821536124733,0.11403040393341841,0.9972293613863099,18.60142857142856,0.023885037778385135,0.09735099337748343,-0.0420910828571428,345025600.6,0.9717195489754042,791.28,0.01603769950821147,1
2022-04-15,791.14,798.88,783.55,791.28,791.28,307382034.0,26.49,2.94,0.016037699508211434,0.015910454283055153,723.9302,678.66685,748.0518450688304,1.0930335548924468,1.1659328873953398,1,0.2985093036925623,0.2681968944694173,0.8199044357114478,71.01160352258276,14.848956080546714,8.710161512413347,6.138794568133367,740.2475,788.3914271461529,692.103572853847,0.13007521712964348,1.0299993480387268,18.53928571428571,0.023429488568251076,0.08229951717251849,-0.08317548031952615,343143934.65,0.8957816326070971,804.68,0.016934586998281237,1
2022-04-18,807.27,815.0,796.98,804.68,804.68,350000000.0,27.83,2.99,0.01693458699828132,0.0167927954287858,725.9216,679.6392999999999,753.4450026813228,1.1084943608235378,1.1839809734369393,1,0.30161749657334497,0.26792629729984674,0.8043550789064036,74.02327280335369,17.45707091903114,10.459543393736904,6.997527525294235,743.611,799.6691693750848,687.5528306249151,0.1507728351920815,1.0446931346468253,18.958571428571425,0.023560386027453677,0.10498056932562494,0.13864820088997143,343236854.5,1.0197040189925175,819.37,0.018255704130834688,1
2022-04-19,819.89,827.96,811.3,819.37,819.37,335741769.0,26.49,3.0,0.01825570413083466,0.01809106942692284,728.1116000000001,680.70745,759.7235738545302,1.1253357315005006,1.2037035880832507,1,0.3031003917828748,0.2698169516564886,0.953042923723478,76.8613417343114,20.47337660822518,12.46231003663456,8.01106657159062,749.4105,811.6074213910774,687.2135786089225,0.16598892433718096,1.0624032382491344,19.16571428571429,0.02339079327497259,0.12225555053348125,-0.0407378028571429,342523942.95,0.98019941645075,827.04,0.009360850409460877,1
2022-04-20,827.56,832.72,821.88,827.04,827.04,350000000.0,24.72,3.02,0.009360850409460886,0.009317309160435293,730.4502,681.808,766.1346620588606,1.1322332446483003,1.2130101142843732,1,0.23876834057088694,0.2698214035882918,1.1924728741380357,78.20053307064487,23.21511608997855,14.61287124730336,8.60224484267519,754.431,824.5863923050489,684.2756076949512,0.18598226293711648,1.0174869501353856,19.082142857142863,0.0230728173451621,0.11810512654120697,0.042467849747941155,342749846.2,1.0211529016872831,811.32,-0.01900754497968649,0
2022-04-21,808.66,819.73,800.28,811.32,811.32,328128144.0,23.51,3.04,-0.019007544979686486,-0.01919051055714224,732.7755999999999,682.8442,770.4380275770644,1.107187520981867,1.188148043140734,1,0.2376269098247279,0.27206233579640277,0.7337361841441635,69.34234593854686,23.844625756993537,16.459222149241395,7.385403607752142,758.7795,831.80689687053,685.75210312947,0.19248647827315768,0.8597314312893367,19.089285714285722,0.023528676372190655,0.0891663310511479,-0.0624910171428571,341656253.4,0.9604043266722775,832.06,0.02556327959374833,1
2022-04-22,832.64,841.05,823.65,832.06,832.06,345358343.0,24.88,3.06,0.025563279593748378,0.025242002715047722,735.305,683.9522999999999,776.3067868554392,1.1315848525441823,1.2165468264380426,1,0.24535385339540214,0.2597092877251669,1.861381623968439,73.59248858958738,25.720570644176178,18.31149184822835,7.409078795947828,763.55,842.6993149885684,684.4006850114315,0.2073192717921938,0.9327895952666307,20.357857142857142,0.024466813863011253,0.11533202863194014,0.0525105795252967,341992364.8,1.0098422612503892,816.2,-0.019061125399610485,0
2022-04-25,818.73,824.6,810.35,816.2,816.2,350000000.0,26.29,3.05,-0.019061125399610468,-0.01924513063392919,737.6410000000001,685.01535,780.1061404882546,1.1065003165496494,1.1915061465410959,1,0.25784119912632014,0.2611138553782553,1.2889634354196617,66.05152956479313,25.632030933060946,19.77559966519487,5.856431267866075,768.168,848.3330097184531,688.0029902815469,0.20871738921264296,0.7995820755707088,20.763571428571424,0.02543931809430461,0.08868762588200774,0.013440118341081941,341992364.8,1.0234146607474202,819.42,0.003945111492281198,1
2022-04-26,817.37,826.44,810.37,819.42,819.42,350000000.0,24.71,2.98,0.0039451114922812724,0.003937349946682809,740.3975999999999,686.1052999999999,783.8503175846113,1.1067296814576386,1.194306471615946,1,0.24473660528607494,0.2540348999250809,1.832897182917241,66.7954526365773,25.527425393776184,20.925964810911132,4.601460582865052,772.6234999999999,853.8276565633171,691.4193434366828,0.21020369316546045,0.7881410384622576,20.90142857142857,0.025507588991516648,0.05269784172661862,0.0,342200819.3,1.0227912391208,808.86,-0.012887164091674534,0
2022-04-27,812.32,819.57,801.64,808.86,808.86,330490611.0,26.29,3.0,-0.012887164091674563,-0.012970923987360414,743.0484,687.1306,786.2321921003626,1.0885697351612627,1.1771561330553464,1,0.2530135839254714,0.25519495062774256,1.7268642204649813,61.99730755461343,24.312165493837824,21.603204947496472,2.708960546341352,777.1935000000001,855.5643064000326,698.8226935999676,0.20167643296021304,0.7020299487392079,21.093571428571433,0.026078148787888427,0.04101725890938113,-0.05574111142857141,341584553.55,0.9675221187998593,807.31,-0.001916277229681364,0
2022-04-28,807.09,814.38,800.02,807.31,807.31,350000000.0,26.6,3.03,-0.0019162772296813513,-0.0019181156378671102,745.3517999999999,688.10735,788.2396023765185,1.083126115748295,1.1732326358670635,1,0.2409140214045987,0.25190432166691024,2.014735158555313,61.301245054056,22.95933035293058,21.874430028583298,1.0849003243472808,782.074,854.6936523785463,709.4543476214536,0.18571043757612063,0.6737546185692125,21.20642857142857,0.02626801175685743,0.036620911927477184,0.05903159832882521,341584553.55,1.0246364958911065,810.84,0.004372545862184399,1
2022-04-29,808.68,818.62,800.91,810.84,810.84,339554341.0,27.58,3.05,0.004372545862184385,0.004363014058922969,747.5488,689.10065,790.3920211978025,1.0846649743802679,1.1766641055990879,1,0.23338775162426997,0.24735949155689727,2.46800655803139,62.33830290676466,21.919367432243348,21.88341750931531,0.03594992292803667,786.0605,855.588193679735,716.5328063202651,0.1769016346188277,0.678198777263226,21.130714285714287,0.02606027611577412,0.024719441916894125,-0.029844740000000036,341062270.6,0.9955787264379984,814.28,0.004242513936164892,1
2022-05-02,816.72,826.17,804.86,814.28,814.28,320696784.0,28.71,3.12,0.004242513936164816,0.004233539846761806,749.9052,690.1219500000001,792.6670667980118,1.085843917337818,1.1799074062200163,1,0.2169121269717131,0.245429399631147,2.265578356318337,63.368520291628535,21.129204261536984,21.732574859759644,-0.6033705982226607,790.3629999999999,855.3224516764676,725.4035483235323,0.1643787770338072,0.6840917632620671,20.10571428571429,0.024691401343167326,0.01193020828155289,-0.05553619766563378,339597109.8,0.9443448567299909,819.06,0.005870216633099146,1
2022-05-03,818.36,828.03,809.4,819.06,819.06,348092090.0,25.7,3.02,0.005870216633099057,0.005853054044095775,752.4472000000001,691.1181,795.1806794839154,1.0885282050355158,1.1851230636268966,1,0.2143326510047551,0.24456291753240864,2.5059068598530647,64.80902418134352,20.65065244105142,21.516190376018,-0.8655379349665786,794.8105,854.3547478462956,735.2662521537045,0.14983256473390985,0.7036258822337691,20.13500000000001,0.02458305862818354,-0.00037833945592347096,0.0854243240555852,341517899.75,1.0192499141474356,839.73,0.025236246428833143,1
2022-05-04,841.64,847.23,834.15,839.73,839.73,350000000.0,22.23,3.07,0.025236246428833153,0.0249230703537539,755.4860000000001,692.2505500000001,799.4234719140186,1.1115096772144022,1.2130434565924142,1,0.22431572187168639,0.24871305677449937,2.7946109129893153,70.25601231678054,21.68927249689841,21.55080680019408,0.13846569670432984,799.813,856.6027270547197,743.0232729452803,0.14200751189252667,0.851445605300115,20.915714285714298,0.02490766589941326,0.015343876958792801,0.005481049569382668,341833782.85,1.0238894385508508,845.08,0.006371095471163377,1
2022-05-05,844.34,853.63,835.8,845.08,845.08,350000000.0,24.64,3.14,0.006371095471163324,0.006350885835338699,758.18,693.4605,803.7717126841121,1.114616581814345,1.2186418692917622,1,0.22313127572254013,0.24863718643858165,2.9243612966574104,71.48621855435138,22.682615589121497,21.777168557979564,0.9054470311419323,804.822,858.8219207017171,750.8220792982829,0.1341909657083181,0.8727598066440045,20.754285714285725,0.02455895976036082,0.04161120149879216,0.0,341833782.85,1.0238894385508508,841.03,-0.0047924456856156435,0
2022-05-06,840.88,850.61,831.3,841.03,841.03,350000000.0,25.61,3.09,-0.004792445685615654,-0.004803966276047381,760.7188000000001,694.63685,807.320120999911,1.1055727819530685,1.2107477453866722,1,0.22648029963993832,0.24900081819534262,2.734397548530363,69.15445338952671,22.879307577739382,21.99759636193153,0.8817112158078508,809.5725,858.245324742595,760.899675257405,0.12024327590805,0.8231526027669341,20.439285714285727,0.02430268327442033,0.010780472562074817,0.0,342035611.85,1.0232852599965314,853.34,0.014636814382364553,1
2022-05-09,854.6,862.89,845.06,853.34,853.34,345862145.0,20.91,3.13,0.014636814382364527,0.014530730118994471,763.4179999999999,695.88415,811.702966618967,1.1177886819540541,1.2262673319977184,1,0.22783868325815948,0.250062399191855,2.951219804191224,72.13012634647392,23.75467243973071,22.349011577491368,1.405660862239344,814.754,858.3986769649039,771.1093230350962,0.10713583968866745,0.942047033938254,20.337857142857153,0.023833240142097114,0.045503553050722845,-0.011822442857142845,341828719.1,1.0117995524501848,868.95,0.01829282583729816,1
2022-05-10,869.71,879.24,859.42,868.95,868.95,347906656.0,28.97,3.11,0.018292825837298077,0.018127524935761714,766.2038,697.2314,817.1550650362083,1.1340977426632446,1.2462863835449751,1,0.23134248764980186,0.2469522274639287,3.627879646825547,75.37434456847073,25.415033258217022,22.9622159136365,2.4528173445805237,819.2815,865.7430350925941,772.819964907406,0.11342019828969012,1.034512042057803,21.234285714285722,0.024436717549094565,0.06044519294134876,0.005911346556877417,341724051.9,1.0180923878949242,851.28,-0.02033488693250483,0
2022-05-11,846.18,862.03,835.5,851.28,851.28,330694273.0,25.86,3.13,-0.020334886932504848,-0.020544487077266853,768.5934,698.4705500000001,820.4050588422837,1.1075817200616087,1.2187772268995447,1,0.22086530772752622,0.25041803678656294,3.0103568851453795,66.0076254130044,25.016683093119696,23.37310934953314,1.643573743586554,822.9959999999999,867.0368553863386,778.9551446136611,0.10702568514618603,0.8211109292844541,21.71214285714287,0.025505289513606415,0.05244418069876122,-0.04947414113284454,340758765.55,0.9704644646961452,858.68,0.008692792030824145,1
2022-05-12,855.8,867.99,846.52,858.68,858.68,350000000.0,26.45,3.12,0.008692792030824181,0.008655227252411657,771.2048,699.7381,824.0502913334947,1.11342667991693,1.2271448417629394,1,0.22016155952805347,0.24948503278610792,3.301354743455436,67.81165026114937,25.009808370116275,23.70044915364977,1.309359216466504,826.9905000000001,868.5727388577578,785.4082611422424,0.10056279693105889,0.8810461012876257,21.122142857142876,0.024598386892838865,0.06363107108793398,0.05837938112705077,341495359.5,1.0249041173281301,867.59,0.010376391670936883,1
2022-05-13,870.01,878.23,859.39,867.59,867.59,350000000.0,28.91,3.17,0.010376391670936957,0.010322926451535895,774.053,701.0611,828.1969302541142,1.120840562597135,1.2375383543602692,1,0.22075639052639964,0.24284983306187644,3.981589252043757,69.88411570897516,25.430179360696343,24.046395195059088,1.3837841656372554,830.8059999999999,872.5950972434637,789.0169027565362,0.10059892981854596,0.9401147957893897,20.967857142857174,0.024167933174491608,0.06998914705737258,0.0,343626257.8,1.0185484725201346,862.69,-0.005647829043672676,0
2022-05-16,862.35,872.08,852.97,862.69,862.69,342649514.0,23.92,3.07,-0.00564782904367267,-0.005663838337083467,776.8330000000001,702.3875999999999,831.4819845156272,1.1105218238669057,1.2282249857486096,1,0.22018114545050368,0.24247775153739215,4.021797430954619,67.31716536871335,25.078844047211078,24.252884965489486,0.8259590817215923,833.7065,875.9110760926533,791.5019239073467,0.10124564482249485,0.8433691637552303,21.185000000000027,0.02455690920261047,0.05945129439504848,-0.021001388571428525,343258733.5,0.9982251886389367,881.1,0.021340226500828764,1
2022-05-17,879.71,889.26,871.57,881.1,881.1,316668192.0,26.94,3.13,0.021340226500828674,0.021115712372344,780.0028,703.78255,836.2075097998533,1.1296113296003554,1.251949199365628,1,0.22388583678708848,0.2418444418539102,3.998129765765932,71.5460339887791,25.986386533258724,24.599585279043335,1.3868012542153885,836.793,883.3839492453379,790.2020507546621,0.11135597273228205,0.97548934628605,21.802142857142876,0.024744232047602854,0.07574536663980669,-0.0758247741159791,342305054.65,0.9251052174026084,878.2,-0.0032913403699920294,0
2022-05-18,874.62,886.14,866.71,878.2,878.2,350000000.0,25.23,3.17,-0.003291340369992013,-0.003296768745066968,782.9584000000001,705.14455,840.2067945808196,1.1216432443920392,1.2454184039286698,1,0.21951285259559228,0.2415951772479533,3.735745896037354,70.00933321218218,26.169943905139235,24.913657004262518,1.2562869008767166,839.351,889.191704100824,789.510295899176,0.11876009941196153,0.8897316530733762,22.16428571428573,0.025238312131958242,0.04581234444404747,0.10525783404226474,342305054.65,1.0224797888476054,879.17,0.0011045319972670389,1
2022-05-19,876.32,886.53,868.99,879.17,879.17,328515600.0,25.04,3.19,0.001104531997267122,0.0011039224506018699,785.9344,706.5111,843.9175760493131,1.11863025718177,1.2443824307926654,1,0.21854818809243032,0.24077435982617432,3.8738531884746705,70.23958401975072,26.09290259928912,25.14950612326784,0.9433964760212774,842.7434999999999,893.7730882281998,791.7139117718001,0.12110348695217295,0.8569154804487841,22.152142857142866,0.025196654636922174,0.04033937615373673,-0.061383999999999994,342324427.45,0.9596615773146457,875.95,-0.003662545355278176,0
2022-05-20,870.64,886.3,860.35,875.95,875.95,339652634.0,23.57,3.25,-0.003662545355278213,-0.0036692688963878882,788.6872,707.8137000000002,846.9682830922357,1.1106431041355813,1.2375431557767247,1,0.20512630696552903,0.24035341066258242,3.926890599892497,68.36326509334428,25.47832148958571,25.215269196531416,0.2630522930542938,844.9380000000001,897.7759997231128,792.1000002768874,0.12506953107340463,0.793463039495428,22.483571428571434,0.025667642477962705,0.04152051650951827,0.033901081105432995,342039142.0,0.993022704986203,875.38,-0.0006507220731777498,0
2022-05-23,875.11,881.97,868.53,875.38,875.38,350000000.0,29.66,3.16,-0.0006507220731777341,-0.0006509338846779246,791.4608000000001,709.1369500000001,849.6741608929751,1.1060307724652945,1.2344301054965474,1,0.1894829432042594,0.23969401958200146,4.027063954383278,68.01689118156398,24.66099074563465,25.104413506352063,-0.4434227607174144,847.8969999999999,900.5868304779236,795.2071695220762,0.12428356387122859,0.7607998521721782,22.112857142857155,0.025260866301328743,0.025827923219349902,0.030464553971337738,342039142.0,1.023274698777019,859.39,-0.018266352898169948,0
2022-05-24,857.84,869.49,847.76,859.39,859.39,329060236.0,24.56,3.26,-0.018266352898169913,-0.018435242549091246,793.9094,710.41455,850.599478903168,1.082478680816728,1.209702137998159,1,0.18836078307657964,0.2364243741984379,3.21769307906894,58.98782112321016,22.464039413529008,24.57633868778745,-2.1122992742584437,849.8955,901.0470932663598,798.7439067336402,0.12037148865078023,0.5928074708246804,22.073571428571434,0.025685162066781595,-0.011001783762011663,-0.05982789714285719,340992153.8,0.965008233570681,839.06,-0.023656314362512993,0
2022-05-25,836.62,847.36,828.34,839.06,839.06,323863578.0,27.25,3.16,-0.02365631436251303,-0.023940617631045186,796.428,711.6044499999999,849.5004809123901,1.053529007016328,1.1791101081506727,1,0.2088882611921949,0.24236898775887067,2.6619134927044406,49.91520205427824,18.865014416425993,23.43407383351516,-4.569059417089168,851.4055000000001,899.124413595552,803.6865864044481,0.11209444523319594,0.3706435345007358,23.017857142857142,0.027432909616543686,-0.014354853867117767,-0.015792421664706957,340660802.15,0.9506922309699611,859.96,0.024908826543989813,1
2022-05-26,859.79,865.54,854.21,859.96,859.96,312830917.0,20.81,3.27,0.024908826543989848,0.02460365892093052,799.1669999999999,712.8972499999999,850.4966255874006,1.0760704583647724,1.2062888445705187,1,0.21759792396717914,0.24633985041125192,2.9255563249188667,57.202726361354046,17.49751603503273,22.24676227381868,-4.749246238785947,854.0379999999999,897.095770543927,810.9802294560728,0.10083338339482939,0.5687680751304786,23.529999999999998,0.027361737755244427,0.0014906600829180938,-0.034065766419711485,338802348.0,0.9233434149635823,847.62,-0.014349504628122275,0
2022-05-27,848.55,856.75,839.44,847.62,847.62,350000000.0,28.45,3.25,-0.014349504628122234,-0.014453454386319224,801.5918,714.1198,850.2226612457433,1.0574209965720707,1.1869437032833985,1,0.22527230114011107,0.24736083885538254,2.42718689025745,52.35859786158612,15.242324812744187,20.845874781603783,-5.603549968859596,855.8770000000001,894.0286371174268,817.7253628825733,0.08915214947330552,0.39178708144321994,23.43428571428571,0.02764715994701129,-0.023017784898396787,0.11881524804659893,339324630.95,1.031460637031012,833.54,-0.016611217290767137,0
2022-05-30,838.77,843.15,829.18,833.54,833.54,340459240.0,28.13,3.17,-0.01661121729076709,-0.016750730710362094,803.5144,715.2750499999999,848.6338363651964,1.0373678430654136,1.16534191986705,1,0.23451708550549086,0.2502931809619495,2.0861453813111797,47.42381968024836,12.17854451251526,19.11240872778608,-6.93386421527082,856.8399999999999,891.3712490057587,822.3087509942411,0.08060139350571521,0.16262442467289823,22.90142857142857,0.02747490051038771,-0.033789657930426986,-0.027259314285714265,340312753.75,1.0004304459600348,804.58,-0.034743383640856974,0
2022-05-31,800.93,812.73,792.82,804.58,804.58,350000000.0,25.74,3.24,-0.03474338364085694,-0.0353612893063569,805.5383999999999,716.27425,844.4382329018443,0.9988102367311107,1.123284831194197,1,0.26544981215203534,0.26061788503482836,1.5473706035374255,39.23324390889612,7.329160579144968,16.755759098057858,-9.42659851891289,856.116,894.3871370700499,817.8448629299501,0.08940642873163267,-0.1733011342921072,23.420714285714276,0.029109242444150085,-0.08684598796958343,0.028023207712030374,340408149.25,1.0281775003657614,795.68,-0.011061671928211104,0
2022-06-01,798.45,806.91,787.25,795.68,795.68,332598786.0,24.93,3.23,-0.011061671928211059,-0.011123307168480426,806.9194,717.2564,839.7945916730973,0.9860712234703986,1.1093383063573918,1,0.26685706242726337,0.26162639756665534,1.4335297382401098,37.11191782496063,2.7362909951179972,13.951865477469886,-11.215574482351888,853.9135,900.3535431909994,807.4734568090006,0.10876990044294889,-0.12697508441550473,23.291428571428558,0.029272356439056603,-0.09396492826235492,-0.04971775428571423,339538088.55,0.9795625210130788,778.31,-0.021830384073999606,0
2022-06-02,780.59,786.78,772.14,778.31,778.31,333874607.0,26.5,3.27,-0.02183038407399962,-0.022072192567631023,807.9986,718.1141499999999,833.9389162756595,0.9632566195040436,1.0838249044389392,1,0.2576608530752497,0.2657093306466424,1.1135225194173204,33.32474954467412,-2.2789349296336923,10.70570539604917,-12.984640325682863,850.575,907.9916040536668,793.1583959463333,0.1350065639211105,-0.1293040244275449,23.57642857142855,0.030291822758834592,-0.11472183991719465,0.003835915985574312,338731818.9,0.9856605974727343,798.31,0.02569670182832034,1
2022-06-03,796.45,805.68,789.1,798.31,798.31,340105623.0,31.22,3.23,0.02569670182832029,0.02537209079356381,809.2318,719.0712,830.545686154168,0.9865034962788164,1.1101960417827887,1,0.2750829052232693,0.2700789130514563,1.4979843156508952,40.81394950195927,-4.586830626466053,7.647198191546125,-12.234028818012177,848.439,910.353098011959,786.5249019880409,0.14594826030365426,0.09517297667477512,24.16642857142855,0.030271985283196443,-0.08863519607283532,0.018662743045924524,338237100.05,1.0055242992259683,810.59,0.01538249552178989,1
2022-06-06,811.08,821.23,800.44,810.59,810.59,350000000.0,21.09,3.23,0.01538249552178983,0.01526538438491726,810.9667999999999,720.0595999999999,828.6451446156759,0.9995353693887347,1.1257262593263115,1,0.28181929646689297,0.27085802001228054,1.5609608630748526,44.90588725312846,-5.363138302030393,5.045130892830821,-10.408269194861214,846.3014999999999,910.4158512221284,782.1871487778715,0.15151657233752439,0.22150151004026766,23.905714285714275,0.02949174587117319,-0.0740135712490575,0.029092071200481184,338443992.8,1.0341445185786733,800.99,-0.011843225305024763,0
2022-06-07,799.89,807.47,793.42,800.99,800.99,341771441.0,27.46,3.33,-0.011843225305024796,-0.011913914981356886,812.3804000000001,720.9888500000001,826.0113213189449,0.9859789822600347,1.110960315128313,1,0.27748744037900286,0.2722081981460572,1.379836693277023,42.435868220109626,-6.6760501469650535,2.7008946848716464,-9.376944831836699,842.9035,909.1325078837511,776.6744921162489,0.15714493505762536,0.18357143388171773,23.744285714285713,0.02964367309739911,-0.06795517750962887,-0.023510168571428625,338137232.05,1.0107477337765118,829.64,0.03576823680695137,1
2022-06-08,830.1,835.99,823.75,829.64,829.64,350000000.0,23.22,3.26,0.0357682368069514,0.03514340916475615,814.6240000000001,722.0473,826.3569097647596,1.0184330439564755,1.1490105980591576,1,0.29996871824757226,0.28009085592418603,1.69633349691382,51.083386316632115,-5.34313435428453,1.0920888770404111,-6.435223231324941,841.8215,908.1812488257251,775.4617511742749,0.157657529121426,0.4082161987050353,24.99142857142857,0.030123220398520528,-0.01122684909303262,0.0240762041905076,339102518.4,1.0321362449663247,842.01,0.014910081481124349,1
2022-06-09,845.82,855.69,832.19,842.01,842.01,332874703.0,25.45,3.31,0.014910081481124271,0.014800018895684545,817.2701999999999,723.1507,827.8476802633539,1.030271261572978,1.1643631126955971,1,0.29771109357620285,0.2811361937038681,1.9329668916580662,54.27714857252186,-3.2511560625345055,0.22343988912542778,-3.4745959516599334,840.9879999999999,906.8732420501191,775.1027579498808,0.1566853321332547,0.5077559098797486,24.998571428571438,0.029689162157897696,-0.02087306386343557,-0.04892942,338246253.55,0.9841194085858338,836.89,-0.006080687877816183,0
2022-06-10,838.41,848.92,826.41,836.89,836.89,325822144.0,24.88,3.27,-0.006080687877816238,-0.006099250547806263,819.3858,724.21455,828.7088535716059,1.021362586464154,1.1555829691629365,1,0.29645052631351476,0.28160927480033404,1.8380993926545142,52.74221526213336,-1.9835245682854747,-0.21795300235675275,-1.765571565928722,839.4529999999999,904.1484192147418,774.7575807852579,0.15413708501766005,0.4801917969495432,25.646428571428576,0.03064492175964413,-0.01265897454047804,-0.021186827765641292,337037360.75,0.966724114130721,803.36,-0.04006500256903533,0
2022-06-13,804.59,811.84,796.13,803.36,803.36,318531242.0,24.43,3.37,-0.040065002569035335,-0.04088970782216082,820.8883999999999,725.09185,826.2946770409768,0.9786470365521063,1.1079423937808706,1,0.3223058021091089,0.28585170028011375,1.7023314536238785,43.97222343294222,-3.6425195563435864,-0.9028663131541195,-2.739653243189467,836.4865,902.1296437956101,770.8433562043898,0.15694967891420053,0.24767738041773263,26.585000000000004,0.03309226249751046,-0.03620702065887649,-0.022376938259911494,335831447.15,0.9484854521611468,832.61,0.03640957976498705,1
2022-06-14,831.53,841.62,822.53,832.61,832.61,311087452.0,25.47,3.26,0.03640957976498704,0.03576241297165436,822.9384,726.0789499999998,826.8961363704077,1.0117525199942061,1.1467210280645104,1,0.3504106494129861,0.2931040492352462,1.967793772755928,51.54200372166044,-2.567458426687267,-1.235784735860749,-1.331673690826518,834.0620000000001,896.2585558701443,771.865444129856,0.14914132491366247,0.4883273279350068,27.100000000000005,0.03254825188263413,0.034838052151433097,-0.023369104874177427,335552410.15,0.9270905008875855,813.57,-0.022867849293186443,0
2022-06-15,809.95,822.85,800.7,813.57,813.57,340933792.0,22.66,3.27,-0.022867849293186415,-0.023133374359873195,824.4162,726.9630000000001,825.626980525607,0.9868437810901824,1.1191353617721946,1,0.3476248714204355,0.2973848988935014,1.5689312554016723,47.08270046671665,-3.214775679216359,-1.6315829245318711,-1.583192754684488,830.8305,890.0141785733731,771.646821426627,0.14246871912695028,0.3541785470553725,27.487857142857145,0.03378671428747022,0.02248391313090692,0.09594196039768255,335099099.75,1.0174118410176363,791.72,-0.026856939169340094,0
2022-06-16,791.22,797.78,785.16,791.72,791.72,344732844.0,28.07,3.38,-0.026856939169340066,-0.02722417694564211,825.3525999999999,727.7167999999999,822.397744285073,0.9592506281557726,1.087950697304226,1,0.3568563187409337,0.30165019504782825,0.9889978014268825,42.53472115687849,-5.428317393543011,-2.3909298183340995,-3.037387575208912,826.458,883.4869140330769,769.429085966923,0.13800801500622642,0.195435196433451,28.05142857142858,0.03543099652835419,0.017229638575888995,0.011143078477829471,335909961.95,1.026265615937027,804.05,0.015573687667357054,1
2022-06-17,806.96,813.52,797.52,804.05,804.05,338949852.0,21.01,3.29,0.015573687667357117,0.015453662347499255,826.5132000000001,728.5316499999999,820.650340067447,0.9728217286789852,1.1036582967946555,1,0.36327587793986515,0.2870912625517939,1.8988399413976447,45.72101034457355,-6.117122811963668,-3.1361684170600137,-2.9809543949036543,822.863,875.663699397306,770.0623006026941,0.1283341197677907,0.32184895072354053,28.291428571428575,0.03518615580054546,0.007190189274843162,-0.01677528585004795,335874822.85,1.009155283280561,835.31,0.038878179217710335,1
2022-06-20,831.48,844.68,822.15,835.31,835.31,350000000.0,26.85,3.4,0.03887817921771042,0.03814145713684408,828.2251999999999,729.4627499999999,822.0464981562616,1.0085541951633445,1.1451030227383099,1,0.3924823350930108,0.28985100773482286,1.9608303136718808,52.85776005244759,-4.093399161872185,-3.327614566022448,-0.7657845958497367,820.8594999999999,868.008096217339,773.7109037826608,0.11487616630442037,0.6532442231443633,28.285000000000007,0.03386168009481511,0.030496305160438553,0.0326011294437738,335874822.85,1.0420548852996587,853.25,0.02147705642216669,1
2022-06-21,850.55,863.51,840.31,853.25,853.25,350000000.0,24.68,3.37,0.021477056422166685,0.021249674349938838,829.7222,730.4981499999999,825.0182602366176,1.0283562377865747,1.168038550131852,1,0.4008158133062664,0.2921187382813583,2.282367247865186,56.400719500467964,-1.0301011549698842,-2.8681118838119355,1.8380107288420513,820.5525,866.7143734797497,774.3906265202503,0.11251412549396525,0.8541613190102603,28.895000000000014,0.03386463521828305,0.06524426022796792,0.0,336921811.05,1.0388166883860752,860.2,0.008145326692059824,1
2022-06-22,860.53,869.15,851.59,860.2,860.2,344140947.0,22.57,3.33,0.008145326692059918,0.008112332562819664,831.3864,731.5185,828.3689021188445,1.03465729052099,1.175910110270622,1,0.3968324900304156,0.29090360397104004,2.170171610064001,57.726202847686736,1.936073649924765,-1.9072747770645955,3.8433484269893605,821.6095000000001,870.446317205254,772.7726827947463,0.11888084839621353,0.8950963863688608,28.467857142857156,0.03309446308167537,0.03683525384504138,-0.016740151428571437,337935679.5,1.0183622738776241,867.65,0.008660776563589783,1
2022-06-23,865.09,874.08,858.67,867.65,867.65,318606380.0,26.01,3.25,0.008660776563589767,0.00862348718687678,833.1636,732.5742,832.1099590599069,1.0413921107451165,1.184385144876792,1,0.38789776548326627,0.28827097339699675,2.5512511769072033,59.159518867084294,4.832238256039659,-0.5593721704437447,5.391610426483403,821.994,872.2039274730073,771.7840725269928,0.12216616538063826,0.954651124756054,27.613571428571447,0.0318257032542747,0.030450944763126264,-0.07419799132475802,338224452.65,0.9419968825544939,878.79,0.012839278510920286,1
2022-06-24,876.7,889.84,865.67,878.79,878.79,340082660.0,21.61,3.35,0.012839278510920371,0.012757553755808351,834.9137999999999,733.72,836.5556772446777,1.0525517724105171,1.1977184757128059,1,0.3810627139801149,0.2887004969701394,2.6012604144162617,61.27392208930291,7.934905816317155,1.1394834269084353,6.79542238940872,823.5525,878.7944371111481,768.3105628888519,0.13415522898924118,0.9999598392780906,27.702857142857162,0.0315238647946121,0.05006631695921793,0.06740693642104723,337728585.65,1.0069703141813398,888.72,0.011299627897449975,1
2022-06-27,887.59,895.87,880.45,888.72,888.72,339503125.0,25.6,3.36,0.011299627897449982,0.011236263981145918,836.5945999999999,734.9091999999999,841.5237079832798,1.0623066417115292,1.2092922499813583,1,0.3781323773213714,0.2860515865281194,3.0291505535257426,63.107437340466866,11.067481188998386,3.1250829793264256,7.9423982096719605,826.3115,888.7028817513662,763.9201182486338,0.15101177159289378,1.0001371843927247,27.696428571428587,0.031164403379499266,0.10625373431587337,-0.0017041004090005973,337680779.9,1.005396650352856,891.93,0.003611936267890812,1
2022-06-28,888.27,899.42,880.81,891.93,891.93,338500138.0,21.94,3.42,0.003611936267890803,0.0036054288908691644,838.0458,736.1292500000001,846.3243072229675,1.064297440545612,1.2116486337147991,1,0.37166946294325054,0.284555291546519,3.2475794258428836,63.705656643494315,13.651721367720029,5.230410657005146,8.421310710714883,830.6789999999999,898.645369051965,762.7126309480348,0.16364051348808215,0.9505978534193784,26.525714285714304,0.02973968168546221,0.07124584139032675,-0.0029542791395513746,337105786.8,1.0041362422556905,892.61,0.0007623916675076112,1
2022-06-29,890.0,901.19,881.44,892.61,892.61,337789919.0,26.65,3.45,0.0007623916675076892,0.00076210119460705,839.3572,737.3279000000001,850.7324684398277,1.0634447408088,1.2106011450265206,1,0.3450454642213807,0.2795097418849081,2.885106638200502,63.83942257510723,15.575080808396933,7.299344687283504,8.275736121113429,835.5255,906.7302119892806,764.3207880107193,0.17044294157196985,0.9008477697915052,26.075714285714298,0.029212886126879934,0.09715205821256934,-0.0020981350382788255,337365343.45,1.0012585037504391,890.91,-0.001904527173121571,0
2022-06-30,892.8,903.33,880.4,890.91,890.91,338564399.0,23.19,3.34,-0.0019045271731216173,-0.0019063430910078044,840.9490000000001,738.5321,854.558900016987,1.0594102615021836,1.2063253580988558,1,0.341048908179926,0.2793243592712275,2.9159257294439875,63.21218499460687,16.768880019087874,9.193251753644379,7.575628265443495,841.1555000000001,911.1072408007508,771.2037591992494,0.1663229707245986,0.8556344662019498,26.105714285714303,0.029302302461207422,0.12528419138079117,0.0022927860082171403,337599833.05,1.0028571280420542,879.44,-0.01287447665869719,0
2022-07-01,875.99,888.71,866.76,879.44,879.44,343235521.0,24.37,3.43,-0.012874476658697231,-0.012958070997327004,841.8966,739.6876,856.9285285867977,1.0445938372954588,1.1889343555306322,1,0.33328993895173026,0.28120308764051727,2.676283064286851,59.00011881080329,16.59810868821512,10.674223140558528,5.923885547656592,845.2120000000001,914.1036478323424,776.3203521676578,0.1630162558796155,0.7484190832722588,24.91928571428573,0.02833540174916507,0.09376282569491967,0.013796849325554694,337756327.95,1.016222325376569,874.71,-0.005378422632584392,0
2022-07-04,870.52,883.24,862.03,874.71,874.71,338878030.0,26.23,3.43,-0.005378422632584368,-0.005392938419009714,843.0668,740.8652500000001,858.6220020547217,1.0375334433760173,1.1806600458045509,1,0.32753655888978317,0.28096280203616397,2.4151759472404386,57.30435857902204,15.897839312879341,11.718946375022691,4.17889293785665,848.418,916.4886464599577,780.3473535400423,0.160464880424219,0.6931228904574387,23.70142857142859,0.02709632743586856,0.047168117225940165,-0.012695338137803103,337200229.45,1.0049756803331262,850.57,-0.027597718100856268,0
2022-07-05,848.96,858.94,840.61,850.57,850.57,350000000.0,23.57,3.45,-0.027597718100856317,-0.027985689875764955,843.6898,741.9308500000001,857.8551447161768,1.0081548929476214,1.1464275949706093,1,0.34311869206692414,0.28731516069485874,1.8790485081629822,49.48694618786165,13.242325251714533,12.02362215036106,1.2187031013534728,850.8970000000002,915.2021416787081,786.5918583212922,0.15114671147890377,0.49745743503582207,23.857857142857167,0.0280492577246519,-0.003140931731614338,0.032819979507081154,337611657.4,1.0366940605528985,848.47,-0.0024689325981400974,0
2022-07-06,850.33,858.05,840.77,848.47,848.47,350000000.0,25.36,3.43,-0.0024689325981400723,-0.0024719854380997426,844.482,743.04435,856.9613214098742,1.0047224215554624,1.1418833882526662,1,0.3396947187627032,0.2874679797184335,1.8225089782876895,48.8624677089616,10.843363235112975,11.787570367311444,-0.9442071321984695,851.8385000000001,915.3800657660631,788.296934233937,0.14918688405369906,0.4734937283976041,23.06285714285716,0.027181700169548902,-0.013636363636363669,0.0,337611657.4,1.0366940605528985,834.4,-0.016582790198828537,0
2022-07-07,833.91,842.75,825.57,834.4,834.4,334063710.0,21.72,3.32,-0.01658279019882858,-0.016721823851171366,845.0238,744.1241,854.8126241327434,0.9874278097255959,1.1213183392393822,1,0.3240417526128065,0.2898486502773006,1.5102791782730338,44.784755986488875,7.7178703362357055,10.973630361096296,-3.2557600248605905,851.458,915.3376179008673,787.5783820991327,0.15004760751744012,0.36648323392573956,23.141428571428587,0.027734214491165615,-0.038321903993545736,-0.045532257142857135,337671107.75,0.9893168302907609,819.06,-0.018384467881112216,0
2022-07-08,817.92,823.28,813.7,819.06,819.06,350000000.0,27.08,3.41,-0.018384467881112254,-0.018555562443621384,845.1881999999999,745.1055,851.4076123105773,0.9690859384927523,1.099253729840942,1,0.3258690663103624,0.28299318118851086,0.7459064708094238,40.788152162384776,3.957465696531358,9.570397428183309,-5.612931731651951,850.5664999999999,915.7857817065527,785.3472182934471,0.15335492687867705,0.25845716806558416,21.717857142857156,0.02651558755507186,-0.06796845662786333,0.04770434358164799,338880000.55,1.0328139737722861,820.68,0.001977877078602306,1
2022-07-11,820.79,827.74,813.74,820.68,820.68,332848909.0,29.91,3.37,0.001977877078602308,0.0019759236550636093,845.3162,746.0725500000001,848.4811730429033,0.9708556395819694,1.100000261368683,1,0.32551715186267216,0.2829435577700053,0.7993823725617287,41.3830717678985,1.0954111703068747,7.875400176608022,-6.779989006301148,851.4324999999999,914.4348140343837,788.430185965616,0.1479913299863697,0.2559415041210031,20.70357142857144,0.025227337608533705,-0.07655954631379969,-0.0490031171428571,339595883.9,0.9801323419397311,838.41,0.021604035677730685,1
2022-07-12,834.02,846.32,826.15,838.41,838.41,321688489.0,32.48,3.43,0.021604035677730726,0.021373976078556987,845.7032,747.1147,847.5220137054839,0.9913761707416975,1.1221971673158084,1,0.30078306961762274,0.285915339786249,1.0606686888716397,47.58955924514389,0.2549364142016657,6.351307424126752,-6.096371009925086,851.7225000000001,914.4126351679142,789.0323648320859,0.14720788793965298,0.3938230076810594,21.280714285714307,0.02538222860618827,-0.0600047088897111,-0.03352998822658004,340125935.75,0.9457922939356441,850.06,0.013895349530659197,1
2022-07-13,851.32,857.22,844.17,850.06,850.06,350000000.0,25.73,3.49,0.013895349530659296,0.013799694251862168,845.9097999999999,748.23655,847.763726685914,1.0049061968545583,1.1360845711159124,1,0.2777541763710163,0.2854992514411691,1.031893239829959,51.24268390204256,0.5228842672336214,5.185622792748126,-4.662738525514505,853.5470000000001,913.6317237263027,793.4622762736976,0.1407883191581298,0.47098264097580667,21.523571428571447,0.02532006144104116,-0.047669194833129924,0.08800908943931773,340579246.15,1.0276609745205991,828.22,-0.0256923040726536,0
2022-07-14,829.17,837.21,820.19,828.22,828.22,335695357.0,27.47,3.47,-0.02569230407265355,-0.026028115652194452,845.5726,749.2475999999999,845.9024193824937,0.9794782848923913,1.1054022728935002,1,0.28098302317546764,0.28872031972223605,0.429554118185647,44.92132268639621,-1.0153660959717854,3.9454250150041443,-4.960791110975929,855.372,909.4685863696136,801.2754136303863,0.12648668969653065,0.24904146617742592,21.93071428571429,0.026479334338357308,-0.07036625472831148,-0.04087040857142854,340127371.8,0.9869695438607449,814.47,-0.01660186906860496,0
2022-07-15,813.47,821.5,806.45,814.47,814.47,350000000.0,21.05,3.51,-0.016601869068604946,-0.016741224624982554,845.0414,750.18715,842.90885563178,0.9638226008808564,1.08568908438381,1,0.2702122046940722,0.2884831991769497,-0.053695449894457126,41.45410558641903,-3.305842977731345,2.4951714164570467,-5.801014394188392,855.893,908.0752519132685,803.7107480867315,0.12193639137884646,0.10309302031510847,22.26571428571429,0.02733767270214285,-0.07387655780951519,0.042611977501970655,340679879.2,1.0273574148901483,826.08,0.014254668680246066,1
2022-07-18,828.57,838.65,816.04,826.08,826.08,307935799.0,29.26,3.48,0.014254668680246052,0.014154026180092144,844.4962,751.2108499999999,841.3061074763724,0.9781926786645103,1.0996646281133986,1,0.2693831890906694,0.28928890744982805,0.013868561384354453,45.29365619130965,-4.136548876799679,1.1688273578057016,-5.305376234605381,855.4315,908.5353419762125,802.3276580237875,0.12415685411666606,0.22364052290819716,22.663571428571426,0.027435080656318306,-0.05559556881709371,-0.12018343142857146,338576669.15,0.9095009404312348,812.47,-0.016475401898121262,0
2022-07-19,809.72,822.08,800.14,812.47,812.47,350000000.0,27.44,3.41,-0.016475401898121245,-0.016612630686043087,843.3665999999998,752.1261,838.5598115262418,0.9633651605363553,1.0802310942274176,1,0.238938152107404,0.2886511506925596,0.04878505611442344,41.83038572812927,-5.82594467946808,-0.23012704964905473,-5.595817629819025,853.3925000000002,909.8732685481742,796.9117314518261,0.1323676234513612,0.13773067318273224,23.10571428571429,0.028438852247731346,-0.0447934914233985,0.1366005548448752,338576669.15,1.0337392735260773,808.82,-0.004492473568254799,0
2022-07-20,811.56,818.18,802.22,808.82,808.82,350000000.0,24.29,3.35,-0.004492473568254773,-0.004502595052678888,842.5174,752.9981,835.7274485237425,0.9600039120853766,1.0741328563777253,1,0.2243581852976287,0.2841344456389277,-0.3737215840344486,40.92658240731118,-7.374320938772712,-1.6589658274737864,-5.715355111298925,850.8235000000001,910.5795607012312,791.0674392987689,0.1404664086056883,0.14854192606371744,22.607857142857135,0.027951654438388186,-0.046731174938418496,0.0,338869621.8,1.0328456063452307,815.24,0.007937489181770924,1
2022-07-21,815.62,822.73,808.12,815.24,815.24,323741660.0,28.59,3.49,0.007937489181770951,0.007906153025561767,841.6486,753.90495,833.7762629500528,0.9686227720214826,1.0813564760385246,1,0.2242356629321659,0.282008446654843,0.006160935755349495,43.24921637379584,-7.991261644053907,-2.9254249907898107,-5.065836653264096,848.2030000000001,909.4307048058504,786.9752951941498,0.14437040379668098,0.23081630199307024,21.926428571428566,0.0268956731409506,-0.022962607861936712,-0.07502382857142853,339126385.8,0.9546342412616836,801.98,-0.01626514891320346,0
2022-07-22,801.17,809.09,794.07,801.98,801.98,324121400.0,24.86,3.48,-0.01626514891320341,-0.016398878518473034,840.3364,754.7419500000001,830.7480474310001,0.9543558984235361,1.0625883455928213,1,0.22528519769914251,0.2837902088509758,-0.2790193734043904,39.77106060286936,-9.441329015495626,-4.2286057957309735,-5.212723219764652,844.3625,907.1285041658713,781.5964958341286,0.1486707525874183,0.16237694621949847,21.923571428571417,0.027336805691627494,-0.020853173149708137,0.001172972301433095,338328322.8,0.9580084733006574,802.61,0.0007855557495199325,1
2022-07-25,802.56,809.18,795.99,802.61,802.61,350000000.0,24.35,3.45,0.000785555749519995,0.0007852473620953013,839.1347999999999,755.5739499999999,828.0682333899525,0.9564732626986749,1.0622520800247284,1,0.21792176708687055,0.2826177136799535,-0.08691429206005442,40.017877180039626,-10.419571782118396,-5.466798993008458,-4.952772789109938,840.057,901.8169775361513,778.2970224638487,0.14703758801147482,0.1968344104539449,20.429999999999982,0.02545445484108095,-0.02201832626602318,0.07984230600015918,338853166.55,1.0328957629745366,784.96,-0.021990755161286273,0
2022-07-26,784.7,792.3,777.37,784.96,784.96,337095851.0,26.69,3.42,-0.021990755161286235,-0.02223615619167633,837.212,756.3664,823.9626873528142,0.9375880899939323,1.0378039003319026,1,0.21856444450125492,0.286011849049929,-0.36684959347365026,35.614509763231865,-12.47523694933409,-6.868486584273585,-5.606750365060504,834.7085,896.0799191237732,773.3370808762268,0.14704874605613738,0.09469325697225288,20.998571428571413,0.026751135635664763,-0.0637516250998914,-0.036868997142857185,338782952.2,0.9950201118768102,776.74,-0.010471871178149239,0
2022-07-27,779.58,785.54,770.81,776.74,776.74,335401765.0,22.84,3.48,-0.010471871178149295,-0.010527087034974004,835.1828,757.1211500000001,819.4652885573081,0.9300239420639409,1.0259124315837695,1,0.2163536447063288,0.28656949769461965,-0.5735755225969251,33.75182269421745,-14.59935938006629,-8.414661143432127,-6.184698236634162,828.915,889.137592543282,768.6924074567179,0.14530462723731488,0.06681539438402198,20.41499999999999,0.026282926075649495,-0.08625273510105158,-0.005025532040736969,338663544.5,0.9903686725277276,780.02,0.004222777248500106,1
2022-07-28,777.5,785.45,772.09,780.02,780.02,310344088.0,28.05,3.51,0.004222777248500176,0.004213886345402433,833.1998,757.9064999999999,815.708594408993,0.9361740125237668,1.0291770818695973,1,0.21813678560213076,0.2865681668254427,-0.5740696977185759,35.208022187814024,-15.835530978160477,-9.898835110377798,-5.93669586778268,823.3705,879.8638615010359,766.8771384989641,0.13722464310044458,0.11632217619656582,19.890714285714278,0.02550026189804656,-0.058197097389582564,-0.07470943690472232,337252528.95,0.920212782291725,759.71,-0.026037793902720374,0
2022-07-29,757.97,767.4,750.3,759.71,759.71,343861381.0,22.86,3.56,-0.02603779390272032,-0.026382778867315954,830.875,758.6124000000001,810.3753949414698,0.914349330525049,1.0014468521737845,1,0.22780166371674535,0.29075048057239133,-1.005081229502508,30.707054775854417,-18.24375053816982,-11.567818195936203,-6.675932342233617,817.384,874.234184057493,760.533815942507,0.13910275722897314,-0.007245499343208482,21.013571428571424,0.027659990560307778,-0.06723390671234053,0.10800042371034313,337283821.95,1.0195015551352922,764.39,0.006160245356780811,1
2022-08-01,766.77,774.54,756.65,764.39,764.39,346014906.0,22.87,3.55,0.006160245356780836,0.006141348611369597,828.6551999999999,759.3458499999999,805.9958335184728,0.9224463926612662,1.0066427570520073,1,0.23161114783365533,0.28621425561229086,-1.2878744980007588,32.83769653668979,-19.549292922357495,-13.164113141220462,-6.385179781137033,811.868,866.6696517615284,757.0663482384717,0.135001383873883,0.06681962610662368,20.459999999999987,0.02676644121456323,-0.0746779972883983,0.006262770752962332,337640665.75,1.0248022264480445,763.47,-0.0012035740917593887,0
2022-08-02,762.1,769.23,756.35,763.47,763.47,350000000.0,23.23,3.62,-0.0012035740917594184,-0.0012042989687437414,826.7367999999999,760.02715,801.945754135761,0.9234740730060644,1.004529903964615,1,0.23232820227318607,0.28578636558292847,-1.3960879727889266,32.62532178892231,-20.422760113132995,-14.615842535602969,-5.806917577530026,807.513,863.2010427872624,751.8249572127377,0.13792482049748647,0.10455604295201942,20.036428571428555,0.026243897692677584,-0.06030991913547579,0.011517116548730444,337640665.75,1.036604993129445,769.55,0.00796363969769595,1
2022-08-03,771.63,779.82,761.39,769.55,769.55,325516127.0,27.4,3.5,0.007963639697695868,0.007932097270100108,825.3466000000001,760.7199,798.8604442180695,0.9323961593832214,1.011607557525444,1,0.22386143847273668,0.28631844872660905,-1.2155124827742978,35.590041528035215,-20.38934825276465,-15.770543679035306,-4.618804573729342,803.567,858.2099486374198,748.9240513625803,0.13600097723612778,0.18873385451884467,19.21928571428571,0.02497470692519747,-0.04855221186419734,-0.06995392285714286,336416472.1,0.967598658198996,771.62,0.002689883698265285,1
2022-08-04,775.55,781.65,765.55,771.62,771.62,323394981.0,23.96,3.6,0.002689883698265394,0.002686272435578508,823.5798,761.4345500000001,796.266116197301,0.9369098173607464,1.0133766585716395,1,0.2252069788907716,0.2846162502533159,-1.390946480566336,36.61272322768846,-19.96568541911131,-16.609572027050508,-3.356113392060802,800.428,854.8254974656785,746.0305025343215,0.13592102591516173,0.23520840716605307,18.814285714285713,0.02438283833271003,-0.05350571610813992,-0.00651625472307249,335883035.65,0.9628202281016274,787.94,0.021150307146004573,1
2022-08-05,786.99,795.39,779.54,787.94,787.94,350000000.0,22.13,3.57,0.021150307146004632,0.020929743965398883,822.3861999999999,762.2135000000001,795.473152749939,0.9581143263347562,1.0337523541632363,1,0.23713544965720554,0.2854774927848448,-1.3469680540734261,44.1428262104288,-18.1043463281394,-16.908526887268287,-1.1958194408711122,798.8720000000001,852.8038141047911,744.9401858952091,0.13501991333961755,0.3986498027012637,18.785,0.023840647765058252,-0.017506670989301476,0.08226787848633932,335883035.65,1.0420294056312815,788.81,0.001104144985658668,1
2022-08-08,790.42,798.7,780.54,788.81,788.81,350000000.0,23.99,3.61,0.0011041449856585839,0.001103535865913683,821.4915999999998,762.9583500000001,794.8385667737543,0.9602167569333637,1.0338834354457223,1,0.23032081607802782,0.2829041737712724,-1.0563616873201447,44.521190149912336,-16.37031317905155,-16.80088414562494,0.43057096657339144,797.2785,850.3740699510156,744.1829300489844,0.13319202750594428,0.42025229215701887,18.229285714285716,0.023109856257255507,-0.017193904885311806,0.0,336740590.2,1.0393757396223748,782.7,-0.007745845007035789,0
2022-08-09,779.99,789.7,773.02,782.7,782.7,322504833.0,25.42,3.56,-0.00774584500703579,-0.007775999882061483,821.0540000000001,763.646,793.6825127953016,0.953286872727007,1.0249513518043702,1,0.23083235227436222,0.2825126325292671,-1.2908219812666022,42.351459596445544,-15.312591330859618,-16.503225582671877,1.1906342518122592,794.493,844.2428268074425,744.7431731925576,0.1252366649105274,0.3814769743216746,18.2807142857143,0.02335596561353558,-0.002879127598858555,-0.07855762,336781407.4,0.957608780988781,783.53,0.0010604318385076367,1
2022-08-10,785.3,793.01,775.83,783.53,783.53,350000000.0,22.55,3.64,0.0010604318385076805,0.001059869977840499,820.811,764.3333499999999,792.7156068147966,0.9545802870575564,1.0251155467702673,1,0.2145906838421036,0.2815586078775459,-1.427809149272501,42.75955677492342,-14.243178585628243,-16.05121618326315,1.8080375976349075,791.1665,833.6366724557731,748.696327544227,0.10736089674100054,0.41009572649648945,18.464285714285722,0.02356551212370391,0.00874166387723041,0.08525505414673895,336781407.4,1.0392497694633722,789.66,0.007823567700024243,1
2022-08-11,790.13,796.51,783.28,789.66,789.66,350000000.0,22.62,3.61,0.007823567700024237,0.007793122285654302,821.0379999999999,765.06515,792.4245966419588,0.9617825240731855,1.0321473929377125,1,0.2094907294131249,0.2820332026651789,-1.23464926636535,45.81065536189442,-12.754001322719091,-15.391773211154339,2.637771888435248,789.2385,827.9618449376461,750.515155062354,0.09812837295088113,0.5054424533853312,17.89714285714287,0.022664365495457375,0.012358657470321166,0.0,337496639.55,1.0370473628024008,789.56,-0.00012663678038652424,0
2022-08-12,790.68,797.52,782.74,789.56,789.56,350000000.0,30.78,3.57,-0.00012663678038649095,-0.0001266447995005813,820.863,765.7754999999999,792.1517779141533,0.9618657437355562,1.0310593640042025,1,0.19334088906852592,0.27828820670679894,-1.560071054133598,45.76779681199567,-11.449899463485735,-14.60339846162062,3.153498998134884,787.993,824.857080991806,751.1289190081941,0.093564488496114,0.5212537510405718,18.0107142857143,0.022811077417440474,0.03929130852562146,0.0,337496639.55,1.0370473628024008,789.37,-0.00024064035665426428,0
2022-08-15,787.84,796.18,781.04,789.37,789.37,348771143.0,23.35,3.61,-0.00024064035665427586,-0.00024066931519072275,820.4386,766.47175,791.8868466842339,0.962131718327246,1.0298748779716929,1,0.18616174530186938,0.27827921792123783,-1.5165215032956108,45.68035106677714,-10.31284074797827,-13.74528691889215,3.432446170913879,786.1575,818.4031282634909,753.9118717365092,0.08203350667887756,0.5498129540724039,17.28928571428573,0.021902638451278524,0.03267965305668574,-0.0035110200000000313,339538406.75,1.0271920232481917,779.85,-0.012060250579576095,0
2022-08-16,775.96,785.82,770.02,779.85,779.85,305860136.0,24.69,3.6,-0.012060250579576048,-0.01213356546176139,820.0158,767.0940999999999,790.7404803333545,0.9510182608676565,1.0166288594841235,1,0.18046887130823286,0.2790153305994031,-1.7014858058666573,41.41099505397285,-10.063887728729128,-13.009007080859545,2.9451193521304173,784.5265,814.379442215958,754.6735577840421,0.07610435648998436,0.4216743869567087,17.619285714285727,0.022593172679727803,0.021454674053990264,-0.12303485497938682,337331413.55,0.9067051680162148,770.93,-0.011438097069949442,0
2022-08-17,772.09,778.79,764.23,770.93,770.93,347340570.0,24.58,3.65,-0.011438097069949471,-0.011504015236559138,818.8416000000001,767.6522,788.8537679206541,0.9414885614018632,1.0042699024375883,1,0.17641402555177396,0.2796646953102232,-1.8089745696672126,37.84219777720651,-10.465717839246395,-12.500349232536916,2.034631393290521,782.6320000000001,810.7524152099659,754.5115847900342,0.07186114344910477,0.29193052604456426,17.7807142857143,0.02306398023908046,0.001793255798843374,0.1356189614719847,337198442.05,1.0300776239900187,753.14,-0.023076025060641,0
2022-08-18,748.48,757.82,743.83,753.14,753.14,350000000.0,24.45,3.57,-0.023076025060640992,-0.02334644476814851,817.0642000000001,768.0905499999999,785.4524566901157,0.9217635529741725,0.9805354329642515,1,0.1903384412975967,0.28284484467814486,-2.106004827938352,31.931700324148835,-12.080419859289918,-12.416363357887516,0.3359434985975973,779.527,806.1620588906267,752.8919411093734,0.06833646272827613,0.004656623656071708,17.593571428571433,0.02336029347607541,-0.023949612503563977,0.007656548729680468,338511359.05,1.0339387162139604,773.82,0.02745837427304361,1
2022-08-19,773.09,780.1,766.81,773.82,773.82,334359444.0,27.05,3.63,0.02745837427304365,0.0270881549112281,815.8027999999999,768.64355,784.3446036720095,0.948538053559022,1.0067345260361582,1,0.21526788158802976,0.2870591099571034,-1.4381443619300918,43.064193334637785,-11.558144577451799,-12.244719601800373,0.6865750243485742,778.1189999999999,802.6506490745659,753.587350925434,0.06305372076644944,0.41237849548260946,18.241428571428578,0.023573219316415414,-0.01792014620402571,-0.04468730285714284,339023261.25,0.9862433709332976,757.89,-0.020586182833217108,0
2022-08-22,760.03,766.48,751.46,757.89,757.89,343210613.0,27.87,3.66,-0.020586182833217115,-0.020801032026234758,814.8933999999999,769.07875,781.8251176080086,0.9300480283678823,0.9854517499020744,1,0.21925997169662848,0.28616034097650556,-1.4000237724265856,37.91949412235828,-12.28800702527144,-12.253377086494588,-0.0346299387768525,775.883,799.1343407423664,752.6316592576337,0.05993517255136755,0.1130760759243436,18.918571428571436,0.024962159981753863,-0.03919828602578568,0.026472017341911735,338683791.9,1.0133659218665434,748.86,-0.011914657799944547,0
2022-08-23,749.29,755.69,742.47,748.86,748.86,346917663.0,24.74,3.65,-0.011914657799944495,-0.011986206219702762,813.2184000000001,769.46045,778.685582597722,0.9208596362305623,0.9732274088941153,1,0.22119579006977005,0.28181594544536503,-1.944480201146457,35.34203446726694,-13.44014419065411,-12.490730507326493,-0.9494136833276166,774.078,799.8325422463222,748.3234577536778,0.06654249893754621,0.01041645860330634,18.70357142857143,0.024976058847543503,-0.04323495592180915,0.010801093729581046,339174882.5,1.0228282838721112,739.64,-0.012312047645754916,0
2022-08-24,743.96,750.33,733.3,739.64,739.64,299258507.0,22.41,3.72,-0.012312047645754887,-0.012388468819631949,811.7398000000001,769.7366999999999,774.9669556836533,0.9111786806560427,0.9609000064567534,1,0.2132352251228847,0.2814834420167687,-1.9180890289020949,32.88424293730871,-14.925150298111703,-12.977614465483535,-1.9475358326281675,772.223,802.1728782002916,742.2731217997083,0.07756795174516398,-0.043958806477528596,18.770000000000007,0.025377210534854804,-0.056015723711919096,-0.1373788684838454,337367719.6,0.8870395405784993,749.63,0.013506570764155547,1
2022-08-25,751.94,758.62,742.97,749.63,749.63,350000000.0,28.69,3.7,0.013506570764155512,0.01341617012931154,810.898,770.0786499999999,772.5539122852101,0.9244442580941129,0.9734460239872902,1,0.21839865450482818,0.2815767849747776,-1.4899072150040855,37.92171293391427,-15.121606361810791,-13.406412844748987,-1.7151935170618042,770.7035,802.03937167586,739.3676283241399,0.08131757978475355,0.16374798476727997,18.427857142857153,0.024582603608256277,-0.050692703188714106,0.1695573954059726,339350515.2,1.0313819614911255,745.43,-0.0056027640302549865,0
2022-08-26,743.97,752.78,736.63,745.43,745.43,334225925.0,25.26,3.67,-0.0056027640302549475,-0.005618518385491285,809.7256,770.34885,769.9706825437615,0.920595816656902,0.9676525122352035,1,0.21774917970266863,0.2735213939606201,-1.1078806696398047,36.67538828236271,-15.438241666853514,-13.812778609169893,-1.6254630576836213,769.9895,802.9867786597489,736.9922213402511,0.08570838604865655,0.12785567480620175,18.284285714285716,0.024528507994426997,-0.055891889153452556,-0.04506878571428574,338868742.4,0.986299068580012,759.78,0.019250633862334523,1
2022-08-29,759.84,767.87,751.74,759.78,759.78,350000000.0,29.83,3.69,0.01925063386233461,0.019067684607966484,808.215,770.6821999999999,769.0001413491176,0.9400716393533898,0.9858538318388567,1,0.21135563002755925,0.2757283477516136,-0.6595363386205152,43.50702801234031,-14.365654037848799,-13.923353694905675,-0.44230034294312404,769.7589999999999,802.9845886804077,736.5334113195921,0.08632724964661569,0.3498295982602996,18.695714285714285,0.024606747065879973,-0.03748558977412375,0.0471958451457648,339067997.1,1.0322413291537387,750.96,-0.011608623548921972,0
2022-08-30,750.85,756.84,744.97,750.96,750.96,348482730.0,19.89,3.7,-0.011608623548922004,-0.01167652966183563,806.1691999999999,770.9863500000001,767.2820326492016,0.9315166096645717,0.9740250265131152,1,0.21387209016260172,0.2732739564921665,-0.5160904496184676,40.60729602731244,-14.065186191331236,-13.951720194190788,-0.11346599714044814,769.1335,803.3148727512462,734.9521272487539,0.08888280838424464,0.23416076451213336,18.52642857142857,0.02467032674367286,-0.03704558568955563,-0.0043350571428570905,338992133.6,1.0279965092381718,753.64,0.0035687653137316897,1
2022-08-31,750.06,758.79,744.93,753.64,753.64,350000000.0,25.99,3.71,0.0035687653137317366,0.00356241238106344,804.0379999999999,771.3141499999999,765.9827914445158,0.9373188829383687,0.9770856660674513,1,0.21438500206257435,0.26821453370066184,-0.8561132278841294,41.874984140513895,-13.45570071395889,-13.852516298144408,0.3968155841855179,768.338,803.2120842400294,733.4639157599705,0.09077797594283782,0.28927045224862885,18.571428571428573,0.02464230742984525,-0.02242745774583943,0.004353931685509904,340216327.25,1.0287572111223535,742.96,-0.014171222334270938,0
2022-09-01,740.87,748.26,735.59,742.96,742.96,350000000.0,30.3,3.61,-0.014171222334270928,-0.01427259294204688,801.5442000000002,771.59425,763.7901446402763,0.9269108303696788,0.9628894979453256,1,0.2170310347286467,0.26749096652811927,-1.3005941716689065,38.36106978422805,-13.676808095345677,-13.817374657584661,0.140566562238984,766.905,803.5229705666869,730.287029433313,0.09549545397836552,0.17304304922407623,18.805,0.025310918488209322,-0.013516743234989415,0.0,341546578.2,1.024750421581006,768.21,0.03398567890599763,1
2022-09-02,766.92,774.45,760.69,768.21,768.21,345888825.0,24.62,3.69,0.033985678905997574,0.03342092580269942,799.3326000000001,771.98585,764.2110832459643,0.9610642678654667,0.9951089129418629,1,0.24945228872740483,0.27568691637930626,-0.5971945690495181,49.21211261653116,-11.679934299049478,-13.389886585877626,1.7099522868281483,765.9185,801.1886694592739,730.6483305407261,0.09209901434481049,0.5324849587427348,19.972857142857144,0.02599921524434353,-0.007249748003411716,-0.011746214285714318,341341019.45,1.0133233490581586,753.08,-0.019695135444735157,0
2022-09-05,748.48,759.38,742.21,753.08,753.08,334363485.0,24.94,3.64,-0.019695135444735112,-0.019891669413941236,796.6197999999999,772.2841999999999,763.150980079682,0.9453443160714812,0.9751332475790649,1,0.2457229055074508,0.2682336047999817,-1.44110400551189,44.19190853833117,-11.189278939568908,-12.949765056615883,1.760486117046975,764.132,798.1162152833151,730.1477847166848,0.0889485462806706,0.3373950978682245,20.447857142857142,0.027152304061795748,-0.006346567443824225,-0.03332093773194322,340559193.7,0.9818072487408523,756.14,0.004063313326605335,1
2022-09-06,756.25,762.0,750.38,756.14,756.14,350000000.0,26.24,3.79,0.004063313326605256,0.004055080363547143,793.9040000000001,772.6106500000001,762.4832676911408,0.9524325359237388,0.978681823762072,1,0.2464126973749076,0.2664247941616486,-1.6140231392221802,45.40493406320275,-10.433246632972214,-12.44646137188715,2.013214738914936,762.804,795.7943733327347,729.8136266672652,0.08649764115733924,0.399000839833076,20.162142857142857,0.0266645632517032,0.009721443260422458,0.046765019810701025,341933952.05,1.0235894911916221,763.16,0.009283995027375858,1
2022-09-07,762.59,768.25,757.5,763.16,763.16,317214777.0,24.1,3.73,0.009283995027375758,0.009241163639051485,791.315,772.9697500000001,762.5477183872226,0.9644199844562531,0.9873090117692185,1,0.2483744063213557,0.2671380966829558,-1.379923250128462,48.18727029512045,-9.162016231701728,-11.789572343850065,2.627556112148337,761.7855000000001,793.3067386044635,730.2642613955367,0.0827562052688638,0.5218027599855081,19.091428571428576,0.025016285669359737,0.0317992536909848,-0.09367206571428577,340294690.9,0.9321766853342349,767.54,0.005739294512290995,1
2022-09-08,763.68,773.81,757.44,767.54,767.54,350000000.0,24.72,3.73,0.005739294512290938,0.0057228875080284165,788.8475999999999,773.2878499999999,763.0231737789157,0.9729889524922178,0.9925669981753884,1,0.24941083968583985,0.2555968231224846,-0.7256351360726271,49.902773680699596,-7.712225846299475,-10.974103044339948,3.261877198040473,760.6795,789.5210164759619,731.837983524038,0.07583092873128312,0.6189344534830368,18.334999999999997,0.02388800583682935,0.023891786614729904,0.10335339138378163,340294690.9,1.0285203071324203,764.58,-0.0038564765354247633,0
2022-09-09,765.5,772.64,757.45,764.58,764.58,330766716.0,24.66,3.79,-0.0038564765354247577,-0.003863931914895565,786.5504000000001,773.53895,763.1714429428285,0.9720673970797039,0.9884182302649401,1,0.24755940934445633,0.2443402723097481,-1.4185888123767239,48.72857628438224,-6.724586930713031,-10.124199821614566,3.399612890901535,759.4304999999999,784.9818423069278,733.8791576930721,0.067290798320305,0.600767700137678,17.822857142857135,0.02331065047850733,0.025689870276216498,-0.054952239999999986,339333026.7,0.9747554466380505,762.3,-0.002982029349446868,0
2022-09-12,763.94,771.63,754.63,762.3,762.3,350000000.0,23.93,3.77,-0.002982029349446913,-0.002986484458014852,784.3022,773.7629,763.0884483768449,0.9719467827579726,0.9851855135468501,1,0.24756896750932933,0.2403893849029023,-1.111340531951616,47.79568099294204,-6.056042630117304,-9.310568383315113,3.254525753197809,758.077,779.4821583552211,736.6718416447789,0.05647225375573434,0.5986444465703109,17.93571428571428,0.02352841963231573,0.0033167495854062867,0.0581475797582971,339394469.55,1.0312483891209594,762.15,-0.0001967729240456215,0
2022-09-13,762.67,768.77,756.06,762.15,762.15,350000000.0,28.57,3.7,-0.00019677292404562952,-0.00019679228637747834,782.5338,773.9817999999999,762.999072340955,0.9739515404957587,0.9847130772325655,1,0.2475719520648067,0.2345400392019411,-0.6845935682618334,47.73093837612086,-5.475205441557932,-8.543495794963677,3.068290353405745,757.192,776.1280148089205,738.2559851910795,0.05001641541087464,0.6309145575085158,17.627142857142847,0.023128180616863933,0.014900926813678383,0.0,341601462.75,1.0245857766017425,759.68,-0.0032408318572459847,0
2022-09-14,758.94,765.95,752.67,759.68,759.68,350000000.0,26.65,3.76,-0.003240831857245996,-0.0032460947266021133,780.758,774.1816500000001,762.682970213245,0.9730031584690774,0.981268414202274,1,0.24472505399552624,0.2323081704218341,-1.0154497705785037,46.61128637945935,-5.154775103609154,-7.865751656692773,2.7109765530836194,756.6295,774.4847630896759,738.7742369103241,0.04719684624945835,0.5854229922038605,17.219999999999995,0.022667438921651215,0.008014436601029518,0.0,341734434.25,1.0241871023859224,770.79,0.014624578770008443,1
2022-09-15,772.16,777.82,765.14,770.79,770.79,350000000.0,26.13,3.75,0.014624578770008334,0.014518670940815031,779.4858,774.4161,763.4550682881741,0.9888441842045101,0.9953176335047785,1,0.24753648251574864,0.22022271057895296,-1.5119568138434518,52.05874876148938,-3.958714011442794,-7.084344127642778,3.125630116199984,757.512,776.3582841235271,738.6657158764727,0.04975837775111766,0.8522710342292847,17.36214285714286,0.022525127281286552,0.03745827500807564,0.0,341734434.25,1.0241871023859224,797.82,0.035067917331569026,1
2022-09-16,799.45,806.6,790.69,797.82,797.82,319333400.0,27.52,3.69,0.03506791733156911,0.03446704517460604,779.061,774.8119499999999,766.7279189273955,1.0240789873963656,1.0296950118025414,1,0.26052854327403363,0.22746451027173012,-1.2250464129889347,62.1717066979655,-0.8202762439457274,-5.831530550903368,5.011254306957641,758.712,783.9147589133348,733.5092410866652,0.06643564069976912,1.275867438426197,18.317142857142862,0.022958991824149382,0.03854414808450812,-0.08761885714285711,340983132.05,0.9365079089987789,790.02,-0.009776641347672492,0
2022-09-19,790.75,796.66,784.12,790.02,790.02,334937239.0,24.84,3.75,-0.009776641347672532,-0.009824746500362294,778.4478,775.1729500000001,768.9462123628817,1.0148657366621114,1.0191532096159959,1,0.2478823865916765,0.22737119896584856,-1.5411323764501366,58.34681427222248,1.0257394000358317,-4.460076560715529,5.485815960751361,760.3185,789.1373492958764,731.4996507041235,0.07580730784753646,1.0153137742254428,18.237857142857155,0.02308531067929566,0.04905189355712536,0.04886378624973142,340569463.35,0.9834623330741434,772.2,-0.022556390977443528,0
2022-09-20,770.29,779.95,762.57,772.2,772.2,350000000.0,23.56,3.78,-0.022556390977443552,-0.022814677766171288,777.1236,775.4892500000001,769.2560968997502,0.9936643282998998,0.9957584840795665,1,0.2501381074719213,0.2303929180833633,-2.063266132538841,50.67622894142818,1.0388201535821509,-3.360297217855993,4.399117371438144,761.4855,790.2408524354307,732.7301475645693,0.07552435978201281,0.6863044458135721,19.208571428571435,0.02487512487512488,0.02123945301134711,0.04497189098761267,340723580.2,1.0272256466504457,770.42,-0.0023051023051024167,0
2022-09-21,771.06,775.52,765.96,770.42,770.42,350000000.0,23.99,3.79,-0.002305102305102391,-0.0023077631432100202,775.5308,775.7821500000001,769.3669448140597,0.9934099329130448,0.9930880724698291,0,0.24606448098188252,0.2284794996563584,-2.3459840638232357,49.96956342667562,0.8952358989124605,-2.5091905945023023,3.4044264934147628,763.0245,790.1027993130265,735.9462006869735,0.07097622504386426,0.6365576898658049,18.602142857142862,0.024145456838014154,0.009513077205304254,0.0,343260654.85,1.019633316707809,802.16,0.04119830741673374,1
2022-09-22,805.04,811.76,795.46,802.16,802.16,350000000.0,25.5,3.73,0.04119830741673369,0.04037226852874382,775.0096000000001,776.21205,772.4900929270063,1.0350323402445594,1.0334289450930323,0,0.27627671136764864,0.24291444106879848,-1.7144855010595825,60.537031853507976,3.304504805950046,-1.3464515144118328,4.650956320361878,765.6510000000001,797.0970861258323,734.2049138741678,0.08214208856461024,1.080501494730183,19.30571428571429,0.02406716152103607,0.04510514110013819,0.0,343260654.85,1.019633316707809,791.2,-0.013663109604068918,0
2022-09-23,789.78,798.75,782.25,791.2,791.2,350000000.0,22.85,3.87,-0.013663109604068913,-0.013757308907167443,774.5441999999999,776.5977499999999,774.2719888387201,1.0215040019665762,1.0188028487077128,0,0.2805136087163163,0.24388888887981097,-1.9912546943270841,56.12836414383059,4.2801484817662185,-0.22113151517622243,4.501279996942441,767.9395,799.8478737401102,736.0311262598897,0.0831012696705111,0.864488961245557,18.87071428571429,0.023850751119456885,0.034816500562400376,0.0,344049358.6,1.017295894473439,811.49,0.0256445904954499,1
2022-09-26,816.6,824.22,803.92,811.49,811.49,333082716.0,24.25,3.82,0.02564459049544987,0.025321283711313154,774.2523999999999,777.0364,777.8165613302706,1.0480949106518755,1.044339750364333,0,0.2895699430882224,0.24994697002545194,-1.5450270782135163,61.69058175692926,6.6143405527702726,1.1459628984130765,5.468377654357196,770.525,807.6097050328052,733.4402949671947,0.09625827853153916,1.0523166486387037,20.399285714285718,0.02513806173124218,0.06452840089203726,-0.04833509714285711,343203494.4,0.9705108527006887,832.82,0.026284981946789288,1
2022-09-27,831.51,844.35,819.99,832.82,832.82,336068877.0,24.21,3.83,0.026284981946789188,0.02594546836241581,774.6594,777.6137999999999,783.054984060721,1.0750789314632987,1.0709943676411096,0,0.2951457619288863,0.25599633785492104,-1.0683535083491462,66.49912755368634,10.069284875605149,2.930627293851491,7.138657581753658,774.618,819.7969022023814,729.4390977976187,0.11664821164063577,1.1441280903433297,21.881428571428575,0.02627389900750291,0.09272452929213415,0.008965223521234966,342582801.75,0.9809858384112535,824.74,-0.009701976417473212,0
2022-09-28,824.82,832.76,816.79,824.74,824.74,350000000.0,30.81,3.86,-0.009701976417473168,-0.009749347233376865,774.9778000000001,778.1893500000001,787.0249855787475,1.0642111296607462,1.0598191815398141,0,0.2939023396307955,0.255473406684858,-1.0211350089622788,63.25989693815025,12.016841996052904,4.747870234291774,7.268971761761129,778.173,827.4087606880221,728.9372393119779,0.12654194038590086,0.9728981470814949,21.857142857142872,0.026501858594396865,0.08564132266217372,0.041453178063852736,342582801.75,1.021650819049033,831.53,0.008232897640468468,1
2022-09-29,829.85,837.51,823.88,831.53,831.53,309504228.0,18.57,3.8,0.008232897640468417,0.008199192207906878,775.3036,778.7893,791.2635583807717,1.072521783724466,1.0677213978158149,0,0.29413333971592687,0.2559517954579632,-0.8067389858518477,64.81112071559102,13.947414190180666,6.587779025469553,7.359635164711113,782.6015,834.3692860714438,730.8337139285562,0.13229666968790021,0.972576709495574,21.745714285714307,0.026151448878229656,0.07880226780316302,-0.11570220571428569,340558013.15,0.9088149920104149,852.71,0.025471119502603713,1
2022-09-30,853.28,860.82,845.18,852.71,852.71,350000000.0,25.05,3.87,0.025471119502603612,0.025152135776446014,776.3182,779.4619500000001,797.1156004397458,1.0984026910614746,1.0939725794184052,0,0.29387832988560847,0.2552694813131215,0.02241701068446039,69.18209331108984,16.990598511048006,8.668342922585245,8.322255588462761,786.8265,846.7924841383946,726.8605158616054,0.15242492249134554,1.0493406048910927,22.623571428571456,0.0265313781104613,0.06879997994535114,0.13084077158390217,340763571.9,1.0271050923914793,846.79,-0.00694257133140232,0
2022-10-03,842.37,851.71,837.48,846.79,846.79,350000000.0,29.81,3.84,-0.006942571331402303,-0.006966783106137492,777.2018,780.0530500000001,801.8464956359604,1.0895368487309216,1.0855543735134423,0,0.279944633187939,0.2556137731109828,-0.04787400281035305,66.68861950671655,18.70898396459313,10.676471130986823,8.032512833606308,791.512,854.9210037106797,728.1029962893202,0.16022246967980172,0.9358844703765145,22.803571428571452,0.026929429290109063,0.07185894027999296,0.0,341545397.65,1.0247539636258367,843.28,-0.0041450654825871715,0
2022-10-04,841.9,850.75,834.44,843.28,843.28,350000000.0,25.8,3.82,-0.004145065482587196,-0.004153680080136428,778.3682000000001,780.6367,805.7925436706308,1.0833947224462663,1.0802464193651156,0,0.26771986395143366,0.2535170784823311,0.14765978060892934,65.18841108199267,19.56208955965451,12.45359481672036,7.10849474293415,795.8689999999999,860.9962629145348,730.741737085465,0.16366327351474438,0.8639873524345137,23.020000000000014,0.02729816905416945,0.09204869204869204,0.0,341545397.65,1.0247539636258367,834.72,-0.010150839578787527,0
2022-10-05,831.98,840.98,825.74,834.72,834.72,322339431.0,27.38,3.9,-0.010150839578787485,-0.010202710672851056,779.5278,781.1427500000001,808.5475395115232,1.070802093267232,1.0685882958012476,0,0.27317711927733723,0.2515789722880428,0.27939938258853647,61.55183870893009,19.324698335732137,13.827815520522716,5.496882815209421,799.4469999999999,864.8701435309847,734.0238564690151,0.16367099640352142,0.7695758572234079,22.977142857142862,0.02752676688846902,0.08346096934139835,-0.0790301971428572,341801630.35,0.9430599575254482,820.53,-0.016999712478435947,0
2022-10-06,820.87,829.61,811.8,820.53,820.53,350000000.0,25.75,3.95,-0.016999712478435902,-0.017145866341051835,780.3380000000001,781.57565,809.6887262247113,1.051505885910977,1.0498407927626712,0,0.28281541174517993,0.25395430746531783,-0.02248990164939348,55.97708794884641,17.786517766155157,14.619555969649205,3.1669617965059516,802.0965,866.3606438128775,737.8323561871225,0.16024042945654882,0.6434197898366989,22.056428571428576,0.026880709506573282,0.02290066819587122,0.08581193096416428,341801630.35,1.0239857534956898,811.32,-0.011224452488025938,0
2022-10-07,813.74,820.26,804.82,811.32,811.32,350000000.0,23.83,3.92,-0.011224452488025949,-0.011287922042443858,781.3702000000001,781.9643,809.8440856318817,1.0383298467231026,1.0375409721390094,0,0.28727380277875486,0.25113927647496104,-0.5459246815323975,52.644372057127526,15.643994325419271,14.82444364080322,0.8195506846160505,804.4335,866.3082200397887,742.5587799602113,0.15383426980530224,0.5556487366327963,22.199999999999996,0.027362816151456876,0.02542972699696655,0.0,342763294.55,1.0211128366574396,794.87,-0.020275600256372386,0
2022-10-10,796.41,803.41,787.89,794.87,794.87,326884628.0,19.9,3.94,-0.020275600256372428,-0.020483971620015622,781.9798000000001,782.2218,808.4179822383692,1.0164840575165752,1.016169582591536,0,0.29751493975189736,0.2525291639058532,-1.0844622635447556,47.2350445633046,12.4748492442111,14.354524761484798,-1.8796755172736983,806.062,864.9078702571221,747.2161297428779,0.14600829776629862,0.4049041168776806,21.91285714285715,0.027567850268417664,-0.020480843879776667,-0.06604392000000003,341607525.95,0.9569011311766155,794.59,-0.0003522588599393268,0
2022-10-11,788.94,800.83,782.74,794.59,794.59,350000000.0,26.01,3.87,-0.00035225885993928063,-0.00035232091766550065,782.6022,782.4423000000002,807.1010315490007,1.0153178715827786,1.0155253620618414,1,0.2970973259091719,0.24746911156624657,-0.6973058777590679,47.14624409828057,9.827401112276334,13.449100031643106,-3.6216989193667715,807.684,863.1232953551537,752.2447046448463,0.13727966718440648,0.3819068684360126,22.52214285714287,0.028344357287585886,-0.045904277034653385,0.07071416034895339,341607525.95,1.0245675912047336,784.16,-0.013126266376370283,0
2022-10-12,788.96,798.53,774.64,784.16,784.16,350000000.0,23.56,3.83,-0.013126266376370266,-0.013213177191668424,782.8944,782.7074,804.9161714014768,1.0016165654014129,1.0018558659340642,1,0.30172020307810926,0.2466484337156505,-0.6434666841568243,43.84001769107753,6.809173645805799,12.121114754475645,-5.311941108669846,808.908,860.8558068429435,756.9601931570566,0.12843934500061624,0.2617993761018268,21.275714285714294,0.027131853557583012,-0.04920338530930968,0.0,341607525.95,1.0245675912047336,786.39,0.0028438073862477277,1
2022-10-13,787.08,793.71,779.76,786.39,786.39,322972407.0,23.5,3.99,0.0028438073862477875,0.002839771415893704,783.1898000000001,782.8996,803.1517741251457,1.0040861104166574,1.0044582983565198,1,0.3012446089994561,0.244926834401584,-0.8346755667526822,44.73242099286776,4.5447598342313995,10.605843770426796,-6.061083936195397,809.688,859.6567058278235,759.7192941721764,0.1234270628384312,0.2668740903502238,20.850000000000016,0.02651356197306682,-0.054285473765227965,-0.07722169428571424,340256146.3,0.9492037410993271,766.36,-0.025470822365492914,0
2022-10-14,764.58,775.79,755.17,766.36,766.36,350000000.0,24.25,4.02,-0.025470822365492918,-0.025800819349339327,782.7582000000001,782.9116,799.6477956370367,0.9790507464501808,0.9788589158724944,0,0.31160673254055665,0.24792933082340038,-0.9700867123508117,38.772758374535385,1.1210195563969592,8.70887892762083,-7.587859371223871,808.115,861.5193552334173,754.7106447665827,0.1321701867515173,0.10906746446419728,20.72142857142859,0.027038765816885784,-0.10126537744367958,0.083683907399557,341789476.3,1.0240221664776867,769.74,0.00441045983610835,1
2022-10-17,770.1,778.16,761.68,769.74,769.74,350000000.0,29.86,4.01,0.004410459836108327,0.004400762261512192,782.3768000000001,782.9819500000001,796.7994341477951,0.9838481918175487,0.9830877965960773,0,0.28497952364502227,0.24803089563118688,-0.8265340472131474,40.22011248503993,-1.3045435622071864,6.706194429655228,-8.010737991862413,807.101,862.6779114878525,751.5240885121475,0.13771984296335563,0.1638802067264038,19.55142857142859,0.02540004231484474,-0.0909906824596417,0.0,342542614.35,1.021770680019334,779.37,0.012510717904747051,1
2022-10-18,779.78,787.48,771.68,779.37,779.37,339480285.0,31.51,3.92,0.012510717904747004,0.012433105527465557,782.3101999999999,783.07985,795.1394880384812,0.9962416442991541,0.9952624882379493,0,0.2873240055646234,0.2488430007480523,-0.7505990512903307,44.26279435340039,-2.4218418054189215,4.880587182640398,-7.30242898805932,807.4594999999999,862.1743114172325,752.7446885827674,0.13552335793229212,0.24330990756740156,19.673571428571442,0.025242915981589543,-0.07578740157480313,-0.030056328571428592,342016628.6,0.9925841512139857,754.22,-0.03226965369465078,0
2022-10-19,752.71,761.51,745.44,754.22,754.22,350000000.0,26.04,3.89,-0.032269653694650735,-0.03280179837916998,781.7239999999999,783.0253,791.2423939395783,0.9648162266989373,0.9632128106205509,0,0.2984764973115211,0.2549240664409724,-0.9840750564222097,37.189370454074364,-5.275886391349218,2.849292467842475,-8.125178859191692,806.6495,864.0850897277174,749.2139102722825,0.14240531910736015,0.043580032445092655,21.123571428571438,0.02800717486750741,-0.09643952463101402,0.030987705221232398,342016628.6,1.0233420562990718,758.07,0.0051046113865981044,1
2022-10-20,758.52,765.88,750.71,758.07,758.07,320831640.0,24.34,3.9,0.0051046113865980125,0.005091627025892248,781.0922,782.9775,788.0831183262851,0.970525630648981,0.9681887410557776,0,0.29915673276672716,0.25518276534515166,-0.9156559686132202,38.80164149857047,-7.144714640823395,0.8504910461093012,-7.995205686932696,804.4449999999999,865.8532780293385,743.0367219706613,0.1526724090006458,0.12240432814313697,20.115000000000002,0.026534488899442005,-0.0761215312054403,-0.08333817142857147,340558210.6,0.9420757744608609,772.41,0.018916458902212087,1
2022-10-21,771.0,776.68,766.74,772.41,772.41,323841767.0,22.56,3.87,0.018916458902212163,0.018739767466822134,780.7492,783.03845,786.5904403904485,0.9893189772080458,0.9864266563155359,0,0.2682948105629728,0.2544764345283818,-0.27547621368323577,44.51454830027597,-7.38354344436209,-0.7963158519849771,-6.587227592377113,803.5055,866.3257060939507,740.6852939060493,0.15636534185235196,0.25250399565907433,20.356428571428562,0.026354434266035606,-0.04795888182221575,0.00938226354482996,339250298.95,0.9545806385500902,756.92,-0.020054116337178456,0
2022-10-24,756.0,763.35,749.58,756.92,756.92,350000000.0,26.67,3.96,-0.020054116337178463,-0.02025792959446424,780.1002000000001,783.06595,783.7646841627867,0.9702856120277881,0.9666107944037152,0,0.27277290715193864,0.2567705438123197,-0.4225849734221357,40.15407219344179,-8.722186598765802,-2.381490001341142,-6.34069659742466,800.777,866.7959115170565,734.7580884829435,0.16488713216531956,0.16784517502354507,20.822142857142847,0.027509040396796025,-0.0477436561953527,0.08077473527372403,340096163.15,1.0291206956240548,776.75,0.026198277228769277,1
2022-10-25,775.15,784.92,767.0,776.75,776.75,350000000.0,29.96,4.05,0.026198277228769218,0.025860980737307113,780.0382,783.1975,783.0966190044261,0.9957845654225652,0.9917677214240341,0,0.2734849004587086,0.26204491969235766,-0.07896010071983747,47.27453668099461,-8.089702613198824,-3.523132523712679,-4.566570089486145,797.9735,863.0179541994736,732.9290458005263,0.16302409591143602,0.33685388507335234,21.56928571428571,0.02776863304059956,-0.022451830503781856,0.0,340792719.3,1.0270172459051123,781.27,0.0058191181203733275,1
2022-10-26,777.92,788.24,770.98,781.27,781.27,337459963.0,24.88,3.97,0.005819118120373279,0.005802252449779991,780.245,783.2840500000001,782.9226552897188,1.001313689930727,0.9974287105680243,0,0.25546714860275105,0.256840021667171,0.4153226079656753,48.770745332847525,-7.141406583330536,-4.246787335636251,-2.894619247694285,795.8,859.9778600945679,731.622139905432,0.16129143024500442,0.38679896790749646,21.16499999999999,0.02709050648303402,-0.0036854723525810984,-0.03582867714285709,340165717.45,0.9920457755993659,771.81,-0.012108490022655467,0
2022-10-27,772.15,777.15,766.82,771.81,771.81,350000000.0,19.55,4.0,-0.01210849002265546,-0.0121823949788161,780.6184,783.2934000000001,781.8643071668885,0.9887161255742882,0.9853395930567012,0,0.256407052257975,0.25782155819843106,0.13003219087923903,45.83888557366588,-7.071699932199294,-4.811769854948859,-2.259930077250435,792.8140000000001,855.5328420945917,730.0951579054084,0.15821830112614696,0.3325543066575212,21.07499999999999,0.027305943172542452,-0.018540418876130227,0.03716007341587946,342190506.05,1.022822064937298,770.43,-0.0017880048198390737,0
2022-10-28,771.79,778.66,763.57,770.43,770.43,350000000.0,27.18,4.06,-0.0017880048198390952,-0.0017896052084098125,780.5506,783.32205,780.7753255319467,0.9870340244437708,0.9835418267620578,0,0.2531908910288636,0.2578378988573633,0.12068643970704537,45.410032774622636,-7.046582756159751,-5.258732435191038,-1.7878503209687127,788.7,845.3798306278527,732.0201693721474,0.1437297594212775,0.3388315579108224,20.47928571428569,0.02658163066636254,0.005310819980165915,0.0,342190506.05,1.022822064937298,776.65,0.00807341354827827,1
2022-10-31,777.85,787.23,767.27,776.65,776.65,350000000.0,27.96,3.98,0.008073413548278285,0.008040997898205293,780.9258,783.3378,780.3824373860471,0.9945247038835188,0.9914624316610279,0,0.2345920397409713,0.25785129997473083,0.12208758668900314,47.781382192038194,-6.450418783409077,-5.4970697048346455,-0.9533490785744316,785.193,835.0024022407514,735.3835977592486,0.1268717429744992,0.41424309853065433,20.61285714285712,0.026540728954943825,0.008977057188141346,0.0,342190506.05,1.022822064937298,776.89,0.000309019506856382,1
2022-11-01,778.8,787.56,768.16,776.89,776.89,347845112.0,21.54,4.11,0.0003090195068564672,0.00030897177016278474,781.4864,783.53035,780.0498243016616,0.9941183877288203,0.9915250889770894,0,0.23492107021715675,0.25780463096020895,0.0848550869762037,47.87546936389189,-5.890684402668057,-5.575792644401329,-0.31489175826672877,781.8734999999999,823.5719090445198,740.1750909554801,0.10666280170504953,0.4402435234984687,20.292142857142835,0.026119711744446234,-0.0031820573026932752,-0.006156822857142807,342082761.65,1.0168449012812162,782.91,0.007748844752796383,1
2022-11-02,783.67,790.64,775.95,782.91,782.91,350000000.0,25.94,4.11,0.007748844752796469,0.007718976651589914,782.3517999999999,783.6878999999999,780.3222219872176,1.000713489762534,0.9990073854655661,0,0.23840902225861527,0.2547613103125252,-0.12488366505503352,50.29470213801238,-4.9047878433676715,-5.441591684194597,0.5368038408269253,779.283,812.7909102051701,745.7750897948299,0.08599676935112689,0.5541215488706634,20.34499999999997,0.025986384130998418,0.03803929887831137,0.006194964154045746,343465790.1,1.019024339798434,770.77,-0.015506252315080899,0
2022-11-03,769.54,779.03,761.29,770.77,770.77,342201119.0,26.63,4.01,-0.015506252315080848,-0.015627731674855636,782.7746000000001,783.8911999999999,779.4124865598635,0.9846640399420215,0.9832614526097501,0,0.2410206967530489,0.25663428306039554,-0.38311562329362253,45.68940283349267,-5.044899794418711,-5.3622533062394195,0.31735351182070826,776.795,804.2504509974906,749.3395490025093,0.07068905180248401,0.39027679783987296,19.659285714285684,0.02550603385482788,0.01675307029693829,-0.022282517142857117,343075846.05,0.9974503391594857,772.17,0.0018163654527290597,1
2022-11-04,774.11,780.57,765.73,772.17,772.17,350000000.0,25.32,4.0,0.0018163654527290074,0.0018147178557904873,783.3094,784.1258499999999,778.7227259351146,0.9857790548664422,0.9847526388780578,0,0.23669154454701094,0.2562096769234202,-0.23473588438038911,46.30006833423555,-4.985501467812924,-5.28690293855412,0.3014014707411965,774.8375,797.0011847354976,752.6738152645023,0.05720860112080033,0.4398227318184252,19.542142857142828,0.02530808352712852,-0.0003107158115508435,0.022790343359455845,343075846.05,1.020182574872936,754.22,-0.023246176360127865,0
2022-11-07,751.15,758.69,746.69,754.22,754.22,335780449.0,23.52,4.07,-0.023246176360127824,-0.0235206303990041,783.1982,784.3383499999999,776.3891329889132,0.9630001703272556,0.9616003093562876,0,0.2455905699493967,0.2603456039386157,-0.6047203548173902,40.077861439801616,-6.314058317705076,-5.492334014384311,-0.8217243033207646,772.805,794.6874442972654,750.9225557027345,0.056631218217369585,0.0753445148173475,20.094999999999963,0.026643419691867044,-0.003567087671088043,-0.04062728857142861,343520637.1,0.9774680550043727,752.2,-0.00267826363660468,0
2022-11-08,750.17,757.72,744.66,752.2,752.2,350000000.0,28.04,4.03,-0.0026782636366047274,-0.002681856601363412,783.2230000000001,784.61685,774.0854060375881,0.9603905911853967,0.9586844840255471,0,0.23775419169050085,0.2598320386269245,-0.7678432439159586,39.43558396371225,-7.444134957162305,-5.88269420293991,-1.561440754222395,770.6854999999999,791.8844607243213,749.4865392756785,0.05501325955735226,0.06399985262353895,18.604285714285684,0.024733163672275568,-0.03160605085291268,0.04234776337439472,343520637.1,1.0188616409037277,740.73,-0.015248604094655713,0
2022-11-09,738.59,749.48,729.86,740.73,740.73,350000000.0,24.49,3.99,-0.015248604094655671,-0.015366059609563056,782.9648000000001,784.7759000000001,770.908700700675,0.946057855985352,0.9438745506838321,0,0.24161413553351774,0.26146564116042137,-0.9946423804741947,35.91591499446487,-9.159674945829352,-6.538090351517798,-2.621584594311553,768.5139999999999,792.601962838024,744.4260371619758,0.06268711523275494,-0.07671958784461268,19.116428571428546,0.02580755278094386,-0.05188987161928649,0.0,343520637.1,1.0188616409037277,731.41,-0.012582182441645471,0
2022-11-10,733.78,740.02,725.19,731.41,731.41,325928559.0,21.79,4.12,-0.01258218244164544,-0.012662008395780203,782.7337999999999,784.91795,767.1469196815631,0.93443007060638,0.9318298810722827,0,0.2413404251578183,0.2625059856511981,-1.1790661640018902,33.31408669863008,-11.142851005943726,-7.459042482402984,-3.6838085235407414,765.765,793.5313472950089,737.9986527049911,0.07251923839551995,-0.11864457061762629,18.897142857142835,0.02583659350725699,-0.05234448892862231,-0.06877554571428568,343668444.7,0.9483808130377354,745.35,0.01905907767189409,1
2022-11-11,747.45,753.85,738.96,745.35,745.35,350000000.0,20.38,4.13,0.019059077671894187,0.018879728685546656,782.2765999999999,785.1133,765.0710225690333,0.9527959803476163,0.9493534245312111,0,0.2527253430041864,0.2645833155600552,-0.6996614534291556,40.282370098906505,-11.45761457434162,-8.258756900790711,-3.1988576735509078,764.7144999999999,793.9376159223704,735.4913840776295,0.07642882650278558,0.1686783837218232,18.869285714285702,0.025316006861589458,-0.03255324948405425,0.07385496095787047,343668444.7,1.0184234409578308,757.79,0.0166901455691956,1
2022-11-14,758.9,765.32,751.38,757.79,757.79,350000000.0,28.65,4.08,0.01669014556919568,0.01655239568703575,782.3708,785.3767,764.377591848173,0.9685816495196394,0.9648745627416754,0,0.2464114054060225,0.26586990088036583,-0.27334435773458216,45.732123140962024,-10.581288429076835,-8.723263206447935,-1.8580252226288998,764.117,793.3960847570803,734.8379152429196,0.07663508273482209,0.3919535898597046,18.295714285714276,0.024143515071080743,-0.024283782913796403,0.0,343668444.7,1.0184234409578308,764.53,0.008894284696287903,1
2022-11-15,766.98,776.52,755.02,764.53,764.53,350000000.0,27.04,4.02,0.008894284696287835,0.008854963529926265,782.5385999999999,785.65,764.3921069102518,0.9769869499089248,0.9731178005473174,0,0.24800336748622911,0.262322772228042,0.2101829170801003,48.47566058302986,-9.236459814649038,-8.825902528088156,-0.4105572865608824,763.375,791.7651877044957,734.9848122955043,0.0743807111955684,0.5203415351018749,18.59857142857142,0.02432680395611869,-0.015909588229994,0.0,344194430.45,1.0168671222901828,750.6,-0.018220344525394623,0
2022-11-16,748.62,759.56,739.7,750.6,750.6,350000000.0,25.72,4.02,-0.01822034452539467,-0.018388379232480868,782.2874,785.85245,763.0785729187992,0.9594939148962389,0.9551411336822836,0,0.2509776174760988,0.2590397755060037,-0.4927467338335803,43.572699652379,-9.188785432238092,-8.898479108918144,-0.2903063233199479,763.194,791.8746168912894,734.5133831087105,0.07515944017183539,0.2804440530687245,19.339999999999993,0.02576605382360777,-0.04126911139211398,0.0,344194430.45,1.0168671222901828,746.14,-0.005941913136157789,0
2022-11-17,746.92,756.63,736.45,746.14,746.14,350000000.0,24.4,4.1,-0.005941913136157773,-0.005959636544191669,781.8594,786.1079,761.4653754979612,0.9543148039148726,0.9491572340132951,0,0.22584513297600115,0.2560288977408139,-0.270023305731614,42.10434802420737,-9.402501680409273,-8.999283623216371,-0.4032180571929018,762.5975,792.207995205544,732.987004794456,0.07765694276602053,0.22210022348527408,19.703571428571422,0.026407338339415422,-0.03195505792908393,0.0,345652848.45,1.0125766403184404,760.08,0.018682820918326393,1
2022-11-18,759.8,766.7,753.18,760.08,760.08,339635785.0,24.18,4.08,0.018682820918326293,0.0185104407417652,781.7693999999999,786.38035,761.3334349743459,0.9722560130903053,0.9665551790555296,0,0.23475002043581839,0.2576084421207546,0.20646793859743656,48.00243540017088,-8.350769377062761,-8.86958077398565,0.5188113969228887,761.981,791.2426615710127,732.7193384289873,0.07680417640590598,0.46751722393046463,19.746428571428567,0.02597940818259731,-0.015657173938381286,-0.029612042857142806,346442549.35,0.9803524008157457,761.12,0.0013682770234711655,1
2022-11-21,763.05,770.33,753.87,761.12,761.12,350000000.0,22.81,4.09,0.0013682770234710873,0.0013673417854771768,781.7458,786.6889500000001,761.313107833932,0.973615720097249,0.96749801811758,0,0.22480990287785063,0.25632190759782236,0.4207617294092376,48.424581963782565,-7.348634160742222,-8.565391451336964,1.2167572905947424,762.191,791.3598679751052,733.0221320248949,0.0765395234923186,0.4816413855793832,19.53642857142857,0.02566800054055677,0.009148524303253636,0.0305156743127053,346442549.35,1.0102685153907178,789.19,0.03687986125709487,1
2022-11-22,788.91,794.13,783.97,789.19,789.19,350000000.0,24.42,4.17,0.03687986125709486,0.03621607032490987,782.2866,787.2269500000001,763.9680499449861,1.0088246430400316,1.002493626520281,0,0.24805954338338693,0.2652203219899732,0.7588747387303159,58.27161855891334,-4.24053808914357,-7.700420778898286,3.459882689754716,762.813,793.7650934416852,731.8609065583148,0.08115250642462728,0.92609395788962,20.845000000000002,0.0264131577947009,0.0491757511300186,0.0,346442549.35,1.0102685153907178,793.45,0.005397939659651023,1
2022-11-23,792.54,802.7,783.3,793.45,793.45,350000000.0,20.2,4.16,0.005397939659651074,0.005383422999970172,782.962,787.8126,766.7758547121302,1.0133952861058393,1.007155762677571,0,0.2325871981141274,0.2650275676327205,0.92516427286533,59.534322344622424,-1.4172658041115938,-6.4437897839409475,5.026523979829354,763.4219999999999,796.3212072213181,730.5227927786817,0.08618878476458657,0.9563635803902605,20.686428571428582,0.026071496088510403,0.07117303200896408,0.0,347069551.2,1.0084434050462447,795.18,0.002180351628962007,1
2022-11-24,796.47,801.96,789.69,795.18,795.18,312309714.0,23.66,4.2,0.0021803516289620184,0.0021779781117909442,783.4498,788.3278,769.481011406213,1.0149724972806171,1.008692069466534,0,0.2320007677866023,0.2624697734533919,0.6737231386632617,60.06285057973551,0.9488565366295916,-4.96526051982684,5.914117056456432,764.5905,800.2854175064357,728.8955824935643,0.09337002619412349,0.9284853718117748,20.50285714285715,0.02578391954382297,0.08718776062673461,-0.10768653142857143,345185036.9,0.9047602897412846,790.54,-0.005835156819839517,0
2022-11-25,792.62,800.07,783.12,790.54,790.54,350000000.0,24.72,4.09,-0.005835156819839482,-0.0058522478657817255,783.3042,788.77555,771.486629367526,1.009237535047048,1.0022369481406974,0,0.22854649574475563,0.26160786299753797,0.7639828482476929,57.87930992988023,2.4217004612943356,-3.487868323602605,5.9095687848969405,765.596,803.072055738111,728.119944261889,0.09790034362264699,0.8327991634642671,19.893571428571445,0.025164534911037324,0.06062923458777747,0.12068240054806623,345185036.9,1.0139489334278267,791.52,0.0012396589672882057,1
2022-11-28,789.94,797.08,784.39,791.52,791.52,338824748.0,27.02,4.13,0.0012396589672882818,0.0012388912245379798,783.3342,789.25085,773.3945694277616,1.0104499458851661,1.0028750681738259,0,0.22828145908655448,0.26155451220475734,0.7282643576124077,58.22474563249589,3.626216921230707,-2.065051274635943,5.69126819586665,766.3394999999999,805.2995796903122,727.3794203096877,0.10167838064007242,0.8231577065464557,19.867142857142873,0.025099988448987864,0.044511012285725515,-0.03192929142857148,344626274.3,0.9831657458161482,788.88,-0.0033353547604608683,0
2022-11-29,788.74,795.15,782.48,788.88,788.88,350000000.0,25.4,4.19,-0.0033353547604608735,-0.003340929455324793,783.6677999999999,789.73545,774.8693723394034,1.0066510324910631,0.9989167891602181,0,0.22748926721490262,0.25990740476744045,0.8992903957807027,56.87164508190976,4.318003698431653,-0.7884402800224236,5.1064439784540765,766.9390000000001,806.9377899290877,726.9402100709125,0.10430761750031081,0.7742707971681649,19.17642857142858,0.024308422791081762,0.03184963310792255,0.03298239596123009,344734018.7,1.0152754907097887,797.15,0.010483216712300961,1
2022-11-30,794.62,803.13,788.67,797.15,797.15,350000000.0,27.49,4.18,0.010483216712301013,0.010428648829300691,784.2024,790.2822500000001,776.9913368785079,1.0165105335051257,1.008690249591206,0,0.22990651281821756,0.25194303988431965,0.5542705680149805,60.007040236648926,5.470508966057309,0.4633495691935229,5.007159396863787,767.6510000000001,809.3189429474926,725.9830570525075,0.1085596005149169,0.8539771574075402,19.09928571428573,0.023959462728828616,0.062017053024247204,0.0,344734018.7,1.0152754907097887,808.72,0.014514206861945744,1
2022-12-01,802.66,815.12,796.32,808.72,808.72,350000000.0,28.87,4.24,0.014514206861945711,0.014409883992427862,784.3335999999998,790.77395,780.0131143186501,1.0310918721319604,1.0226942857690242,0,0.233455035556459,0.24996366463269482,1.1057076419803973,63.95511663005685,7.234089914014021,1.8174976381576227,5.416592275856399,769.5485,815.0907474886519,724.0062525113481,0.11836095447809396,0.9300567292910896,18.839285714285722,0.02329518957647359,0.08387165947409336,0.0,345123962.75,1.0141283648088268,797.9,-0.013379167078840699,0
2022-12-02,798.38,804.79,791.49,797.9,797.9,350000000.0,28.15,4.19,-0.013379167078840681,-0.013469474531566938,784.4676,791.193,781.7166272406835,1.0171229506483124,1.0084770719660057,0,0.23159452884282203,0.25159568622071177,0.8209732374160822,58.17160476014037,7.670239204703535,2.9880459514668054,4.682193253236729,770.835,818.1097648272896,723.5602351727105,0.12265858407370771,0.7862520849981076,18.643571428571438,0.023365799509426542,0.04975792021892422,0.0,345123962.75,1.0141283648088268,780.38,-0.021957638801854848,0
2022-12-05,781.81,788.07,774.13,780.38,780.38,332527285.0,26.68,4.27,-0.021957638801854862,-0.02220229577681577,783.8454,791.503,781.5893294082374,0.9955789751397405,0.9859469894618214,0,0.24572015116206095,0.2551367783339548,0.3194407483220801,50.24793953670793,6.526934640945228,3.6958236893624905,2.8311109515827377,772.143,818.9272137568215,725.3587862431785,0.12118017972515685,0.5880318310170481,18.80571428571429,0.02409814998553819,0.025304813958377137,-0.049922042857142856,344961304.55,0.9639553208258529,757.1,-0.029831620492580504,0
2022-12-06,757.7,765.66,749.15,757.1,757.1,350000000.0,25.53,4.21,-0.02983162049258048,-0.030285635428158483,782.331,791.6402,779.2570123217386,0.9677489451395893,0.9563688150248054,0,0.2546743870172175,0.26198356073317164,-0.2322999129077634,42.05142286868412,3.699708163460059,3.696600584182004,0.0031075792780548284,772.388,818.7821709587447,725.9938290412554,0.12013177563267322,0.3352379223035381,19.262857142857154,0.02544294960092082,-0.04066194452539951,0.05254520692941034,344961304.55,1.0146065526293535,762.6,0.007264562145027077,1
2022-12-07,758.14,767.94,752.82,762.6,762.6,350000000.0,23.05,4.25,0.007264562145027131,0.007238302314202476,781.0881999999999,791.7941999999999,777.6706301958586,0.9763302018901324,0.9631290555045744,0,0.25553508516959983,0.2622766499754166,-0.06271096640311878,44.36060334669084,1.8812292063024643,3.3335263086060962,-1.452297102303632,773.4815000000001,817.7144999577808,729.2485000422193,0.11437377612192032,0.3769979425907899,18.90142857142859,0.024785508223745853,-0.0388808368517235,0.0,344961304.55,1.0146065526293535,748.58,-0.018384474167322293,0
2022-12-08,747.79,755.61,740.76,748.58,748.58,350000000.0,27.35,4.18,-0.01838447416732225,-0.018555568847564485,779.4292,791.8965499999999,774.9000939867292,0.9604207797193125,0.9453002415530161,0,0.25822976295282873,0.2648073880288062,-0.2950162294009772,39.986414111379176,-0.6833480872687687,2.530151429431123,-3.213499516699892,774.34,815.7086507292634,732.9713492707367,0.10684880215205181,0.18865312808031037,18.992857142857158,0.025371846887249402,-0.0586030835785607,0.0,346164876.6,1.0110788923407488,722.58,-0.03473242672793823,0
2022-12-09,717.77,730.67,709.74,722.58,722.58,350000000.0,29.7,4.21,-0.03473242672793819,-0.03534993807545525,776.8266,791.88355,769.9172278927549,0.9301689720717597,0.9124826497532371,0,0.2827435459519769,0.27369035924458274,-0.7904773754626978,33.40750124980934,-4.75891892311779,1.0723373589213407,-5.8312562820391305,773.2015,818.9507912916264,727.4522087083736,0.11833730610084747,-0.053249007479293085,20.591428571428587,0.02849709177036257,-0.08596655450704571,0.0,346164876.6,1.0110788923407488,726.43,0.005328129757258586,1
2022-12-12,729.42,735.31,720.57,726.43,726.43,340039906.0,26.36,4.26,0.005328129757258493,0.00531398549330784,774.4194,791.8972500000001,765.775587141064,0.9380317693487533,0.9173286054472343,0,0.27470686927265475,0.27390351451358913,-0.6650135826171987,35.11001799965322,-7.5906747754427215,-0.6602650679514717,-6.93040970749125,771.6335,821.5652961244374,721.7017038755627,0.12941842500195405,0.047347546967931385,19.28642857142858,0.02654960363893091,-0.08223418233272695,-0.02845741142857139,345666871.9,0.9837214197904743,755.31,0.03975606734303374,1
2022-12-13,752.85,761.14,747.05,755.31,755.31,336050512.0,30.29,4.3,0.03975606734303372,0.038986135010281586,772.66,792.0607500000001,764.7788645562007,0.9775451039266948,0.9536010968855607,0,0.3036079822717429,0.28399374999642735,-0.2877208064039749,46.2177669413172,-7.418965830393063,-2.01200522043979,-5.406960609953273,771.1725,821.5487094539596,720.7962905460404,0.130648355468833,0.3425596112502286,20.380000000000003,0.02698229865882883,-0.0425540006084576,-0.011732134757148183,344969397.5,0.974145864634268,754.56,-0.0009929697740000795,0
2022-12-14,757.4,763.91,748.08,754.56,754.56,350000000.0,21.69,4.27,-0.0009929697740000965,-0.0009934630950817877,771.0568,792.18145,763.8056393603721,0.9786049484292207,0.9525090495365676,0,0.30189272304843806,0.27481955962730215,-0.8225270227991407,45.997559520613024,-7.259718470819848,-3.0615478705158017,-4.198170600304047,771.3705,821.4364251598042,721.3045748401958,0.12981031854274783,0.33211635511902426,20.634285714285713,0.027346116563673816,-0.053427836668130224,0.041510092982688374,344969397.5,1.0145827500539377,764.06,0.012590118744698899,1
2022-12-15,766.23,774.76,755.57,764.06,764.06,350000000.0,22.61,4.23,0.012590118744698842,0.012511522205347035,769.9273999999999,792.3499,763.8298641831938,0.9923792814751106,0.9642962029780024,0,0.29788547300685175,0.2754693796204781,-0.4960829754084962,49.29317429089492,-6.294385428751752,-3.708115382162992,-2.5862700465887603,772.2665,821.056369645264,723.4766303547359,0.1263550073587314,0.4158995498442319,20.86642857142857,0.027309934522718862,-0.05522306855277481,0.0,344969397.5,1.0145827500539377,764.38,0.0004188152762872681,1
2022-12-16,762.31,771.52,755.19,764.38,764.38,343105233.0,27.64,4.31,0.00041881527628717663,0.0004187275976492653,768.9886,792.4802500000001,763.8822580705087,0.9940069332627297,0.9645413876244865,0,0.29682704036600605,0.27175996707765165,-0.16499478265065218,49.405180001051036,-5.440812413698268,-4.054654788470048,-1.3861576252282202,772.4815000000001,821.0827901171822,723.880209882818,0.12583159627025156,0.4166534470496224,21.126428571428562,0.027638646447354146,-0.04201027697706472,-0.019699334285714243,345142869.9,0.9940962509218564,762.48,-0.0024856746644338905,0
2022-12-19,759.89,768.62,753.78,762.48,762.48,350000000.0,26.16,4.14,-0.0024856746644339456,-0.0024887690825774198,768.3407999999998,792.6091499999999,763.7487096828412,0.9923721348651539,0.961987380539324,0,0.2902064434752711,0.2717663843168918,-0.1678530689632392,48.71709290712391,-4.861622018272328,-4.216048234430504,-0.6455737838418241,772.5495,821.0876228249537,724.0113771750463,0.12565699110514178,0.3962722555555914,21.281428571428567,0.027910802344230098,-0.022937543248161107,0.02009519627466605,345142869.9,1.0140728102000407,773.08,0.013902003986989852,1
2022-12-20,773.89,781.53,765.45,773.08,773.08,350000000.0,28.78,4.19,0.01390200398698993,0.01380625748789669,767.9105999999999,792.78975,764.6374039987611,1.006731773203808,0.975138742648981,0,0.29400598360770724,0.2601752153613511,-0.5952720909270911,52.676959154432446,-3.50685322392701,-4.074209232329806,0.567356008402796,771.7439999999999,819.649956293794,723.8380437062058,0.1241498639282769,0.5139439863311867,21.609285714285704,0.02795219862664369,0.021106855105005984,0.0,345142869.9,1.0140728102000407,768.81,-0.0055233611010504675,0
2022-12-21,766.86,774.2,761.48,768.81,768.81,332529631.0,25.46,4.3,-0.00552336110105045,-0.005538671261699259,767.6035999999999,793.0681500000001,765.0347940941173,1.0015716445311096,0.9694122756033008,0,0.26377142124009223,0.2590021917979977,-0.47252228064456403,50.969596531233265,-2.7460873226714284,-3.8085848503981308,1.0624975277267024,770.512,817.3223891302791,723.7016108697208,0.12150463362080913,0.48182027502756986,21.174999999999994,0.02754256578348356,0.00814319433516908,-0.049915339999999975,344269351.45,0.9658996062224116,771.41,0.003381849871879948,1
2022-12-22,771.65,779.54,763.52,771.41,771.41,350000000.0,23.33,4.27,0.0033818498718798384,0.0033761442776252862,767.304,793.31015,765.6419565613442,1.0053512036950152,0.9723939621849033,0,0.2632362496562119,0.25370232634162787,-0.8336805371190065,51.98998851681214,-1.9113438123126798,-3.429136642781041,1.5177928304683612,769.3235,814.6812708888104,723.9657291111895,0.11791598953821512,0.5230004689228647,21.08857142857142,0.027337695166735485,0.03049774239226255,0.05253778121204489,346153865.75,1.0111110538709909,774.69,0.004251954213712664,1
2022-12-23,773.57,782.23,766.04,774.69,774.69,350000000.0,24.97,4.31,0.004251954213712716,0.004242940198814223,767.4706,793.5517000000001,766.5036749840733,1.0094067447013606,0.9762312902864425,0,0.26366984112140285,0.2479463787993763,-1.2087895318252146,53.310097297817165,-0.9739083690137704,-2.9380909880275867,1.9641826190138163,768.531,812.8703691762657,724.1916308237342,0.115387327710159,0.5694529502093985,20.547142857142855,0.026523051616960145,0.0721165822469485,0.0,346153865.75,1.0111110538709909,765.77,-0.011514283132607975,0
2022-12-26,761.67,772.23,755.24,765.77,765.77,350000000.0,21.67,4.29,-0.011514283132607939,-0.011581085775410381,767.3911999999999,793.6935000000001,766.4338011760663,0.9978873878147158,0.9648182831281847,0,0.26567825129044736,0.2482304066487076,-1.2368850040356056,49.3370242000925,-0.9399186813121787,-2.5384565266845054,1.5985378453723267,767.2435,810.2474881994035,724.2395118005966,0.11209997399612356,0.48286786804923165,19.705714285714286,0.025733202248343873,0.05415525239871699,0.0,346712628.35,1.0094815457563358,777.32,0.01508285777713944,1
2022-12-27,772.12,783.14,766.33,777.32,777.32,350000000.0,22.68,4.32,0.015082857777139358,0.014970242439905752,767.3502000000001,794.0632,767.4705820164409,1.0129925032924993,0.9789145246877075,0,0.27165942974845975,0.24964633845703038,-1.1204457082869024,54.1064942659136,0.018790261261074193,-2.0270071690953895,2.0457974303564637,766.6655,808.7458624534332,724.5851375465667,0.10977502562298264,0.6265970559446098,19.86642857142857,0.025557593489719255,0.029140352967655714,0.0,346712628.35,1.0094815457563358,774.45,-0.003692173107600479,0
2022-12-28,774.97,780.71,768.71,774.45,774.45,328695433.0,27.93,4.26,-0.003692173107600505,-0.003699006002734905,767.7548000000002,794.3023,768.1352884910656,1.008720492532251,0.9750066190164628,0,0.27170548746079065,0.24384862963985754,-1.625722630801369,52.776933530387865,0.5407554981915155,-1.5134546356380085,2.0542101338295238,765.5305000000001,805.3104856976728,725.7505143023274,0.10392789235078354,0.6121103972632862,19.163571428571426,0.024744749730223288,0.026359732824427606,-0.06087019142857142,345647400.0,0.9509558960952693,764.45,-0.012912389437665438,0
2022-12-29,763.16,772.07,755.56,764.45,764.45,350000000.0,27.68,4.34,-0.012912389437665484,-0.012996478987145153,767.8824000000001,794.5028,767.7843086347737,0.995530044704762,0.9621740791851207,0,0.27161705052857515,0.24468992816756202,-1.7180473053486185,48.32138718542637,0.14581936760203007,-1.1815998349900008,1.3274192025920308,763.317,797.5129290282779,729.1210709717221,0.08959823776552356,0.5165662994350373,17.73857142857143,0.02320435794175084,0.0005104311179751075,0.06481552483268005,345647400.0,1.0125926015934157,770.35,0.007717967165936264,1
2022-12-30,769.07,778.99,760.45,770.35,770.35,329520087.0,26.41,4.36,0.0077179671659362015,0.007688336021161187,767.8412,794.6713000000001,768.0286601933667,1.0032673422577483,0.969394515694728,0,0.26744519756902985,0.2453192687525007,-1.5205591491356198,50.952332759204324,0.30538998474594337,-0.884201871042812,1.1895918557887555,761.9395,792.2709896123978,731.6080103876021,0.07961653021626527,0.63864304237672,18.01000000000001,0.02337898357889272,0.007810251445616201,-0.05851403714285719,344623404.35,0.9561744293644634,764.87,-0.007113649639774152,0
2023-01-02,766.47,770.88,760.47,764.87,764.87,208003576.0,10.7,4.09,-0.007113649639774122,-0.007139072282298022,768.0002000000001,794.8764500000001,767.727835413046,0.995924219811401,0.9622501710800464,0,0.2650080257264452,0.24494967854098734,-1.4733795954892117,48.4834105344132,-0.010221525865063086,-0.7094058020072622,0.6991842761421991,761.164,790.2790323987571,732.0489676012429,0.07650133847296728,0.5636440988400649,16.274285714285718,0.02127719182905032,0.0031345084461231743,-0.36876814432256444,338397218.9,0.6146728293930432,765.79,0.0012028187796618499,1
2023-01-03,768.49,774.42,759.88,765.79,765.79,216458710.0,14.1,4.13,0.001202818779661774,0.0012020959726992202,767.7810000000001,795.0538500000001,767.5432796594226,0.9974068126197443,0.9631926189653692,0,0.25484704352965304,0.24289507852245107,-1.1862006879332694,48.9308087717714,-0.18398870339945006,-0.6043223822856999,0.42033367888624984,761.5985,790.7175379215284,732.4794620784714,0.07646821237565533,0.5719718146376183,16.18214285714286,0.021131306046230508,-0.009429813214673843,0.04064898384247018,331720154.4,0.6525340927551432,766.46,0.0008749134880320621,1
2023-01-04,765.83,768.87,763.42,766.46,766.46,211013946.0,11.94,4.04,0.0008749134880321474,0.0008745309743210546,767.4848,795.2988499999999,767.440110168049,0.9986647292558759,0.9637383481693708,0,0.23190076091277076,0.24202479598517376,-0.9905757593279334,49.2762942504237,-0.26458704815252077,-0.5363753154590641,0.2717882673065434,761.7915,790.9895477177507,732.5934522822494,0.07665627069273509,0.579945413552117,15.128571428571433,0.01973823999761427,-0.0030566719995837044,-0.025153822638968926,324770851.7,0.6497317874909524,774.72,0.010776818098791836,1
2023-01-05,773.93,779.25,769.4,774.72,774.72,217910073.0,17.94,4.04,0.01077681809879194,0.010719162057187585,767.543,795.62395,768.1334330091872,1.0093506161869759,0.9737263439593542,0,0.23346989829691167,0.23982043840326975,-0.48181924985214675,53.45669542752746,0.3341987164785678,-0.3622605090715378,0.6964592255501056,763.0985,792.1463221124309,734.050677887569,0.07613125202681666,0.7000408146662165,14.875714285714293,0.019201407328730758,0.00429084403883806,0.03268090631317788,318166355.35,0.6848935135215264,778.78,0.005240603056588116,1
2023-01-06,779.94,785.28,773.45,778.78,778.78,223752369.0,13.54,3.95,0.005240603056588133,0.005226918884445227,767.71,795.8623,769.1473917702169,1.0144195073660627,0.9785361110835379,0,0.22305221919094115,0.2400757510687656,-0.3881747971169802,55.40228085447172,1.1233989740502466,-0.0651286124471809,1.1885275864974274,765.9085,788.6388388957924,743.1781611042076,0.05935523341433804,0.7831348018660524,14.660714285714286,0.018825232139646996,0.005279531167305507,0.026810582547049044,311853973.8,0.717490838014776,779.34,0.0007190734225327553,1
2023-01-09,776.17,783.44,772.08,779.34,779.34,242150203.0,12.29,3.99,0.0007190734225328566,0.0007188150131088391,767.7638,796.1178500000001,770.1181163635296,1.0150778142965324,0.9789254191449167,0,0.1789884577983802,0.23863992809433993,-0.15854596312104394,55.67749078745639,1.7735883613323722,0.30261478230872974,1.4709735790236425,768.554,782.5919506677144,754.5160493322855,0.03653081154400644,0.8841728844339926,14.111428571428576,0.018106896311531007,0.017720725544223548,0.0822240858598462,306959488.65,0.7888669741566564,785.84,0.00834039058690687,1
2023-01-10,786.37,790.47,781.75,785.84,785.84,221879716.0,15.07,4.01,0.008340390586906832,0.008305801719366504,767.9428,796.3965,771.615438614622,1.0233053815987336,0.9867446680139856,0,0.1796436424184358,0.23915754825188282,-0.06628367208094542,58.85154950158244,2.7813026862817196,0.7983523631033278,1.9829503231783918,770.0805,784.6829691135562,755.4780308864439,0.037924526367145196,1.039617645358692,13.997857142857145,0.01781260452872995,0.010960736890855749,-0.08371038615235027,301250948.85,0.7365278577445383,796.49,0.013552377074213551,1
2023-01-11,797.81,802.36,791.96,796.49,796.49,199751550.0,13.4,4.07,0.01355237707421364,0.013461364976866192,768.2144000000001,796.6805499999999,773.9844444608485,1.0368069122370005,0.9997608200677174,0,0.1295200141634299,0.23489523058535766,0.5970006707590768,63.46778122744355,4.388699349005265,1.5164217602837153,2.8722775887215493,772.177,789.2312294183728,755.1227705816273,0.04417181402282293,1.2128143817683854,14.033571428571431,0.017619268827695805,0.028458906320614652,-0.099730459362946,293738526.35,0.6800318381184661,801.26,0.005988775753618981,1
2023-01-12,802.9,808.86,795.31,801.26,801.26,247451187.0,18.71,3.99,0.005988775753619002,0.005970914312738697,768.8242,796.96235,776.5821164169581,1.0421888384886948,1.0053925383049775,0,0.1293629600056361,0.23501719534433727,0.6235673430377446,65.34310893924945,5.978554861406792,2.4088483805083305,3.5697064808984615,774.037,795.0245412667358,753.0494587332643,0.05422878045031093,1.1485514347027999,13.845000000000002,0.017279035519057486,0.048152266335273586,0.23879482787492767,288611085.7,0.8573862864616916,802.1,0.0010483488505604072,1
2023-01-13,797.44,807.36,792.21,802.1,802.1,212850922.0,13.16,4.05,0.0010483488505603766,0.0010477997166598932,769.4227999999999,797.2427499999999,779.0123910439145,1.0424697578496505,1.0060925608918991,0,0.12455336570493346,0.23379976693721932,0.43062036080490446,65.67724919316905,7.223045022275187,3.371687708861702,3.851357313413485,775.923,799.8324767382443,752.0135232617557,0.061628477924261724,1.047418922746254,13.53785714285714,0.016878016634904798,0.04121503212825339,-0.13982662770577048,282098370.15,0.7545273015466942,793.44,-0.010796658770726802,0
2023-01-16,791.63,795.72,789.35,793.44,793.44,226472392.0,11.5,4.01,-0.010796658770726775,-0.010855365632055058,770.2072000000001,797.4614,780.3864490397322,1.0301643505799478,0.9949572480874936,0,0.13254265781341495,0.2253343414955002,0.8278891913531713,59.32668157855574,7.424932811875578,4.1823367294644775,3.242596082411101,777.471,801.722335633361,753.219664366639,0.06238518384178913,0.8292395981935792,13.20785714285714,0.01664632126292743,0.03735275275537031,0.06399535351789543,275921989.75,0.8207841361436834,786.62,-0.008595482960274311,0
2023-01-17,784.54,789.04,782.13,786.62,786.62,235314388.0,9.62,4.0,-0.008595482960274348,-0.008632637182797526,770.8956,797.5025,780.9801205597578,1.0203975739386761,0.9863542747514897,0,0.13666435100473237,0.225961328164074,0.5830007299004505,54.83024050231544,6.954446803022506,4.7367587441760834,2.2176880588464227,778.148,802.6380036320265,753.6579963679735,0.06294433355093129,0.672968532929245,13.158571428571431,0.01672798991707741,0.02720066859060588,0.039042268781265044,270187709.15,0.8709292837201585,785.2,-0.0018051918334137946,0
2023-01-18,785.44,790.0,780.64,785.2,785.2,230993182.0,14.92,4.02,-0.0018051918334137662,-0.001806823155720234,771.785,797.5435500000001,781.3820138397808,1.0173817837869357,0.9845230395255531,0,0.1293712328650153,0.2229468479461736,0.2189993400254215,53.91400088886854,6.393303100325397,5.068067615405947,1.3252354849194505,778.9675,803.2377424467288,754.6972575532711,0.06231387688625697,0.6283979756908381,12.477857142857138,0.01589131067607888,0.024450069149074993,-0.018363543499091084,265110886.7,0.8713077945433163,781.65,-0.0045211411105451705,0
2023-01-19,782.78,788.82,775.61,781.65,781.65,246648142.0,13.6,3.99,-0.004521141110545135,-0.004531392378972727,772.7898000000001,797.55785,781.4075363312303,1.011465213438376,0.9800542995094337,0,0.12880200945675604,0.21930124831520303,0.505935774922194,51.59285127137981,5.597611560031851,5.173976404331127,0.4236351557007234,779.4795000000001,803.5093029648242,755.4496970351761,0.06165602293528752,0.5451626674307724,12.097142857142858,0.015476418930650366,0.008945167286245281,0.0677723899227467,259943293.8,0.9488536457100167,781.08,-0.0007292266359623058,0
2023-01-20,784.59,787.29,778.39,781.08,781.08,235882555.0,11.43,3.98,-0.0007292266359623101,-0.0007294926510369891,773.5044,797.50685,781.3763423949226,1.0097938680116105,0.9794022458866655,0,0.12855894367884096,0.21305162355825755,0.015270714180304975,51.211608884028315,4.864945976496756,5.112170318764253,-0.24722434226749712,779.7990000000001,803.7303930797771,755.8676069202231,0.06137836309035091,0.5267640081628947,11.989285714285716,0.015349625792858241,0.002953337271116352,-0.04364754955259298,254237421.55,0.9278042294556932,782.22,0.00145951759102779,1
2023-01-23,781.06,786.91,776.37,782.22,782.22,212427082.0,17.97,3.92,0.0014595175910276925,0.0014584535304460302,773.993,797.39455,781.4566907382633,1.010629295096984,0.9809698348201653,0,0.12792857389109524,0.21276056462925305,-0.0666336540559123,51.975946342899334,4.32641942556188,4.955020140123779,-0.6286007145618981,780.6215,803.6359039794273,757.6070960205726,0.058964309795202605,0.5347282510747233,11.703571428571431,0.014961994616056136,0.0036954345985065196,-0.09943708215302316,247358775.65,0.8587812639425958,786.7,0.005727288997980131,1
2023-01-24,785.53,791.39,780.85,786.7,786.7,265624838.0,16.67,3.99,0.005727288997980029,0.005710950432454335,774.4364000000002,797.2312000000001,781.9560535250954,1.0158355159958905,0.9867902811631055,0,0.12131183129664123,0.2115853014737946,0.2701874080043071,54.96205147527683,4.21257190644701,4.806530493388425,-0.5939585869414143,781.0905,804.2037101439819,757.9772898560182,0.05918190054533314,0.6213483536997837,12.067142857142853,0.015338938422706054,0.0010943703552885875,0.25042831403201227,243140017.55,1.0924768397920188,786.95,0.00031778314478200076,1
2023-01-25,789.67,797.09,779.56,786.95,786.95,230900835.0,14.93,3.98,0.0003177831447820356,0.0003177326624131626,775.1633999999999,797.03075,782.4316674750863,1.0152053102610368,0.9873521190995455,0,0.11049450487604245,0.21153908001602303,0.3101248894967321,55.129720073432445,4.095311634702284,4.664286721651197,-0.568975086948913,781.7155,804.7485302643806,758.6824697356194,0.058929444956256204,0.6136302939583524,12.405714285714291,0.015764297967741647,-0.011977551507238005,-0.1307257380802619,238250287.65,0.9691523870863205,791.16,0.005349768092000664,1
2023-01-26,791.86,796.78,786.25,791.16,791.16,224921546.0,18.41,3.97,0.005349768092000717,0.005335508915598606,776.0637999999999,796.92995,783.2629372393639,1.0194522666821981,0.9927597776943883,0,0.11049858071240426,0.21120865300094213,0.2590355050532013,57.967539265768835,4.292611289207684,4.589951635162495,-0.29734034595481074,783.051,804.9378005404338,761.1641994595662,0.055901341139736355,0.6852486384278521,12.312857142857151,0.015563043054321695,-0.01260514689364256,-0.025895484526939905,231996364.95,0.969504612921307,792.37,0.0015293998685474953,1
2023-01-27,795.38,801.42,786.35,792.37,792.37,244368694.0,16.66,4.02,0.0015293998685474985,0.0015282315276571117,776.7096,796.7315,784.1302765499006,1.0201624905885032,0.994525759305362,0,0.0981577129721845,0.2112210680227134,0.28219887084672113,58.774549988336155,4.494796359954535,4.570920580120903,-0.07612422016636877,784.152,805.5587698097173,762.7452301902828,0.05459852122978702,0.6919486235512651,12.577857142857145,0.015873717004501867,-0.012130657025308578,0.0864619168143188,227738795.3,1.0730218085069496,779.15,-0.016684124840667905,0
2023-01-30,779.82,785.4,773.57,779.15,779.15,231865391.0,12.94,4.03,-0.016684124840667947,-0.016824872549242233,777.0702,796.54625,783.6559644975291,1.002676463464948,0.9781604018599045,0,0.11444191653794565,0.21340728035309872,-0.17859196597333846,47.94381668085009,3.547393821537412,4.366215228404205,-0.8188214068667934,784.866,804.4388871549643,765.2931128450357,0.049875742241196216,0.3539816850958487,13.125714285714285,0.01684619686288171,-0.01801018350473893,-0.0511657315646169,228931886.05,1.0128138766539463,773.32,-0.00748251299493028,0
2023-01-31,770.64,775.69,768.27,773.32,773.32,234486493.0,12.4,4.01,-0.0074825129949303015,-0.007510647427322116,776.7528,796.31575,782.6715869263359,0.9955805759567266,0.9711223217674648,0,0.11476048305716917,0.21163170785381025,-0.02843558233956508,44.085596128150485,2.2996295099964073,3.952898084722646,-1.6532685747262388,785.2425000000001,803.5169940170986,766.9680059829016,0.0465448419235465,0.17379397785190287,12.722857142857142,0.01645225410290325,-0.016907782665073312,0.011304412395034769,229833275.2,1.0202460579128536,773.05,-0.00034914395075789516,0
2023-02-01,769.96,779.46,763.58,773.05,773.05,271113219.0,17.04,4.04,-0.00034914395075791305,-0.00034920491569786144,776.3448000000001,796.1367,781.7552453143039,0.9957560094432266,0.9710015880438623,0,0.11477487632318975,0.21160629423012176,-0.06940368705817841,43.90936141277935,1.274291322777799,3.417176732333677,-2.142885409555878,785.572,802.6168307954093,768.5271692045907,0.04339470041037009,0.1326745583328036,12.889285714285709,0.016673288550916123,-0.015473764645950183,0.1561997261820962,232838238.85,1.1643844255953923,765.41,-0.009882931246361797,0
2023-02-02,761.85,770.99,756.29,765.41,765.41,222685375.0,15.99,4.02,-0.009882931246361748,-0.009932091578330034,775.7494,795.9272,780.1985552843702,0.9866717267199948,0.9616583024176081,0,0.12022253525617785,0.2072554957526814,0.18708626145832502,39.14127626478867,-0.1530168446757898,2.7031380169317836,-2.8561548616075734,785.1065000000001,803.8255095048892,766.387490495111,0.04768527455794909,-0.026109567785347912,13.004285714285711,0.01698996056268629,-0.020776562400051213,-0.17862590462621453,233077003.95,0.9554154688197845,770.28,0.0063626030493461085,1
2023-02-03,771.81,777.84,764.26,770.28,770.28,221939184.0,15.42,3.98,0.006362603049346216,0.006342447141413714,775.3442,795.7244000000001,779.253930971573,0.9934684492384156,0.968023602141646,0,0.1161217876869547,0.2075129362877042,0.3611632975570531,43.36315920594231,-0.8810444192372415,1.9863015296979787,-2.8673459489352204,784.6814999999999,804.3663552793876,764.9966447206123,0.05017285428384017,0.13419847909132968,13.063571428571427,0.01695951008538639,-0.01382700875710563,-0.003350875646862761,232986344.7,0.9525845142803342,781.71,0.014838759931453581,1
2023-02-06,784.5,795.46,770.79,781.71,781.71,229540123.0,12.88,3.97,0.014838759931453671,0.014729742664217092,775.148,795.56155,779.4878423076137,1.0084654801405668,0.9825889649895725,0,0.12616394692639255,0.20697907229192095,0.9435672682028569,51.81244815293657,-0.5296011295718017,1.4831209978440227,-2.0127221274158247,784.8,804.3777080536408,765.2222919463591,0.04989222235885817,0.4210837143971419,14.054285714285713,0.01797889973811991,-0.0006519904886093109,0.034247846022539274,232355840.7,0.987881872512792,791.08,0.011986542323879705,1
2023-02-07,795.47,797.98,788.59,791.08,791.08,246251528.0,16.52,4.0,0.011986542323879634,0.011915272677920133,775.192,795.4216499999999,780.5918573259362,1.0204955675497167,0.9945416999901878,0,0.13261093500487223,0.20628730917792115,1.4232219037347318,57.420359918052036,0.49924590511841416,1.286345979298901,-0.7871000741804868,785.062,804.8375591843734,765.2864408156266,0.05037961125197293,0.6521575178542433,14.54785714285714,0.01838986846192185,0.005567560696580598,0.07280385137721646,233574431.3,1.054274334007551,790.32,-0.0009607119381099141,0
2023-02-08,792.32,800.24,782.41,790.32,790.32,201135654.0,13.11,4.01,-0.0009607119381098705,-0.0009611737176056239,775.0554,795.1745999999999,781.5183471044185,1.0196948502003857,0.9938949257182009,0,0.12978302123797225,0.2031554449105228,1.0510794434536257,56.84253214710911,1.2390064490482473,1.2768780732487703,-0.037871624200523035,784.7535,803.9628149279723,765.5441850720277,0.04895630265541424,0.6448906434255312,14.87785714285714,0.018825105201509693,0.004282355931126469,-0.1832105342306749,233643636.5,0.8608651064203069,801.75,0.014462496204069173,1
2023-02-09,804.55,809.68,796.64,801.75,801.75,193102771.0,14.75,4.05,0.014462496204069142,0.014358911837045669,774.916,794.95795,783.445171189712,1.0346282693866173,1.0085439110332817,0,0.13098647518591341,0.20250445223595928,1.0104798921726792,62.89080475372668,2.716266060969815,1.5647556707929793,1.1515103901768358,784.778,804.0769987196478,765.4790012803522,0.0491833326612703,0.9397119313185285,15.624999999999991,0.01948861864671031,0.013385408766874107,-0.039937638306533185,230926215.7,0.8362098275185134,803.59,0.002294979731836647,1
2023-02-10,802.19,809.55,796.24,803.59,803.59,217225482.0,18.62,4.04,0.002294979731836566,0.0022923502880967343,775.0298000000001,794.77075,785.3637263145013,1.036850454008349,1.0110965960939051,0,0.12959910433748037,0.20188472724160927,0.8828121228420975,63.77101781851745,3.9894892206125405,2.0497023807568917,1.9397868398556488,784.8525000000001,804.4423608308084,765.2626391691917,0.04991985329927183,0.9782448471903858,15.822857142857133,0.019690211603998472,0.014160051491096448,0.12492162010456087,231144943.7,0.939780375563543,801.92,-0.002078174193307623,0
2023-02-13,799.13,807.38,793.69,801.92,801.92,198906348.0,13.35,3.95,-0.0020781741933075804,-0.002080336593712332,775.4606,794.5136500000001,786.9405142845487,1.0341208824793935,1.0093218662763062,0,0.12978454173696,0.1982286316954581,1.224878916623444,62.32604663383517,4.808345095311211,2.6014309236677553,2.2069141716434553,785.2765,805.984146464707,764.5688535352931,0.05273975845369264,0.9018684602198603,16.047857142857133,0.020011793125071245,0.029224154527369484,-0.08433234366122844,229766641.5,0.8656885381684094,798.26,-0.004564046288906585,0
2023-02-14,800.29,805.21,793.36,798.26,798.26,220065451.0,11.07,3.97,-0.004564046288906609,-0.004574493347529059,776.2838,794.1602,788.0185605431632,1.0283094919667266,1.0051624344811034,0,0.12494442849864275,0.19804799511964472,1.253929247470212,59.16210299464309,5.103137075826794,3.101772154099563,2.001364921727231,785.8585,807.3640598931491,764.352940106851,0.054731379486565916,0.7883324140554528,15.642142857142842,0.019595298345329644,0.03225055604406957,0.10637721326018212,229004194.65,0.9609668999135077,796.85,-0.0017663417934006065,0
2023-02-15,797.84,802.53,792.16,796.85,796.85,236293744.0,12.37,4.01,-0.0017663417934006276,-0.0017679036144770462,776.9688000000001,793.8880499999999,788.8596500152429,1.0255881574652674,1.003730941661107,0,0.12098267980984814,0.19488706287688579,0.8546110635971671,57.941783007446546,5.1634654129733235,3.5141108058743153,1.6493546070990082,786.441,808.4955571374345,764.3864428625656,0.05608699733967692,0.7359829747294316,15.630714285714273,0.01961562939789706,0.030787141840760812,0.0737430292954071,229269222.75,1.0306387449904677,794.82,-0.0025475309029302537,0
2023-02-16,795.08,801.04,788.87,794.82,794.82,211911894.0,17.49,4.03,-0.0025475309029302506,-0.002550781381417431,777.8936,793.56875,789.4273023947435,1.0217592740189663,1.0015767379952902,0,0.12119910114951277,0.19499995591758162,0.7738408594124389,56.146173512128165,4.989950971558528,3.809278839011158,1.1806721325473704,787.0995,809.3374386351096,764.8615613648905,0.05650604182846341,0.6735884815136866,15.423571428571417,0.01940511238842935,0.038423851269254516,-0.10318449226484816,227532410.35,0.9313481700212649,796.8,0.002491130067184903,1
2023-02-17,797.72,801.05,793.48,796.8,796.8,202530534.0,15.64,4.02,0.0024911300671848213,0.0024880323461630945,779.3779999999999,793.2148000000001,790.1294640714345,1.0223537230971365,1.0045198349803859,0,0.1198872755282572,0.18071716312224417,0.07397100040722451,57.528687565978856,4.955089788438045,4.038441028896536,0.9166487595415092,787.8855,810.3378237339634,765.4331762660365,0.056993874703710014,0.6985206543636409,14.621428571428558,0.018350186460126202,0.03442903879108883,-0.04427009651473357,225864809.3,0.8966891948669756,798.71,0.0023970883534137574,1
2023-02-20,799.48,806.08,792.12,798.71,798.71,228713400.0,14.68,3.97,0.002397088353413679,0.002394219920137472,780.8236,792.8949,790.9466579693932,1.0229070945089263,1.0073340111028586,0,0.11982739584379176,0.18046692219911487,0.007727642754161595,58.87552532799689,5.023673308347156,4.23548748478666,0.7881858235604966,788.71,811.4949599517331,765.925040048267,0.05777778892547117,0.7194430014462224,14.841428571428562,0.018581748784200224,0.02174719525143587,0.1292786104044934,226679125.2,1.0089742485030555,799.49,0.0009765747267468452,1
2023-02-21,802.57,807.51,794.57,799.49,799.49,242594510.0,13.73,3.91,0.0009765747267469482,0.0009760981878737989,781.7072000000001,792.48685,791.7603095913557,1.0227486711136855,1.0088369289660768,0,0.11982033789531203,0.18042843433093594,-0.018702659323492667,59.44117929857095,5.0823792192919655,4.4048658316877205,0.677513387604245,789.3495,812.6099136045498,766.0890863954503,0.058935651709465256,0.7179776372785245,14.631428571428557,0.01830095257155006,0.010631036051979459,0.060692158832844845,225527608.8,1.0756754407622664,803.4,0.004890617768827587,1
2023-02-22,806.52,810.45,799.49,803.4,803.4,197837964.0,16.21,3.92,0.004890617768827488,0.004878697546782029,782.6840000000001,792.1128499999999,792.8688515350361,1.0264678976445154,1.0142494216575328,0,0.11944483024911097,0.18025756362237325,0.2194392643882042,62.244648763893736,5.382363859271095,4.600365437204395,0.7819984220666996,790.172,814.225017405679,766.1189825943211,0.06088045996478865,0.7749758954587926,14.217142857142846,0.0176962196379672,0.016550258123291695,-0.18449117418197136,223874465.25,0.8837004424737537,812.83,0.011737615135673467,1
2023-02-23,814.16,819.12,807.88,812.83,812.83,241854066.0,12.88,3.98,0.011737615135673396,0.011669263666717581,783.6594,791.78115,794.7699132936042,1.0372235693210596,1.0265841767008472,0,0.12501084482158853,0.1816923896677645,0.4489523081555853,67.99111294726848,6.30830779248231,4.941953908259979,1.366353884222331,791.2555,817.3606747038382,765.1503252961618,0.0659841851432444,0.9132226702913958,14.369999999999989,0.017678973463085747,0.013819769254755254,0.22248561959523605,224721091.25,1.0762410624418859,820.59,0.009546891723976712,1
2023-02-24,822.67,830.21,813.07,820.59,820.59,241802858.0,15.76,3.98,0.009546891723976714,0.009501608136718206,784.7836,791.5043499999999,797.2289691704038,1.0456258260238873,1.0367473027785634,0,0.1274312234407032,0.18241634954226216,0.7298333338100167,71.79542753107685,7.580904232548164,5.469743973117616,2.111160259430548,792.6665,821.8897173559608,763.4432826440393,0.0737339533231791,0.9777622473749729,13.812857142857126,0.01683283630419226,0.021155066638459896,-0.0002117309865693473,224592799.45,1.0766278286398554,810.46,-0.012344776319477443,0
2023-02-27,811.71,816.53,805.65,810.46,810.46,244196489.0,13.17,3.91,-0.01234477631947739,-0.012421606022445688,785.7432000000001,791.1797499999999,798.4890673446512,1.0314565878521125,1.024368988210328,0,0.13650361371714528,0.18314754763665506,0.22858305252212313,61.51686361204662,7.683469486360082,5.91248907576611,1.770980410593972,794.232,823.7594363761831,764.7045636238169,0.07435468824259396,0.7747952750194529,13.717857142857131,0.016926013798160465,0.010649441340782273,0.009899101358016305,225209354.35,1.0843088188090622,792.8,-0.021790094514226588,0
2023-02-28,791.7,798.78,785.73,792.8,792.8,248823403.0,12.76,3.97,-0.021790094514226643,-0.02203100469039379,786.1376000000001,790.8468,797.9472514070653,1.0084748522396076,1.0024697577331032,0,0.14572493748945295,0.1860874969547271,-0.5551684670387562,48.484941677976394,6.26749104434532,5.983489469481952,0.2840015748633684,795.206,823.067104674553,767.344895325447,0.0700726721742993,0.45682152541039744,14.210714285714273,0.017924715294796008,-0.006839876731891903,0.018947504196098475,225926199.85,1.1013481533580534,800.25,0.009397073662966758,1
2023-03-01,802.07,806.55,795.78,800.25,800.25,266035243.0,13.41,3.99,0.009397073662966715,0.009353195834194219,786.7664000000001,790.6527500000001,798.1665607968686,1.017137996742108,1.012138388186217,0,0.1452685909390093,0.18512786230232847,-0.06575568387305575,53.00758468998825,5.680983820039273,5.922988339593417,-0.24200451955414337,796.566,822.4593321228316,770.6726678771685,0.06501239601690019,0.571138005374373,13.809999999999993,0.01725710715401436,0.004266800527075398,0.06917291457508123,225672301.05,1.1788564292658015,791.22,-0.011283973758200528,0
2023-03-02,787.91,797.76,781.4,791.22,791.22,221268389.0,14.06,3.9,-0.01128397375820056,-0.011348120802309724,787.1626,790.3090500000002,797.5049835781192,1.00515446236902,1.001152650346089,0,0.15196899617968945,0.18114352277511817,0.16881739380729976,47.55761214342349,4.43638717626618,5.62566810692797,-1.1892809306617895,797.8565,819.4229586313322,776.2900413686677,0.054060996260117476,0.34613839217198983,14.205714285714285,0.01795419009341812,-0.004529327394881877,-0.1682741485495589,225601451.75,0.9807932851655508,790.37,-0.0010742903364424846,0
2023-03-03,792.87,799.32,783.94,790.37,790.37,229417502.0,14.88,4.01,-0.0010742903364424627,-0.0010748677999186172,787.4762,790.0228,796.825461332584,1.0036747777266157,1.000439480987131,0,0.1468893141388137,0.17053152315231604,0.8540428802044125,47.06705547072311,3.342912459050808,5.169116977352537,-1.8262045183017293,798.8610000000001,816.5405247614783,781.1814752385219,0.04426182968365228,0.2598634546229166,14.326428571428576,0.018126230210443937,-0.00806977911646578,0.036829088135133414,225975367.65,1.0152323431787986,782.83,-0.009539835773118873,0
2023-03-06,780.03,790.84,772.05,782.83,782.83,220212327.0,15.59,3.94,-0.009539835773118899,-0.009585631494914374,787.8174,789.76925,795.4925602532903,0.9936693452061354,0.9912135728252272,0,0.1506339039552782,0.17122857035637906,0.45829299394534634,42.845155200018745,1.846624148308706,4.504618411543771,-2.6579942632350653,798.917,816.373472303,781.4605276970001,0.043700340092845916,0.039225345166829025,14.822142857142865,0.018934050633142397,-0.019882059821462073,-0.04012411834211327,225508977.85,0.976512461275386,770.97,-0.015150160315777388,0
2023-03-07,771.63,776.71,765.9,770.97,770.97,227534594.0,9.0,4.02,-0.015150160315777428,-0.015266096452370223,787.6904000000001,789.6012,793.1570783244056,0.9787728782780646,0.9764042911788889,0,0.15127104980850078,0.1698978265652323,0.5381793691511345,37.19372189559471,-0.292822524190683,3.5451302243968805,-3.8379527485875635,797.9114999999999,819.1710769379631,776.6519230620368,0.05328805747989979,-0.13363208210782648,15.290714285714298,0.01983308596406384,-0.035672741372624994,0.03325094057972522,224573131.15,1.0131870755634695,775.48,0.00584977366175077,1
2023-03-08,773.51,781.76,767.24,775.48,775.48,254325283.0,12.98,3.93,0.005849773661750879,0.005832730170547264,787.7109999999999,789.5002000000001,791.4735470554145,0.9844727317506041,0.9822416764428938,0,0.14623965074516582,0.15434367514867695,1.6444388363722162,40.412482765053156,-1.6059180935370705,2.5149205608100904,-4.1208386543471605,797.1695,820.4815059197448,773.8574940802552,0.05848694893549133,0.03479979211775672,15.458571428571442,0.01993419743716336,-0.03475230271346774,0.11774336609227865,227232612.6,1.1192287941858572,781.53,0.007801619642028104,1
2023-03-09,782.83,788.37,776.0,781.53,781.53,203962246.0,14.02,3.9,0.007801619642028079,0.0077713443696658955,788.0526,789.5163,790.5265425739465,0.9917231413233076,0.9898845660311256,0,0.14931713953948253,0.15469351236114037,1.705047813390025,44.52005485445874,-2.133774529993161,1.5851815426494402,-3.7189560726426016,796.1585,820.3705294373663,771.9464705626337,0.0608221338774524,0.19790842940200054,15.838571428571445,0.02026610805544438,-0.038507436979442256,-0.19802607277547002,227775586.35,0.8954526218915823,778.23,-0.0042224866607807185,0
2023-03-10,778.15,785.41,770.97,778.23,778.23,212431630.0,18.76,3.93,-0.004222486660780733,-0.004231426532114407,788.2102,789.4159,789.3554432811897,0.9873381491383898,0.9858301561952325,0,0.13944360848883672,0.13373615900816838,0.6572969227239303,42.78748822593773,-2.7862686094958917,0.710891512220374,-3.4971601217162656,794.8905,820.099536370695,769.681463629305,0.06342769569057195,0.1695530175136523,15.872857142857153,0.020396100308208567,-0.05162139436259283,0.04152427307551809,227535893.75,0.9336181052533388,761.01,-0.022127134651709682,0
2023-03-13,757.37,765.28,753.13,761.01,761.01,251600666.0,12.3,3.94,-0.02212713465170968,-0.022375611928741615,788.133,789.168,786.6558772544097,0.9655857577337834,0.9643193844656651,0,0.1560132203452006,0.1411740462885529,0.024226104968522885,35.10927735241262,-4.639404784496719,-0.35916774712304467,-4.2802370373736744,792.845,821.9849407578425,763.7050592421575,0.07350728265374885,-0.046243389176862944,16.74142857142859,0.02199896002868371,-0.06101473237420729,0.18438419928331773,230170609.65,1.0931050944453193,758.0,-0.003955269970171208,0
2023-03-14,758.96,765.21,751.75,758.0,758.0,245350638.0,15.41,3.93,-0.00395526997017126,-0.003963112737445039,787.9772,788.95305,783.9267460873231,0.9619567672770227,0.9607669303008589,0,0.15607826541940353,0.13912291050906112,-0.45078003887124285,33.962035489196325,-6.278535351411847,-1.5430412679808052,-4.735494083431042,790.832,823.718423754652,757.945576245348,0.0831691781683352,0.0008274501821362483,16.920000000000016,0.022321899736147777,-0.04389505549949535,-0.0248410630200796,231434869.0,1.060128229856323,761.4,0.004485488126649046,1
2023-03-15,760.08,766.39,755.1,761.4,761.4,221145196.0,18.74,3.94,0.004485488126648951,0.0044754583060251955,787.8759999999999,788.61185,781.7813416980542,0.9663957272464196,0.9654939879485707,0,0.15780562203693227,0.13942061010772955,-0.33272276807019247,36.486650817575516,-7.219979124904739,-2.6784288393655924,-4.541550285539147,789.0595,824.3161419125454,753.8028580874545,0.08936370935905531,0.10774057738230605,16.60357142857144,0.021806634395286892,-0.04854732895970015,-0.09865652764269561,230677441.6,0.9586771661160993,752.05,-0.012280010506960893,0
2023-03-16,754.04,759.15,746.95,752.05,752.05,242452035.0,11.72,3.96,-0.012280010506960926,-0.012356032847174726,787.4226,788.16205,778.9497853458586,0.9550779975073105,0.9541819477352405,0,0.16159768633904245,0.1414843494406962,-0.6045698996766365,32.77580983199229,-8.62116750442317,-3.866976572377108,-4.754190932046061,786.921,825.7172352487421,748.124764751258,0.09860261766732048,0.05058783698372694,16.394285714285722,0.021799462421761482,-0.0495058264452366,0.09634773617239234,232204448.65,1.0441317399799093,754.01,0.00260620969350447,1
2023-03-17,754.01,759.34,748.68,754.01,754.01,233471277.0,15.98,3.93,0.0026062096935044465,0.002602819418255782,786.9272,787.74765,776.574567693872,0.9581699552385532,0.9571720080662887,0,0.16264256633460236,0.13869098833998036,-0.9422319538115103,34.28461969201625,-9.464364468382882,-4.986454151578263,-4.4779103168046195,784.7815,825.9319107673035,743.6310892326966,0.10487100108055818,0.12610944306082095,16.088571428571438,0.02133734490069288,-0.04600377038602177,-0.03704138016412195,233751485.8,0.9988012533950703,754.62,0.0008090078380923511,1
2023-03-20,755.51,761.07,749.07,754.62,754.62,253754805.0,12.99,3.94,0.000809007838092457,0.0008086807676412279,786.4328,787.50395,774.4836564849318,0.959547974092637,0.9582428126233525,0,0.16210129059389505,0.13831026868727628,-0.7612772802614565,34.775278516981786,-9.968471896346955,-5.982857700532001,-3.9856141958149536,782.577,825.2802823094663,739.8737176905337,0.10913503031500223,0.17265982275588168,15.179285714285722,0.020115138366708703,-0.03603592095346375,0.08687804453136216,235003556.05,1.0797913413106413,759.29,0.006188545228061752,1
2023-03-21,757.1,764.37,752.04,759.29,759.29,228803917.0,13.74,3.85,0.00618854522806167,0.006169474820320159,785.9018,787.13735,773.036641581605,0.9661385175603364,0.9646219938616812,0,0.16407536284684773,0.13872379388305603,-0.6775983829759538,38.557551185626735,-9.87729142655985,-6.7617444457375715,-3.1155469808222787,780.567,823.7005546999616,737.4334453000384,0.11051851974245978,0.25335907104970923,15.077857142857154,0.01985783711474819,-0.015149746423336885,-0.09832676074843194,234314026.4,0.9764840821326094,760.83,0.0020282105651333185,1
2023-03-22,759.48,766.37,753.95,760.83,760.83,245448561.0,12.99,3.96,0.0020282105651332483,0.0020261565229694203,785.1886,786.87365,771.8741042881188,0.9689773896360697,0.9669023737165428,0,0.16438466034205979,0.13850395982810867,-0.7424945579292038,39.797331864672614,-9.57044300804796,-7.3234841581996495,-2.24695884984831,778.4385,821.0258340572896,735.8511659427104,0.10941733754750022,0.29326599809457676,14.618571428571434,0.019213978718730113,-0.01889152524887805,0.0727463245307991,236694556.25,1.0369843941013748,754.91,-0.007780976039325569,0
2023-03-23,753.87,762.26,746.53,754.91,754.91,273735208.0,13.17,3.93,-0.007780976039325593,-0.007811405784913742,784.2616,786.6896,770.258475308298,0.9625742226828394,0.9596033810539759,0,0.16325158247589053,0.13746714121032388,-0.6390477467011823,36.72920348802723,-9.693220537612092,-7.797431434082139,-1.8957891035299532,775.5425,816.1122932094125,734.9727067905875,0.1046230044371784,0.24571598265555297,14.643571428571436,0.019397771162882247,-0.03406139239696493,0.1152447049791423,238288613.35,1.14875488237424,763.81,0.011789484839252332,1
2023-03-24,765.77,772.41,757.18,763.81,763.81,237966735.0,21.8,4.02,0.011789484839252351,0.011720530292789412,783.4958,786.4884000000001,769.6443348027458,0.9748744026451704,0.9711649911174784,0,0.16331030860030002,0.13613127657571988,-0.7417394477564827,43.75012496619471,-8.968978197098522,-8.031740786685416,-0.9372374104131058,772.7035,807.5421943226504,737.8648056773495,0.0901735124083309,0.37236174929508975,14.551428571428573,0.0190511103172629,-0.01852922657826106,-0.13066814919913405,238096807.2,0.9994537003602458,763.44,-0.00048441366308360836,0
2023-03-27,767.28,773.78,756.98,763.44,763.44,228363242.0,17.11,3.89,-0.0004844136630836049,-0.00048453102928615446,782.8958,786.1290500000001,769.0534457739128,0.9751489278649854,0.9711382628590051,0,0.1572564147383225,0.135951887901855,-0.6479069384162981,43.5338460159845,-8.328856953709192,-8.091164020090172,-0.23769293361901944,770.3525000000001,800.4923654521791,740.212634547821,0.07824954277980511,0.3853262963075771,14.542142857142851,0.019048180416460822,0.0031931249260852557,-0.04035645150150924,237305144.85,0.962318967607499,763.98,0.0007073247406475474,1
2023-03-28,762.14,768.63,757.5,763.98,763.98,240142822.0,17.75,3.84,0.000707324740647497,0.0007070747044007328,782.443,785.6827000000001,768.5702604621116,0.9764033929628101,0.9723772713844914,0,0.15435923087870748,0.13347830505801256,-0.2511715739362827,43.96919599385542,-7.689344789188112,-8.010800173909761,0.3214553847216486,768.9114999999999,797.2334961198407,740.5895038801592,0.07366776571765123,0.4129386929588954,14.299999999999995,0.0187177674808241,0.007889182058047561,0.051582644811111855,236871115.8,1.013812178783176,758.31,-0.007421660252886296,0
2023-03-29,760.76,764.79,754.29,758.31,758.31,221107584.0,16.23,3.96,-0.007421660252886264,-0.007449337800609878,781.9051999999999,785.1732499999999,767.5930927990534,0.9698234517432548,0.9657868502270041,0,0.1393371031318922,0.13336615202956295,-0.7049837229665302,40.44328962566206,-7.552982326510005,-7.91923660442981,0.366254277919805,766.8145,791.3200761431348,742.3089238568651,0.0639152654080038,0.3264782686468483,14.129285714285711,0.018632598428460274,-0.0040583136327817515,-0.07926632093962815,234624732.85,0.9423882184720834,756.01,-0.0030330603579010623,0
2023-03-30,751.09,762.53,744.61,756.01,756.01,269289434.0,10.98,3.95,-0.003033060357901074,-0.0030376694075115985,781.3924,784.61505,766.4899411039055,0.9675164488418367,0.9635425677853108,0,0.13294431798792647,0.13275656058569288,-0.5851039570937077,39.07447431123426,-7.543547550035441,-7.844098793550937,0.30055124351549534,765.054,787.1142384870823,742.9937615129177,0.057669755303686975,0.2950158153187953,14.37785714285714,0.019018077992165632,0.005265607339937528,0.21791134039074844,237025785.1,1.1361187302317683,750.73,-0.006984034602716859,0
2023-03-31,748.04,757.09,741.7,750.73,750.73,230651243.0,15.99,3.88,-0.006984034602716904,-0.00700853712332992,780.7854000000001,783.9747500000001,764.988994332105,0.9615061961968038,0.9575946164082452,0,0.13024115813796613,0.13342542509497213,-0.8273094576630139,36.05741569076207,-7.8713858584951595,-7.849556206539782,-0.021829651955377116,763.0719999999999,782.5240610192437,743.619938980756,0.05098355337168276,0.1827585522178668,13.684285714285709,0.018227972392585494,-0.0043500749326931265,-0.1434820164537165,237087472.15,0.9728529344396234,750.27,-0.0006127369360489608,0
2023-04-03,748.11,757.44,740.97,750.27,750.27,222723666.0,17.68,3.85,-0.0006127369360489077,-0.0006129247360438878,780.1464,783.2825,763.587185348095,0.9617041109207195,0.9578536479494946,0,0.13031309893390078,0.1334062428984795,-0.8718074642283897,35.79808199077266,-8.07523198781837,-7.8946913627955,-0.1805406250228696,761.444,779.3197270297944,743.5682729702055,0.046952177782662904,0.1874532716469907,13.899285714285709,0.018525711696170323,-0.0057644907370597576,-0.034370406579599444,237213039.1,0.9389183109201185,762.64,0.016487397870100104,1
2023-04-04,759.55,767.08,755.13,762.64,762.64,212875442.0,12.87,4.0,0.016487397870100118,0.016352956439418802,779.6651999999999,782.6360500000001,763.496977219705,0.9781634475926334,0.9744503846966925,0,0.14302626028990004,0.13580152825420963,-0.6881799796982557,46.865314294076924,-7.156134431159103,-7.7469799764682215,0.5908455453091186,761.0275,778.3482449396604,743.7067550603397,0.045519366749920596,0.5465482288744167,14.293571428571429,0.018742226251667143,0.0044120164890886215,-0.04421723194875937,236480081.5,0.900183392401275,754.0,-0.011329067449910819,0
2023-04-05,750.42,758.89,745.55,754.0,754.0,246701353.0,17.41,3.99,-0.011329067449910801,-0.0113937301773666,779.0061999999999,781.943,762.5925031987807,0.9678998703733039,0.964264658677167,0,0.1388844524102626,0.13713370217558865,-1.164855276916523,41.48606147467827,-7.043723132566811,-7.60632860768794,0.5626054751211296,759.9535,776.126775259921,743.7802247400789,0.04256385491980704,0.31594637126255887,14.482142857142865,0.019207086017430854,-0.008977038234559642,0.15890001534324472,236098885.0,1.0449068956848313,743.84,-0.013474801061007916,0
2023-04-06,744.76,747.7,740.9,743.84,743.84,242675779.0,16.76,3.8,-0.013474801061007957,-0.013566410065681465,778.0598000000001,781.20765,760.8065505131825,0.9560190617739149,0.9521668150587108,0,0.1429104049145427,0.13954779650021656,-1.5513412258768815,36.221084030978886,-7.685865583725786,-7.6222360028955105,-0.06362958083027515,758.0690000000001,772.3264315248497,743.8115684751505,0.037615128767515355,0.0009970773767706638,14.656428571428576,0.019703738131088104,-0.014663999682081208,-0.016317600009271183,238034561.65,1.0194980817820243,754.47,0.014290707679070761,1
2023-04-07,753.98,759.14,749.31,754.47,754.47,218796298.0,19.63,3.9,0.014290707679070813,0.014189558043710826,777.3018000000001,780.5828000000001,760.203069511927,0.9706268530447246,0.9665470466425854,0,0.15007387230133157,0.14160712624177593,-1.3605778829539024,44.200142348383935,-7.253403223993132,-7.548469447115035,0.29506622312190256,756.8810000000001,767.5808591235915,746.1811408764087,0.028273557200081047,0.38733496522998423,14.892142857142858,0.0197385487257848,-0.012228171927573528,-0.0984007596407056,238352795.05,0.917951467504723,753.76,-0.0009410579612178567,0
2023-04-10,754.62,761.18,747.21,753.76,753.76,237587898.0,13.96,4.0,-0.000941057961217906,-0.0009415010342545073,776.794,779.9780499999999,759.5894438441244,0.9703473507776836,0.9663861694569482,0,0.1497909557995344,0.13865270032231766,-1.8076109977287207,43.805941735421044,-6.888557748715584,-7.416487107435145,0.527929358719561,756.5185,767.120158807716,745.916841192284,0.02802749386221757,0.36990243459060135,15.009285714285706,0.019912552688237245,-0.01267945090642364,0.08588627948357708,237652156.65,0.999729610490787,749.95,-0.005054659308002475,0
2023-04-11,751.5,756.06,745.4,749.95,749.95,201100270.0,12.26,3.89,-0.005054659308002529,-0.005067477310362496,776.3266,779.4749499999999,758.6714015732554,0.966023835844347,0.9621220027660929,0,0.13057961145996852,0.13820135010157403,-2.133032765710667,41.658842412564255,-6.828139695450091,-7.298817625038135,0.4706779295880441,756.116,767.085692986226,745.1463070137739,0.02901589964029737,0.21895293660628656,14.88357142857142,0.019846084977093698,-0.01836435508782952,-0.15357528016852107,235439638.25,0.8541478890078102,757.72,0.010360690712714156,1
2023-04-12,758.32,764.43,751.62,757.72,757.72,230736985.0,14.1,3.89,0.01036069071271406,0.010307386618709457,776.02,779.0212000000001,758.580791899612,0.976418133553259,0.9726564565893713,0,0.1353635620712719,0.1400089329811346,-1.8392629879998161,47.328720354735296,-6.0831609962197035,-7.055686299274449,0.9725253030547458,755.932,766.6490530121245,745.2149469878756,0.028354542504114816,0.583418454559933,14.794285714285698,0.019524739632431107,-0.0007780459178963195,0.1473728255064004,235919227.7,0.978033826447627,754.32,-0.004487145647468692,0
2023-04-13,755.81,760.76,749.37,754.32,754.32,235423236.0,18.59,3.9,-0.00448714564746866,-0.004497243102656129,775.7982000000001,778.6208,758.175002194887,0.9723147076133973,0.9687899424212659,0,0.13519991082284782,0.13875276382537222,-1.6738963018313529,45.256106315957105,-5.701389525355808,-6.784826944490721,1.0834374191349134,756.0455,766.636790314586,745.4542096854138,0.028017600302024406,0.4185415587163107,14.357857142857126,0.01903417268912017,-0.002235420166399882,0.02030992560642142,235567787.75,0.9993863687757114,767.55,0.017538975501113458,1
2023-04-14,767.39,773.29,761.64,767.55,767.55,257378271.0,10.43,3.86,0.017538975501113496,0.01738694276178857,775.7436,778.36325,759.0678591287074,0.9894377472144146,0.9861077074232371,0,0.1415263686823576,0.14255071899288693,-0.8958053345671245,53.7444529286144,-4.281923107723401,-6.284246177137257,2.0023230694138565,756.7225,768.4373306815027,745.0076693184973,0.03096202552847896,0.9621278912777674,14.512857142857124,0.01890802832761009,0.022404859270310107,0.09325772329456883,236763137.45,1.087070706073717,772.98,0.007074457690052848,1
2023-04-17,770.22,776.71,766.5,772.98,772.98,214010670.0,9.83,3.82,0.007074457690052771,0.007049551112277857,775.5690000000001,778.1247500000001,760.3928249259734,0.9966618057194137,0.9933882709681191,0,0.14300023333251036,0.14328656894566505,-0.6430983384153539,56.711245486920426,-2.6878463063562776,-5.564966202981062,2.8771198966247846,757.6405000000001,771.3664515632742,743.914548436726,0.036233415619296876,1.058777288708507,14.44714285714284,0.018690189729543893,0.030269103122875896,-0.1684975224656785,234775930.7,0.9115528553626132,770.32,-0.0034412274573727237,0
2023-04-18,772.77,778.22,764.89,770.32,770.32,205128828.0,15.22,3.96,-0.003441227457372742,-0.0034471620994598285,775.1538,777.7842999999999,761.3382701711188,0.9937640762388058,0.9904031233338088,0,0.14391011608558169,0.14317069890170014,-0.6134141904291639,54.85512130167091,-1.6204887405403952,-4.776070710492928,3.155581969952533,758.192,773.0376913473409,743.3463086526591,0.039160770220000536,0.9084686834494875,14.6492857142857,0.019017143153865535,0.010070282177698564,-0.04150186530419253,233592176.25,0.8781493939268867,786.17,0.020575864575760605,1
2023-04-19,784.78,789.22,781.73,786.17,786.17,211830010.0,13.89,3.81,0.02057586457576055,0.02036704109822936,775.0708,777.46485,763.7031968214884,1.0143202401638662,1.0111968406031475,0,0.15832862851330748,0.14906499560936723,-0.017278361287453487,62.690941276455106,0.49861463712761633,-3.7211336409688194,4.219748278096436,759.4590000000001,778.874554155354,740.0434458446462,0.051129960025039764,1.1878763228977005,14.719285714285702,0.018722777152887674,0.04266578249336872,0.03266816305312292,231911248.7,0.9134098116733568,782.64,-0.004490123001386434,0
2023-04-20,780.44,787.78,775.32,782.64,782.64,204110051.0,15.02,3.92,-0.0044901230013864035,-0.004500233881084586,774.6886,777.23695,765.5067018861085,1.0102639951071954,1.0069516123750937,0,0.15976468028257398,0.14932670049933516,-0.17662051462622966,60.18542397604941,1.8716031565298863,-2.6025862814690783,4.474189437998964,760.8455,782.7005030163281,738.990496983672,0.05744925353780585,0.9986158085340575,14.509999999999982,0.018539813962997014,0.0521617552161755,-0.036444123285458985,228429990.85,0.8935343832939614,788.63,0.0076535827455790776,1
2023-04-21,788.21,791.76,785.09,788.63,788.63,250891503.0,17.36,3.95,0.007653582745579035,0.00762444267069497,774.3893999999999,777.1077499999999,767.7089207540982,1.018389456260636,1.0148270944408933,0,0.15752634724844322,0.1496735556551172,-0.1246889287528897,62.895351855686904,3.4038123594060608,-1.4013065532940507,4.805118912700111,762.0865,787.2226934689182,736.9503065310818,0.06596677271906864,1.027993628625471,13.984999999999982,0.017733284303158618,0.0452768168383102,0.22919719911294334,229076229.25,1.0952315035978357,791.51,0.003651902666649754,1
2023-04-24,789.34,798.69,782.18,791.51,791.51,254601187.0,13.62,3.83,0.00365190266664972,0.003645250660174203,774.1812,776.9349000000001,769.975690206089,1.0223833903484094,1.0187597442205258,0,0.15371498631791994,0.14984328817303566,-0.03538596348412956,64.15849402922977,4.795214870384143,-0.16200226855841193,4.957217138942555,763.49,791.8697488954724,735.1102511045276,0.07434216268827419,0.9936618731583726,13.963571428571413,0.017641686685665896,0.05008225429845048,0.01478600891477777,230388126.5,1.1050968245101815,801.6,0.01274778587762635,1
2023-04-25,800.6,808.25,793.95,801.6,801.6,233103790.0,10.32,3.85,0.012747785877626372,0.012667216850557784,774.2479999999999,776.8805500000001,772.9875292340805,1.0353271819882002,1.0318188555499297,0,0.1580724877759006,0.151609721348897,0.16033778252885106,68.23806283369781,6.635599004393953,1.197517986032061,5.438081018361892,765.371,798.4802830996097,732.2617169003903,0.08651825872568056,1.0471124199511892,13.93857142857141,0.01738843741089248,0.06887125808387218,-0.08443557256471079,230036174.9,1.013335359542183,813.72,0.015119760479041922,1
2023-04-26,814.56,820.86,807.42,813.72,813.72,248872661.0,20.11,3.96,0.015119760479041844,0.015006596153150639,774.5853999999999,776.9050500000001,776.8668121641681,1.050523286392953,1.0473866787196195,0,0.1639353803560677,0.1544840092699353,0.5093066111794917,72.31446537941291,8.968713650647715,2.751757118955192,6.216956531692523,768.1415000000001,807.4548743280116,728.8281256719886,0.10235971973382589,1.0796818611731933,14.378571428571409,0.01767017085554172,0.07390592831124954,0.06764742435118709,231424428.75,1.0753949457464091,814.73,0.0012412131937275608,1
2023-04-27,815.58,823.44,806.87,814.73,814.73,229844271.0,12.51,3.92,0.0012412131937276083,0.001240443525447251,774.9836,776.9025,780.472830053295,1.0512867627134304,1.0486901509520177,0,0.15964791421942504,0.15050295399382008,0.9993061792355791,72.6297137550755,10.775014713659857,4.356408637896125,6.418606075763732,771.0775000000001,815.068491362487,727.0865086375132,0.1141026456158552,0.9961527195341665,14.469285714285702,0.017759608354038395,0.08008537490720125,-0.07645833786459977,229452170.6,1.0017088546121604,809.99,-0.005817878315515581,0
2023-04-28,807.81,814.19,803.61,809.99,809.99,225835546.0,12.35,3.86,-0.005817878315515612,-0.005834868097934738,775.2474000000001,776.9425500000001,783.2839890958383,1.04481485523202,1.0425352556633691,0,0.16135974907164574,0.15016916349169568,1.0460261998311657,68.67736534602659,11.689296005607616,5.822986111438423,5.866309894169193,774.0405,820.1908476522426,727.8901523477573,0.11924530474098717,0.8894824397640656,14.26571428571428,0.017612210380022322,0.055292814800338874,-0.017441048160821926,229211385.75,0.9852719369111881,814.12,0.005098828380597286,1
2023-05-01,812.93,822.3,804.77,814.12,814.12,221671841.0,17.76,3.95,0.005098828380597276,0.005085873373414743,775.5556,777.0001000000001,786.2207520390917,1.0497248682106093,1.0477733529249222,0,0.15698984064281934,0.1503978284051758,1.1894257655132217,70.19905910129056,12.601860596101005,7.178761008370939,5.423099587730066,777.233,825.2555776287271,729.2104223712728,0.1235731823755949,0.8840589345734136,14.756428571428566,0.018125618546932353,0.05322259308132171,-0.018436889470003992,229158794.5,0.9673285351481459,809.94,-0.00513437822434033,0
2023-05-02,812.55,819.52,802.99,809.94,809.94,222068157.0,14.04,3.95,-0.005134378224340375,-0.00514760443588766,775.7646,777.125,788.4797280353687,1.0440538276688573,1.0422261540936144,0,0.15939556240931707,0.14931434731543866,1.3253406439630577,66.66883131140511,12.839774613198756,8.310963729336503,4.528810883862253,779.598,829.2265688522014,729.9694311477986,0.12731835856976992,0.8056908621479271,14.902857142857142,0.018399952024664965,0.05143317063038744,0.0017878499957961758,229618430.25,0.9671181740865507,825.54,0.019260685976738905,1
2023-05-03,826.76,832.12,820.19,825.54,825.54,200413472.0,14.84,3.9,0.0192606859767388,0.01907754681898925,776.2073999999999,777.3690000000001,792.009277746286,1.0635559516696182,1.0619667107898563,0,0.16245924721887173,0.15339038088831866,1.6265517897521404,72.27295836196558,14.124296710774502,9.473630325624104,4.650666385150398,783.175,835.285685236249,731.0643147637509,0.13307545628035253,0.906490528833266,15.673571428571424,0.018985841302143355,0.05007822735540657,-0.09751368810612504,227304036.2,0.8816978147438633,827.34,0.0021803910167890934,1
2023-05-04,832.49,839.93,819.94,827.34,827.34,232124458.0,16.21,3.84,0.0021803910167890184,0.002178017413924699,776.4976000000001,777.6056000000001,795.3741084371159,1.0654765706938436,1.0639583871309568,0,0.15304285610922966,0.15086611729238572,1.318285154344941,72.840390003849,15.113317764877593,10.601567813474801,4.511749951402791,787.35,839.5710467753933,735.1289532246068,0.13265014739398465,0.88289159705202,15.746428571428567,0.019032596721334113,0.05711438209138309,0.15822781614202053,226776470.15,1.023582639973462,825.4,-0.0023448642637852084,0
2023-05-05,828.33,832.39,821.35,825.4,825.4,226794156.0,17.71,3.87,-0.002344864263785218,-0.002347617763223449,776.5938000000001,777.93405,798.2337171573905,1.0628464971005434,1.0610153907005357,0,0.1409767642328832,0.1493179085008623,0.9481754639275686,71.15033486959165,15.56120243387727,11.593494737555295,3.967707696321975,790.8965000000001,843.3491534475263,738.4438465524738,0.13264100535900694,0.8289013780178766,15.805714285714275,0.019149157118626456,0.046625160087746975,-0.022963120930582837,227176363.05,0.9983175756277255,827.56,0.002616913011872993,1
2023-05-08,830.4,834.9,823.08,827.56,827.56,240543812.0,14.17,3.9,0.0026169130118729456,0.002613494857060976,776.9358,778.2499,801.0266964757343,1.0651587943302394,1.0633602394295198,0,0.13703215249277978,0.149325878499338,1.0440757980286148,71.93122296983077,15.907081277864222,12.45621204561708,3.4508692322471415,794.5865,846.418931739232,742.754068260768,0.13046391233469676,0.8180778799369373,15.697857142857126,0.01896884472770207,0.04554585539032985,0.06062614770373531,227324158.75,1.0581533142922057,818.37,-0.011104934989607934,0
2023-05-09,814.96,823.12,810.23,818.37,818.37,229136661.0,18.8,3.87,-0.011104934989607962,-0.011167055101501603,777.4472000000001,778.5244,802.6784396685216,1.0526374009707669,1.0511809263781584,0,0.146279808334075,0.14855346348150422,0.3612597915661062,63.994566642860974,15.263686283519291,13.017706893197523,2.245979390321768,798.0075,846.3495435406533,749.6654564593468,0.1211568651687926,0.7106085976916295,15.585714285714264,0.019044826039217304,0.020920658682634707,-0.04742234233820153,228725978.3,1.0017955227606954,812.01,-0.00777154587778146,0
2023-05-10,813.87,818.71,807.18,812.01,812.01,224652685.0,9.66,3.93,-0.007771545877781505,-0.007801901717259334,777.6823999999999,778.7366999999999,803.5671597000909,1.0441408986496288,1.0427272786809714,0,0.1486735800080603,0.14938491040172983,0.08982001867276175,59.13196461680782,14.078306316057933,13.229826777769606,0.848479538288327,800.722,845.5048555541201,755.9391444458798,0.11185618867488147,0.6260303732276787,15.519285714285704,0.019112185458659014,-0.00210145996165767,-0.019569002971549843,228421763.3,0.9834994781340084,821.61,0.011822514501052971,1
2023-05-11,821.48,825.72,817.38,821.61,821.61,212254121.0,16.9,3.8,0.011822514501052872,0.011753174556427128,778.2902,778.9866499999999,805.2855254429393,1.0556602151742371,1.0547164062439325,0,0.14956563867937359,0.1510970400184642,0.4569534512817969,63.62488571017146,13.75496524393236,13.334854471002158,0.4201107729302027,804.0865,844.0415022031652,764.1314977968348,0.09937986075656176,0.7192904396572967,15.84714285714285,0.019287913799908536,0.00844451536091717,-0.05518992127781597,227263307.55,0.9339568419037558,817.55,-0.004941517264882437,0
2023-05-12,816.2,824.99,808.77,817.55,817.55,228762681.0,12.9,3.8,-0.004941517264882456,-0.004953766932613437,778.8338,779.1347000000001,806.4535706388498,1.0497104773829795,1.0493050816501945,0,0.14989476779440197,0.15114962307672547,0.4469836769751782,60.591043783949104,13.021008959572782,13.272085368716285,-0.2510764091435025,806.5865000000001,843.0174309155116,770.1555690844887,0.0903335994725086,0.6504696658009549,15.82642857142856,0.019358361655468854,0.009333448561093194,0.07777733559293298,225832528.05,1.012974893277337,810.65,-0.00843985077365296,0
2023-05-15,811.06,816.28,805.43,810.65,810.65,240419151.0,18.43,3.89,-0.008439850773652946,-0.008475667984517241,779.3902,779.2438999999999,806.8532305780069,1.040108022913298,1.0403032991339425,1,0.1470609404541027,0.15212875710677487,0.26876199872434203,55.72759882965023,11.747157067728836,12.967099708518797,-1.2199426407899612,808.47,841.3026673011445,775.6373326988555,0.08122173315300234,0.5331986429776109,15.496428571428558,0.019116053255324193,-0.0042622709182922325,0.05095442118900495,227152952.1,1.0584020536706906,815.35,0.005797816566952502,1
2023-05-16,817.66,823.82,809.21,815.35,815.35,207491567.0,15.36,3.85,0.005797816566952552,0.005781073911208148,780.2778,779.4071500000001,807.6624467134347,1.0449483504464694,1.0461156277563015,1,0.1466424071285418,0.1524052423785632,0.48749232965875544,58.18941310080345,10.990182997848365,12.57171636638471,-1.5815333685363449,810.7215,838.2932286746349,783.1497713253651,0.06801775621986307,0.5839356148835559,15.164285714285702,0.018598498453775314,0.006679507123984463,-0.13695907278201813,227271089.05,0.9129694756483149,824.88,0.011688232047586893,1
2023-05-17,826.12,830.97,820.03,824.88,824.88,229030790.0,13.32,3.84,0.011688232047586844,0.011620452302401859,781.2658,779.6139,809.3022136931077,1.0558250469942496,1.0580622023286144,1,0.14816646725733554,0.15400743464272612,0.7214805087353838,62.71649793681793,11.032095814918307,12.263792256091431,-1.2316964411731242,812.6569999999999,838.3421987687836,786.9718012312162,0.06321288998618634,0.7379385908065709,15.096428571428557,0.01830136331518349,-0.0007994767061558772,0.10380770318246224,228131128.05,1.0039436176802792,831.02,0.007443506934341948,1
2023-05-18,828.83,834.03,825.83,831.02,831.02,231578251.0,16.66,3.78,0.007443506934341926,0.007415940744833392,782.2556000000001,779.8207000000001,811.3705742937641,1.0623381922737274,1.0656552204885044,1,0.1353046643830785,0.15457694454839543,0.8496040188834402,65.32174970840344,11.429012172281546,12.096836239329456,-0.6678240670479099,815.076,837.8002651667972,792.3517348332028,0.05575986820068141,0.8508144241875245,14.955714285714269,0.017996816304919578,0.0044479899436749015,0.011122788337760259,229504538.05,1.0090356076076727,839.3,0.009963659117710733,1
2023-05-19,841.17,847.39,833.1,839.3,839.3,214933866.0,17.23,3.87,0.0099636591177108,0.009914349134260333,783.477,780.0694,814.0305195991199,1.0712503366403863,1.0759299108515217,1,0.13491744152587498,0.1556889159944428,1.0744751830727377,68.51667189457457,12.270254193893493,12.131519830242263,0.1387343636512295,817.6095,839.1887390237617,796.0302609762383,0.05278617487623449,1.002577963363609,14.872857142857129,0.01772054943745637,0.016840319844923624,-0.07187369680929145,227706656.2,0.9439068211129439,834.4,-0.00583819849874893,0
2023-05-22,832.8,837.28,829.92,834.4,834.4,217212514.0,16.6,3.87,-0.005838198498748892,-0.005855307402219109,784.9448,780.2945499999998,815.9704701134895,1.0630046851702184,1.0693397768829733,1,0.13758651169978312,0.15602679185988078,0.7971486875617713,64.71678665616824,12.39863179835993,12.184942223865797,0.21368957449413273,819.7540000000001,838.7867212978748,800.7212787021255,0.04643520201877991,0.8847584318052975,14.362142857142844,0.01721253937816736,0.008265261733288343,0.01060162385019403,225837222.55,0.9618100663273499,824.57,-0.011780920421859933,0
2023-05-23,825.11,830.7,818.98,824.57,824.57,231535689.0,12.43,3.9,-0.011780920421859964,-0.011850865351347734,786.2761999999999,780.51815,816.7894729598238,1.0487027332125787,1.0564392384725456,1,0.14638275867455483,0.15632283272241032,0.19392636114669243,57.792317966198475,11.573758049171374,12.062705388926913,-0.48894733975553883,820.9024999999999,837.9960899035884,803.8089100964114,0.04164584686626655,0.6072770559045332,13.879285714285702,0.01683214974384916,0.00757603528966122,0.06594083709191811,225758817.5,1.0255886860321635,836.58,0.014565167299319634,1
2023-05-24,835.82,840.3,832.11,836.58,836.58,207665132.0,13.79,3.87,0.01456516729931967,0.014460114099769758,787.7798000000001,780.8464,818.6742850588882,1.0619464982473528,1.0713758813513132,1,0.1481897236442759,0.1578473340194002,0.3193318344919719,63.00106121974895,11.753657441696873,12.000895799480904,-0.24723835778403114,822.0455,840.1444856942455,803.9465143057544,0.044034024136677515,0.9015280260627999,13.574999999999989,0.01622678046331491,0.03025824805113242,-0.10309666342625912,223698441.05,0.9283262369878728,834.95,-0.001948408998541676,0
2023-05-25,834.4,843.7,825.66,834.95,834.95,233623665.0,14.99,3.86,-0.0019484089985416508,-0.0019503096165431955,789.4378,781.25545,820.2243531485179,1.0576514071152914,1.0687285445496733,1,0.14087687673305993,0.1558038159968556,0.5904802757287422,61.884828064471776,11.630630955023776,11.92684283058948,-0.29621187556570483,823.0565,841.6860761175186,804.4269238824814,0.04526925215339639,0.8192101614163028,14.074999999999998,0.016857296844122398,0.016236413870327704,0.12500188524667677,223887410.75,1.0434872787951075,833.86,-0.0013054673932571194,0
2023-05-26,835.78,842.91,826.74,833.86,833.86,211831298.0,14.9,3.92,-0.0013054673932570982,-0.0013063202581535414,791.0347999999999,781.55565,821.5229861819925,1.054138199735334,1.0669233854300715,1,0.14115814444744232,0.1491248540954666,1.1664421543491372,61.1051621801342,11.314748312131428,11.80442392689787,-0.4896756147664423,824.25,842.4074030140099,806.0925969859901,0.04405799942732878,0.7646303546773868,14.385714285714284,0.017251953907987293,0.019949850162069627,-0.09327979252444307,223187198.35,0.9491193919993933,844.69,0.012987791715635768,1
2023-05-29,842.05,850.68,836.08,844.69,844.69,246099939.0,16.87,3.8,0.0129877917156358,0.012904173580534924,792.8362000000001,781.9896500000001,823.7293684503742,1.0654029167689365,1.0801805369163133,1,0.1444663552915281,0.15013133160033634,1.2544919412463462,65.72557857827358,11.80225053422862,11.80398924836402,-0.0017387141354010538,825.7785,845.4306543215079,806.1263456784922,0.04759667228314628,0.9811559000002772,14.349285714285713,0.016987635362423745,0.04199099488065139,0.1617732663848379,224408603.25,1.096660000712339,849.74,0.005978524665853691,1
2023-05-30,854.69,862.54,841.94,849.74,849.74,268411985.0,9.96,3.89,0.005978524665853691,0.005960724199049212,794.6452,782.49405,826.2065714551004,1.0693325776082205,1.0859379697519744,1,0.1447330277186954,0.14839589147443402,1.7344827841391723,67.65507050236553,12.45254714089458,11.933700826870133,0.5188463140244473,827.7684999999999,848.6872775380617,806.8497224619381,0.050542579327521035,1.0251621410237213,14.997142857142844,0.017649096026011304,0.04217820567854291,0.090662541773324,226725794.65,1.18386170137523,854.04,0.005060371407724662,1
2023-05-31,849.37,858.63,844.81,854.04,854.04,212436755.0,15.84,3.78,0.00506037140772464,0.005047610759307983,796.5094,783.0660500000001,828.8573741736623,1.0722284005687817,1.0906359687027676,1,0.14262268465180025,0.14852490717312908,1.898437620170939,69.24281695428837,13.163149358186843,12.179590533133474,0.9835588250533682,829.1935,853.1372518715623,805.2497481284377,0.057751904402370345,1.0188514342334756,15.004999999999987,0.017569434686899896,0.035350596450392846,-0.208542215430507,227326958.8,0.934498733108464,871.67,0.02064306121493138,1
2023-06-01,870.11,878.54,863.25,871.67,871.67,236848637.0,14.28,3.82,0.020643061214931313,0.020432880816199844,798.8445999999999,783.67625,832.9347671095039,1.0911634127588772,1.1122832930052429,1,0.1447263935044998,0.15182399541425037,2.652518093807571,74.72169290882711,14.976263353408171,12.738925097188414,2.2373382562197577,831.4100000000001,861.9343667980817,800.8856332019185,0.07342795202858968,1.159473139363708,15.596428571428557,0.01789258385791476,0.04891579023368875,0.11491364571069629,227563167.75,1.0408039198162375,867.46,-0.004829809446235299,0
2023-06-02,868.43,874.73,861.16,867.46,867.46,214782016.0,12.9,3.79,-0.004829809446235345,-0.00484151066752826,800.9176,784.2864000000002,836.2228845276463,1.0830827041383533,1.1060500347832116,1,0.1470211748088696,0.1485210800535229,2.9897022080130555,71.4486377051262,15.890284137659478,13.369196905282626,2.5210872323768516,833.5129999999999,867.8511966850583,799.1748033149415,0.08239390791749426,0.9943037677598427,15.699999999999989,0.018098817236529625,0.03355176933158588,-0.09316760813785052,226962560.75,0.9463323611182863,875.57,0.00934913425402902,1
2023-06-05,877.1,883.57,869.11,875.57,875.57,245716698.0,13.14,3.89,0.009349134254029057,0.00930570159370112,803.1601999999999,784.86535,839.9702288583467,1.0901561108232207,1.1155671479190667,1,0.14794581586806135,0.14906167048990263,3.0728059716716984,73.8270279269228,17.07226299554668,14.10981012333544,2.962452872211241,835.9135,874.8976691351854,796.9293308648146,0.09327321340100092,1.0086231267553063,15.807142857142846,0.018053545527077042,0.04934084372003844,0.14402826910796862,227221205.05,1.0813986218668723,876.85,0.0014619048162910705,1
2023-06-06,876.58,884.91,868.53,876.85,876.85,205357977.0,14.46,3.85,0.0014619048162911596,0.0014608372737489493,805.4176000000001,785.4947999999999,843.4825880146946,1.0886898920510304,1.1163027431881154,1,0.14802332319354775,0.14859245175350919,2.911902091135475,74.19243512774167,17.90586736573698,14.869021571815749,3.0368457939212323,838.8375,880.9299120553156,796.7450879446843,0.10035891827741483,0.9515362525328134,15.86142857142856,0.0180891014100799,0.063402743247996,-0.16424899621595923,226032270.85,0.9085338842446975,879.81,0.003375719906483347,1
2023-06-07,879.66,887.04,872.43,879.81,879.81,235910268.0,9.0,3.85,0.003375719906483443,0.0033700349543181454,807.8476,786.1256500000001,846.9423415371047,1.0890791778053186,1.119172234107868,1,0.13911532645311384,0.14810217079987145,3.1268427043074185,75.0595849927069,18.591046090350687,15.613426475522738,2.9776196148279492,842.2275,886.1055654350068,798.3494345649931,0.10419528081178726,0.9282606767923681,16.251428571428562,0.01847152063676085,0.05167467546439064,0.14877576925097968,226595150.0,1.0411090793426072,892.84,0.014810015798865763,1
2023-06-08,893.94,900.57,886.22,892.84,892.84,212222693.0,13.25,3.79,0.014810015798865761,0.014701418421191853,810.5842,786.8750499999999,851.3135471049995,1.1014771815192055,1.1346655355256214,1,0.1380723705388139,0.14194920286393245,4.3034027143641165,78.48644731025475,19.955433454759145,16.48182787137002,3.4736055833891264,845.789,893.9727714108334,797.6052285891666,0.11393804225587335,0.9882453014920402,16.564999999999998,0.018553156220599432,0.06933349302353431,-0.10040925815064561,226593578.6,0.9365785840499542,897.78,0.0055329062317995845,1
2023-06-09,897.16,901.3,893.64,897.78,897.78,223877769.0,12.81,3.83,0.005532906231799695,0.005517655932571539,813.5251999999999,787.5228999999999,855.7389235711901,1.1035675354617165,1.1400049446181184,1,0.1356037384433175,0.1414416699593433,4.587284344212345,79.62923993762313,21.191059641064726,17.42367422530896,3.767385415755765,849.8004999999999,901.3281941276082,798.2728058723917,0.12127009604618404,0.9655700280339861,16.49928571428571,0.01837787176622971,0.07665555369006793,0.05491908445436611,226349333.0,0.9890807542163157,903.0,0.005814342043707843,1
2023-06-12,906.78,911.46,898.33,903.0,903.0,209457057.0,16.33,3.81,0.0058143420437077875,0.0057975039936023825,816.5798000000001,788.2725,860.239978469172,1.1058319101207255,1.1455429435886701,1,0.13145767218296417,0.14153368696124702,4.622003583080407,80.79042461901373,22.334059534710832,18.405751287189336,3.928308247521496,854.418,907.695307344665,801.140692655335,0.12471017077028496,0.9559352041269111,16.375,0.018133997785160574,0.06903124223087742,-0.06441332725626725,224801228.3,0.9317433831832848,912.63,0.01066445182724252,1
2023-06-13,914.92,921.04,906.53,912.63,912.63,241891133.0,12.99,3.86,0.010664451827242516,0.010607987645804097,819.5796,789.05495,865.2295043292509,1.1135343046605846,1.1566114628645319,1,0.12368329685804054,0.1390476062413344,5.364802307548365,82.74458393570522,23.743258203126288,19.473252670376727,4.270005532749561,859.2819999999999,915.2366769975306,803.3273230024693,0.13023588763052305,0.976707246486095,16.540000000000003,0.018123445426952874,0.07401087391437389,0.15484833246749963,226521206.6,1.0678520418935469,910.5,-0.0023339140725156912,0
2023-06-14,912.88,919.33,904.06,910.5,910.5,212852843.0,14.46,3.79,-0.002333914072515708,-0.002336641895126893,822.7096,789.7916499999999,869.5409801074175,1.1067088557128786,1.1528356877411912,1,0.12676125716333636,0.1394713447510193,5.206981045335881,80.78699431795482,24.406838262960378,20.45996978889346,3.9468684740669175,863.5629999999999,921.5015238988901,805.6244761011096,0.1341848224132418,0.905058645272063,16.342142857142864,0.01794853691064565,0.0661093157229169,-0.12004693863664695,225712309.25,0.943027182289129,904.51,-0.00657880285557387,0
2023-06-15,901.88,908.91,897.5,904.51,904.51,237159374.0,18.86,3.91,-0.006578802855573884,-0.006600538561476749,825.923,790.4765000000001,872.87136295433,1.0951505164525022,1.1442591905009192,1,0.13088921352246866,0.14072777098155861,4.950537955854944,75.38564072154341,24.17076180541767,21.202128192198302,2.9686336132193674,867.2375,925.8040893168956,808.6709106831044,0.13506470676562782,0.8182061686869416,16.115714285714294,0.017817065909403206,0.037674808126928916,0.11419406317255532,225991365.4,1.0494178553248388,896.89,-0.0084244508076196,0
2023-06-16,896.68,906.97,886.6,896.89,896.89,221478284.0,17.49,3.76,-0.008424450807619555,-0.008460137059380873,828.7714,791.1380499999999,875.1588521967748,1.0821922667698234,1.1336706659476183,1,0.13765379921596718,0.1423728159510395,4.482881626095862,69.06005279485545,23.1024880930363,21.5822001723659,1.5202879206703983,870.117,928.5629300640862,811.6710699359137,0.13434039345057988,0.7290407558739698,16.369285714285727,0.018251163146300802,0.03392663638669213,-0.06612047306213586,226318586.3,0.9786128820476818,882.0,-0.016601812931351656,0
2023-06-19,881.2,890.49,872.72,882.0,882.0,225496733.0,17.26,3.8,-0.016601812931351656,-0.016741167540013688,831.3362000000001,791.73655,875.8103900827962,1.060942612627719,1.1140069256623306,1,0.15233865354074702,0.14750604464029507,3.821848761453873,58.69568428068112,20.814439023870932,21.42864794266691,-0.6142089187959776,872.497,928.6506718957176,816.3433281042824,0.12871946126038997,0.5846160160021534,16.62428571428573,0.018848396501457743,0.007343787475587282,0.018143760767082684,226732797.25,0.9945483658959269,899.32,0.019637188208616835,1
2023-06-20,896.61,906.5,889.45,899.32,899.32,230085728.0,13.75,3.92,0.019637188208616818,0.01944686618601044,834.3236,792.4224,878.0494005511013,1.077903106180863,1.1348997706273827,1,0.16031247469884266,0.1499930939308284,4.48967355802392,65.23200634725967,20.166258824110287,21.176170118955586,-1.009911294845299,876.2344999999999,928.7921645620223,823.6768354379775,0.119962554685903,0.719620679416203,17.38714285714287,0.019333655269695847,0.02562581969550104,0.020350605256884036,226660299.2,1.015112610422249,891.29,-0.008928968554018687,0
2023-06-21,892.25,898.52,885.02,891.29,891.29,214168068.0,16.36,3.81,-0.008928968554018701,-0.008969070685994694,836.995,793.0804499999999,879.310410022425,1.064868965764431,1.123833023497175,1,0.15713257593187593,0.1506828326331137,3.9193552855431606,60.455338838818456,18.788040618325113,20.698544218829493,-1.9105036005043807,878.97,928.4419335636875,829.4980664363126,0.11256796833482638,0.6245150443080553,16.658571428571445,0.01869040539955732,0.013048271785953913,-0.06918143136631227,226985446.0,0.9435321593261975,890.36,-0.0010434314308473674,0
2023-06-22,888.92,896.16,883.13,890.36,890.36,231181424.0,14.42,3.77,-0.0010434314308473969,-0.0010439761843977896,839.7157999999998,793.6783,880.3627519250513,1.0603111195478283,1.1218147201454292,1,0.15285135350873758,0.15073193186613096,3.903370215181063,59.908193646077464,17.41994327056375,20.042824029176344,-2.6228807586125953,881.7405000000001,926.8461100957398,836.6348899042604,0.1023103965297921,0.5955479815161449,16.62000000000001,0.01866660676580261,-0.00277765333094393,0.07943927476620827,226863333.95,1.0190338825354286,888.99,-0.0015387034457972108,0
2023-06-23,890.74,895.35,884.38,888.99,888.99,254280854.0,14.51,3.84,-0.001538703445797207,-0.001539888465696394,842.1446000000001,794.1341500000001,881.184394598856,1.0556263140558046,1.1194456251503602,1,0.15269021852122322,0.1509066310697645,3.839317182332038,59.06021434994308,16.040266507838282,19.242312524908733,-3.202046017070451,884.497,923.6243182801117,845.3696817198883,0.08847360314408632,0.5574151283161977,16.252857142857156,0.01828238466445872,-0.009790817349461967,0.09991905751043384,228985811.75,1.1104655439421565,892.3,0.0037233264716137926,1
2023-06-26,889.43,898.58,883.17,892.3,892.3,213883341.0,16.02,3.81,0.003723326471613886,0.003716412049392867,844.531,794.64555,882.2430236846792,1.0565627549491967,1.1228905768112587,1,0.15188070829058076,0.1495829546691185,4.1714791242301414,60.514432360694826,15.040573699345828,18.40196475979615,-3.361391060450323,886.8775000000002,921.3202897122408,852.4347102877596,0.07767203410212065,0.578717491305502,16.183571428571447,0.018136917436480385,-0.011849390919158376,-0.15886966070988573,227374981.85,0.9406634769567548,899.73,0.008326795920654561,1
2023-06-27,904.37,911.03,893.1,899.73,899.73,248006677.0,13.51,3.79,0.00832679592065455,0.00829231940920304,847.1192,795.2832000000001,883.9084500004241,1.062105545476953,1.1313328384152965,1,0.1489547632156416,0.14956046253473756,4.47609601161389,63.63684976061184,14.678642596403392,17.6573003271176,-2.9786577307142075,889.3770000000001,919.450577211891,859.3034227881092,0.06762841227478802,0.6721278437610395,16.477857142857165,0.018314224426058,-0.014134972551855585,0.1595418130297488,226354716.45,1.0956550006537318,907.58,0.008724839674124485,1
2023-06-28,905.14,911.82,900.92,907.58,907.58,253716708.0,18.73,3.77,0.008724839674124407,0.0086869982083102,849.5474,795.9689999999999,886.1628833337171,1.0683100201354274,1.1402202849608467,1,0.14993513783823414,0.14867663978543916,4.925453932744019,66.63852271681901,14.854011189865446,17.09664249966717,-2.242631309801723,892.0539999999999,918.1522527344895,865.9557472655102,0.05851271948662383,0.7974528631697374,15.858571428571443,0.017473469477700523,-0.003207029104887349,0.023023698672435255,228418714.1,1.1107527200635792,903.69,-0.004286123537319009,0
2023-06-29,904.29,911.07,896.91,903.69,903.69,213217287.0,14.6,3.96,-0.004286123537319053,-0.004295335296054691,851.9684,796.47665,887.8321325400298,1.060708354910816,1.134609533123162,1,0.15194295574875943,0.14922589356291513,4.808742759955436,63.82681809522563,14.511818364915825,16.5796776727169,-2.0678593078010756,893.6550000000001,918.3806070119444,868.9293929880557,0.05533591153614469,0.7029272728157769,16.265714285714314,0.017999219074809183,-0.0009065681971452966,-0.15962457230053606,227237146.6,0.9383029587821801,903.19,-0.0005532870785335678,0
2023-06-30,905.34,911.33,897.21,903.19,903.19,202036544.0,16.55,3.81,-0.0005532870785335264,-0.0005534401983112304,854.2596000000001,797.0366,889.2947865838365,1.0572781388701982,1.133185100910046,1,0.13752862733112567,0.1468390389750257,4.422913449055483,63.456202661737386,14.038455685939084,16.071433275361336,-2.032977589422252,895.4415000000001,917.1808451458941,873.7021548541062,0.048555589942770476,0.6782137398187733,16.29714285714288,0.018043980621068524,0.00702427276477624,-0.05243825750395181,226599873.0,0.8916004290964452,906.35,0.0034987101274371593,1
2023-07-03,904.8,909.49,901.66,906.35,906.35,232784315.0,18.64,3.73,0.003498710127437077,0.003492603879674905,856.5563999999999,797.5109000000001,890.9190926234712,1.0581323074580962,1.1364734952211937,1,0.13553603426714086,0.14403640472605814,4.921038774331175,64.84552396798125,13.759684861259984,15.609083592541067,-1.8493987312810827,896.9805,917.0938330746629,876.8671669253371,0.04484675658978207,0.7329176363879242,15.56785714285717,0.017176429792968687,0.027607709750566922,0.15218915544308653,225953253.85,1.0302321875591791,905.18,-0.00129089203949917,0
2023-07-04,907.5,912.36,900.34,905.18,905.18,217920368.0,17.58,3.9,-0.0012908920394991696,-0.0012917259583714023,858.628,797.8727,892.2772742783786,1.0542167271507568,1.1344917553890488,1,0.1333851672703895,0.14039922898510934,5.395531681946444,63.87720510727621,13.291135812166544,15.145494036466165,-1.8543582242996202,898.3969999999999,916.4230607835532,880.3709392164467,0.04012938775070082,0.6881442673681817,15.335714285714305,0.016942170933642267,0.006516034337054499,-0.06385287170228804,226581373.4,0.9617752983396824,919.25,0.015543869727568055,1
2023-07-05,915.86,924.91,910.22,919.25,919.25,260200556.0,11.48,3.85,0.01554386972756805,0.015424301230824694,860.7386,798.34525,894.8461052994854,1.06797812948089,1.1514441903424615,1,0.14182958519715685,0.14082479116938612,5.414878063533694,69.73090826371009,13.894966206042909,14.895388470381514,-1.0004222643386047,900.369,918.4626451770627,882.2753548229374,0.04019162182847817,1.0217577722512687,15.816428571428592,0.017205796650996565,0.031370261082251716,0.1940166877838605,227795887.8,1.1422530868004546,924.2,0.005384824585259772,1
2023-07-06,928.22,937.78,914.68,924.2,924.2,228109131.0,16.11,3.78,0.005384824585259684,0.005370378254784582,862.928,798.8086,897.641714318582,1.071004765171602,1.1569730220731225,1,0.14219382044989912,0.14064073899776824,5.60212870017445,71.4818302064023,14.604577298612298,14.837226236027671,-0.23264893741537307,901.9370000000001,922.5441690132548,881.3298309867455,0.04569536234400359,1.0401760907730722,16.011428571428592,0.017324635978607002,0.038007098252392346,-0.12333342208538556,228590209.7,0.9978954536126838,931.21,0.007584938325037861,1
2023-07-07,931.25,938.61,923.85,931.21,931.21,213461510.0,17.13,3.77,0.0075849383250379265,0.007556317314961705,865.3524000000001,799.2011,900.8386939072884,1.076104948689112,1.1651760739568553,1,0.13632028805914384,0.1398661490536825,5.994766839184224,73.79373539666815,15.553308755199623,14.980442739862063,0.57286601533756,903.6084999999999,927.8913198094613,879.3256801905386,0.053746328879010014,1.0683339129374378,15.339285714285738,0.01647242374360857,0.047492097773878195,-0.06421321643630307,228069396.75,0.9359498163358912,937.67,0.006937210725829751,1
2023-07-10,936.0,941.89,931.79,937.67,937.67,207424708.0,17.23,3.85,0.006937210725829646,0.006913258987869731,867.8234,799.6554999999998,904.3464373446895,1.080484808314687,1.1725924476227578,1,0.13685929918071787,0.1393482591276897,5.918820858609061,75.74513584114013,16.634698827965053,15.311293957482661,1.323404870482392,905.342,933.9981389400496,876.6858610599504,0.06330456101676034,1.0640676168301686,14.352142857142878,0.015306176860881631,0.0508461279838619,-0.028280517644609593,227967779.3,0.9098860752906408,948.53,0.011581899815500138,1
2023-07-11,947.68,955.91,940.31,948.53,948.53,246573336.0,12.22,3.8,0.011581899815500174,0.011515343023606097,870.5952000000001,800.1817499999999,908.5543956928144,1.0895189865508101,1.1853931934838555,1,0.1402440298195148,0.13934547445320405,6.380325114727706,78.62650446848814,18.158697331379926,15.880774632262113,2.2779226991178128,907.1370000000001,941.6203318087983,872.6536681912019,0.07602673423917265,1.100188523377236,14.633571428571445,0.015427631628489816,0.05423849377035328,0.18873657038003389,228201889.45,1.0805052341778496,950.98,0.002582944134608337,1
2023-07-12,953.29,957.21,947.07,950.98,950.98,217504280.0,13.36,3.71,0.002582944134608356,0.0025796140674261927,873.104,800.7630499999999,912.594929436356,1.0891944144111125,1.1875922596578352,1,0.13698692521211064,0.13648094650585196,6.076079778135204,79.2260739244066,19.341218126575427,16.572863331124775,2.7683547954506516,909.1610000000001,948.8365079694729,869.4854920305272,0.08727938829190694,1.0270127862149785,14.427142857142874,0.015170816270734267,0.04781947596906044,-0.11789213088312189,228434461.3,0.9521517846396848,940.84,-0.010662684809354546,0
2023-07-13,939.19,949.16,930.88,940.84,940.84,228267003.0,17.49,3.9,-0.010662684809354506,-0.010719938582686812,875.3739999999999,801.3645999999999,915.2849361567031,1.0747863199044068,1.1740473687008388,1,0.1432023892965343,0.13914716789525758,5.449682319579774,70.42118594642213,19.23839290199544,17.10596924529891,2.132423656696531,910.9775,953.0128910414089,868.942108958591,0.09228634305756797,0.8552066396828256,15.079285714285732,0.016027470892272577,0.04110922993504418,0.04948281017734457,227989842.75,1.001215669288846,945.13,0.004559755112452663,1
2023-07-14,943.0,950.85,937.3,945.13,945.13,244226548.0,13.1,3.79,0.004559755112452768,0.004549390922612673,877.7686,802.0336500000001,918.127323189398,1.0767416378302892,1.178416890613006,1,0.14035590398778508,0.13852266048979445,5.7054836244801805,71.8467547531896,19.28081310607672,17.540938017454472,1.7398750886222487,913.3895,957.5058716955865,869.2731283044135,0.09659925299237228,0.8597360659910711,14.946428571428587,0.015814151038934948,0.04643541226098602,0.06991612800033131,229127255.95,1.0658991527978452,940.5,-0.004898796990890138,0
2023-07-17,939.87,946.83,933.54,940.5,940.5,219025478.0,14.25,3.88,-0.004898796990890131,-0.004910835428870398,880.0274000000001,802.7617999999999,920.2580543142172,1.0687167240474558,1.1715804115243154,1,0.1375176608975877,0.1349240656505206,5.102344195763726,68.03563785552168,18.72497921347872,17.77774625665932,0.9472329568193985,916.3145000000001,959.4135870461868,873.2154129538134,0.09407051191733767,0.7805801892427698,14.557857142857163,0.015478848636743394,0.03767860098196052,-0.10318726693053859,228803693.2,0.9572637352865946,936.92,-0.0038064859117491134,0
2023-07-18,933.61,945.62,924.94,936.92,936.92,226696245.0,18.94,3.87,-0.0038064859117491467,-0.0038137490163760402,882.3983999999999,803.47345,921.8449062842918,1.061787963350795,1.1660870685895097,1,0.12157833422367804,0.13477903989565976,5.128182455018001,65.15759739800066,17.79052269690203,17.780301544707864,0.010221152194166194,918.1945,961.4522569436252,874.9367430563747,0.09422351570081976,0.7164409498126216,15.171428571428587,0.016192875134940644,0.03506484898031337,0.035022258917293714,228634219.05,0.9915236920437697,942.77,0.0062438628698288255,1
2023-07-19,947.92,952.27,938.45,942.77,942.77,227210052.0,14.88,3.75,0.00624386286982892,0.006224450720686887,885.0136,804.2665,923.8377723524545,1.065260466053855,1.1722109524641398,1,0.10624363709467778,0.13460613550565909,5.0931138629539925,67.5716297151324,17.32232431272496,17.688706098311286,-0.36638178558632717,920.7684999999999,963.4076291878605,878.1293708121393,0.09261639421377749,0.7579965916084648,15.256428571428582,0.016182556266564042,0.025586075605112946,0.0022664998266732628,229286318.25,0.990944657030359,954.25,0.01217688301494534,1
2023-07-20,952.62,958.43,948.45,954.25,954.25,239458178.0,13.18,3.85,0.01217688301494535,0.012103341179943264,887.6664,805.1058,926.7341749855541,1.0750097108553394,1.1852479512630514,1,0.10332706602457077,0.13588042134320655,5.296282652300733,71.71340359123433,17.67388028736991,17.68574093612301,-0.011860648753099667,923.963,966.5829612734661,881.3430387265338,0.09225469260873011,0.8553147292275983,15.36642857142858,0.016103147572888214,0.032514607227872805,0.053906620293366236,229700155.95,1.0424815647583805,955.34,0.0011422583180508586,1
2023-07-21,957.72,963.32,949.75,955.34,955.34,237838025.0,12.81,3.77,0.001142258318050926,0.0011416064373818684,890.4222,806.0506999999999,929.4585392726441,1.0729067626570856,1.1852108062185172,1,0.10244957297482328,0.13447455641355632,5.006536024932747,72.07805361172758,17.834855705825362,17.715563890063482,0.11929181576187986,927.2805000000001,968.7520615814553,885.8089384185448,0.08944771637365508,0.8382980882459579,15.77642857142858,0.016513941184739023,0.025912522417070205,-0.0067659121669254585,228878014.5,1.0391475368203178,958.91,0.0037368894843719893,1
2023-07-24,959.51,967.92,950.5,958.91,958.91,223648009.0,15.83,3.71,0.003736889484371897,0.0037299246586594554,893.3874,806.99655,932.263440294297,1.0733417552116808,1.1882454763902026,1,0.1008762190207058,0.13215123639382959,4.750314343476154,73.2924380543598,18.042516153836686,17.780954342818124,0.2615618110185629,930.6109999999999,970.9371043311996,890.2848956688001,0.08666586647085932,0.8508769377613133,16.162142857142864,0.016854702586418815,0.02265189245683441,-0.05966252032239172,229366247.9,0.975069396860461,974.63,0.016393613582088025,1
2023-07-25,971.76,978.69,967.71,974.63,974.63,228613858.0,11.67,3.78,0.01639361358208813,0.01626068907349803,896.573,807.97285,936.2983507424592,1.0870615108864532,1.2062657798464391,1,0.11014503478173152,0.13494299120863734,5.101352250955327,77.85889011300907,19.253617460354576,18.075486966325414,1.178130494029162,934.356,976.4785292388556,892.2334707611444,0.09016376892492903,0.9780577131378845,16.165714285714298,0.016586514149691985,0.027516262005419012,0.02220385963731064,228396606.95,1.0009512008645889,977.68,0.0031293926926115084,1
2023-07-26,977.66,981.19,974.14,977.68,977.68,220993867.0,14.38,3.82,0.003129392692611477,0.003124506334866623,899.6290000000001,809.09015,940.2394601955583,1.0867590973612453,1.2083696730209854,1,0.10917910218939204,0.13377936144188687,5.4132950885277555,78.6226052790686,20.226376404659277,18.505664853992187,1.7207115506670903,937.8610000000001,982.209559058113,893.5124409418872,0.09457384208974587,0.9489322860171558,15.01928571428573,0.015362169333816515,0.02807630023764962,-0.03333127338238617,226760464.9,0.9745696503905871,1001.79,0.02466042058751331,1
2023-07-27,1004.15,1010.26,995.69,1001.79,1001.79,201641782.0,15.83,3.77,0.024660420587513388,0.024361260711608813,903.0443999999999,810.30875,946.1014163674099,1.1093474473680365,1.2363065313067394,1,0.12988479339727751,0.14056015961539178,5.7090294860014605,83.47499506890726,22.681314307978823,19.340794744789516,3.340519563189307,942.766,992.5663468176938,892.9656531823061,0.10564731188362966,1.092606314720849,16.292142857142874,0.016263032029809516,0.06478253475617524,-0.08756842559798272,226181689.65,0.8915035620789032,1007.86,0.0060591541141357475,1
2023-07-28,1007.29,1015.81,999.34,1007.86,1007.86,232008015.0,18.25,3.78,0.006059154114135712,0.0060408712551163445,906.4155999999999,811.4859999999999,951.9831862371805,1.1119181973478833,1.241993084292274,1,0.12569708654553002,0.13959782768334503,6.069315100552667,84.43302960907373,24.830438713052672,20.438723538442147,4.391715174610525,947.9994999999999,1002.1018060020699,893.8971939979299,0.1141399462805897,1.0532157908080348,16.7057142857143,0.016575431394949994,0.06637182186577517,0.15059494465288936,227680263.2,1.0190080235290242,992.96,-0.01478379933720951,0
2023-07-31,996.51,1005.54,983.96,992.96,992.96,260613355.0,16.67,3.85,-0.014783799337209524,-0.014894168836454766,909.5867999999999,812.6662000000001,955.8857399288776,1.0916605210189947,1.2218546803103167,1,0.14250180742471133,0.14059100338796124,5.0578856237955705,73.21264088309525,25.042653688959035,21.359509568545526,3.683144120413509,952.3300000000002,1006.2602352460017,898.3997647539986,0.1132595534025913,0.8766903650038831,17.110000000000014,0.017231308411214966,0.05577884104199904,0.12329461980009615,229071715.2,1.1376932973696092,1000.66,0.0077545923300031535,1
2023-08-01,1003.73,1009.82,994.59,1000.66,1000.66,212034915.0,13.21,3.79,0.007754592330003085,0.007724680017906124,913.1086,813.78575,960.1499551737463,1.095882789845589,1.229635687280098,1,0.14286435077085247,0.14090481477813527,5.204917627921255,75.05734750345458,25.537777630891924,22.195163181014806,3.342614449877118,957.104,1010.3602399210763,903.8477600789238,0.11128621324541661,0.9089286068978898,17.590000000000014,0.017578398257150296,0.06803142210647661,-0.1864004244909091,228777442.55,0.9268174022605359,1005.05,0.004387104511022711,1
2023-08-02,1007.83,1014.03,998.86,1005.05,1005.05,213971980.0,17.95,3.75,0.004387104511022644,0.004377509221483417,916.4780000000001,814.90465,964.4261499191039,1.0966438910699436,1.2333344766163747,1,0.14117658281443554,0.14049748546208948,5.411804141768198,76.06919082240866,25.984865874504408,22.95310371971273,3.0317621547916787,961.394,1015.625259736766,907.162740263234,0.11281797002417236,0.9024984871363861,17.237857142857155,0.017151243363869615,0.06606065106017378,0.009135594484521503,226466013.75,0.9448304249140341,1017.76,0.012646137008109086,1
2023-08-03,1016.35,1026.89,1007.23,1017.76,1017.76,212262263.0,14.25,3.82,0.012646137008109015,0.012566842431088932,920.1342,816.1344,969.5055642125226,1.1060995233086652,1.2470495055716313,1,0.13879520022199368,0.14176341418583066,5.646551820158544,78.75619670726532,27.05292799272479,23.773068574315143,3.2798594184096466,966.0719999999999,1022.8744256710074,909.2695743289923,0.11759460096338316,0.9549805698300233,17.830000000000016,0.0175188649583399,0.066554886036154,-0.007990377992482922,225673670.35,0.9405716788795074,1024.91,0.007025231881779684,1
2023-08-04,1021.59,1028.54,1017.98,1024.91,1024.91,240180356.0,11.91,3.79,0.0070252318817796144,0.007000669908891721,923.9552,817.4068,974.7821771446634,1.1092637391942815,1.2538554854204786,1,0.1389842350187364,0.13886863183729678,6.286573206568073,80.10922860257938,28.151803692268118,24.64881559790574,3.502988094362376,970.757,1030.8157705502297,910.6982294497702,0.12373595153095544,0.9508334045379668,17.650714285714294,0.01722172121036412,0.07282224129629244,0.13152640797012505,227009612.65,1.0580184389385592,1024.61,-0.00029270862807483767,0
2023-08-07,1022.72,1030.96,1016.38,1024.61,1024.61,235348495.0,14.57,3.66,-0.00029270862807484477,-0.0002927514756067517,927.5536,818.6466,979.5276840832669,1.1046369719227007,1.251590124481064,1,0.13979612902401956,0.13717109787964565,6.582771702921409,79.87934385910805,28.667996292283306,25.452651736781256,3.2153445555020497,975.1039999999999,1037.6146028564665,912.5933971435333,0.1282132015793239,0.8959808235474627,17.215000000000014,0.016801514722674986,0.06851529340605467,-0.020117636098432645,228405802.0,1.0303963075333786,1014.35,-0.010013566137359462,0
2023-08-08,1014.94,1022.29,1007.0,1014.35,1014.35,224725590.0,18.6,3.8,-0.010013566137359486,-0.010064039116440706,930.8458,819.8339,982.8440951229557,1.089707876428083,1.2372628162851036,1,0.14829696565523498,0.13887961310385857,5.87286853749053,72.24381600254355,27.927258343095446,25.947573058044096,1.9796852850513496,978.3950000000001,1041.936848456497,914.8531515435031,0.1298899697084143,0.7829237807256512,17.37642857142858,0.01713060439831279,0.040753927131321754,-0.04513691493969396,227313414.7,0.988615609406883,1013.4,-0.0009365603588505402,0
2023-08-09,1015.06,1022.89,1005.59,1013.4,1013.4,211434666.0,15.41,3.8,-0.0009365603588505911,-0.0009369992055291406,934.033,820.9863500000001,985.7541813017218,1.0849723724964748,1.2343688783619848,1,0.14633844721837366,0.13813225632642384,6.020617904118745,71.56171879988138,26.95286526788459,26.148631500012197,0.8042337678723932,981.516,1045.5182958141268,917.5137041858732,0.13041518592475637,0.7490848147998262,17.493571428571435,0.01726225718232824,0.03653547172899119,-0.05914290401907496,227009934.0,0.9313894871226208,1006.63,-0.006680481547266609,0
2023-08-10,1000.07,1012.65,994.09,1006.63,1006.63,229116593.0,15.03,3.78,-0.006680481547266637,-0.006702895845427579,936.7322,822.16565,987.7423545110817,1.0746187651070391,1.2243639709345677,1,0.15029187307056813,0.13756027160585485,6.096938176959441,66.72673304163888,25.342239750065232,25.987353150022805,-0.6451133999575731,984.8055,1046.734416288249,922.8765837117512,0.1257688270185046,0.6762060545169348,17.90357142857143,0.017785652552150668,0.004831351880134616,0.08362832516783225,227052413.5,1.0090912026354655,1002.34,-0.004261744633082626,0
2023-08-11,1002.31,1009.31,995.33,1002.34,1002.34,200119112.0,19.09,3.82,-0.004261744633082598,-0.00427085175075825,939.4298000000001,823.3165000000001,989.1326064624071,1.0669663661936208,1.2174418950670851,1,0.14462054839868477,0.13834031730070354,5.771730247793227,63.785757191306146,23.44933098539127,25.4797487170965,-2.030417731705228,987.6659999999999,1047.1140221972378,928.217977802762,0.12038082144607125,0.6234187400776011,17.657857142857136,0.017616634218785177,-0.005476951163852051,-0.12656211678217477,224847041.7,0.890023326466563,1008.62,0.006265339106490784,1
2023-08-14,1009.1,1012.1,1005.61,1008.62,1008.62,230009964.0,11.42,3.74,0.006265339106490853,0.006245793466987533,942.0908000000001,824.5885000000001,990.9885487040826,1.0706186707268555,1.2231798042296247,1,0.14496382426692098,0.13742917882185596,5.652273437568228,66.1385525230424,22.20002262577043,24.82380349883129,-2.623780873060859,991.0719999999999,1046.833223500935,935.3107764990648,0.1125270888510196,0.6573494885657278,16.942142857142844,0.016797349702705522,0.01577102803738306,0.14936530399954995,225396266.0,1.020469274322406,1024.86,0.01610120759056919,1
2023-08-15,1024.01,1030.72,1018.16,1024.86,1024.86,242751676.0,11.79,3.79,0.0161012075905691,0.015972957965413176,945.0509999999999,825.9517999999999,994.2144012084557,1.084449410666726,1.24082301170601,1,0.1484998673848767,0.13958104039973437,5.8132286981532655,71.32650953421724,22.263726644577332,24.3117881279805,-2.048061483403167,995.469,1046.9558596011104,943.9821403988897,0.1034424167926046,0.7854223410295214,18.01714285714284,0.017580101533031675,0.024184038534567076,0.055396347959951964,226199037.55,1.0731773160013607,1029.49,0.004517690221103477,1
2023-08-16,1033.48,1041.45,1021.54,1029.49,1029.49,205604015.0,10.96,3.69,0.0045176902211034875,0.00450751608951141,948.0446,827.3956,997.5739820457455,1.0859088274960904,1.2442536556877992,1,0.14565959591687036,0.13895919139071808,5.682684245506079,72.61472244090028,22.429264247408128,23.935283351866026,-1.5060191044578985,999.8050000000001,1047.035644155823,952.5743558441769,0.09447971185536348,0.814255718186366,17.112142857142846,0.01662196122074313,0.024317198149345964,-0.15302741308364853,225118735.7,0.9133136536178584,1019.44,-0.009762115222100218,0
2023-08-17,1020.72,1025.96,1014.2,1019.44,1019.44,200680930.0,15.93,3.79,-0.009762115222100243,-0.009810077063511925,950.5766,828.8357500000001,999.6564599461508,1.072443819887845,1.2299662508524758,1,0.15363083287805995,0.14022214912462921,5.519657533587284,65.71342219986113,21.5016453978036,23.44855576105354,-1.9469103632499412,1003.0645000000001,1045.8461332825361,960.282866717464,0.08530185901802607,0.6913846987930831,17.027857142857133,0.016703147946771888,0.0016506838547398761,-0.023944498360112254,223179873.3,0.8991891922541028,1024.5,0.004963509377697506,1
2023-08-18,1028.52,1035.73,1017.32,1024.5,1024.5,255140163.0,15.42,3.87,0.004963509377697406,0.00495123177493058,953.1110000000001,830.2315000000001,1002.0225113798507,1.074901034611918,1.2339931693750477,1,0.15066343155873946,0.13689971416636268,6.142896047094717,67.39368457933278,20.93349222050324,22.94554305294348,-2.0120508324402415,1006.5225,1043.9009941687254,969.1440058312745,0.07427254565832027,0.7404791899602698,16.635714285714275,0.016237886076831895,-0.00040003512503550276,0.27137223751155637,224044980.2,1.1387899107234718,1036.57,0.011781356759394764,1
2023-08-21,1035.9,1044.56,1027.92,1036.57,1036.57,216794206.0,18.86,3.72,0.011781356759394734,0.011712496889964494,955.7824,831.6253999999999,1005.3127483912934,1.0845250969258273,1.246438600841196,1,0.1531147401561595,0.13609506477317554,6.097570712557808,71.03954308905203,21.21264865172941,22.59896417270067,-1.3863155209712588,1010.4055000000001,1042.7549716300368,978.0560283699634,0.06403265150477642,0.9044038230102263,16.8642857142857,0.016269316798948167,0.011672734015869546,-0.15029369170701679,223702290.05,0.9691192966846429,1031.88,-0.004524537657852173,0
2023-08-22,1034.78,1041.28,1025.4,1031.88,1031.88,247379087.0,15.61,3.73,-0.004524537657852212,-0.004534804358113443,958.1673999999999,832.96215,1007.8429628302179,1.0769308160557332,1.2388077897657177,1,0.15590039720884374,0.13660652212663604,5.999460275883993,67.86421104841628,20.81549031549082,22.2422694012587,-1.4267790857678797,1013.268,1042.2442484224118,984.2917515775882,0.05719365147696997,0.8211595878088792,16.91499999999998,0.01639240997015155,0.01728200325331497,0.14107794467532964,224640551.5,1.101221864655189,1031.61,-0.00026165833236443107,0
2023-08-23,1036.68,1044.15,1024.18,1031.61,1031.61,224805040.0,13.99,3.73,-0.00026165833236446723,-0.0002616925708785737,960.5895999999999,834.3672,1010.1064901797208,1.0739341754272584,1.2363980750921175,1,0.1491330530997373,0.13647617051198258,6.036004631641532,67.6766668846438,20.245574350454945,21.842930391097948,-1.5973560406430032,1015.9645,1040.727418351215,991.2015816487851,0.048747605553521894,0.8159058188797111,16.781428571428542,0.01626722169369097,0.017969212551805835,-0.09125285113531045,224831110.15,0.9998840456288162,1032.73,0.0010856816044824288,1
2023-08-24,1036.8,1042.15,1027.4,1032.73,1032.73,224665790.0,15.0,3.77,0.0010856816044824136,0.0010850926784281708,963.154,835.80015,1012.2611101626045,1.072237669157788,1.2356183472807465,1,0.14923574658323147,0.13515423585695127,5.742824991846804,68.07084195626487,19.657684926561387,21.405881298190636,-1.7481963716292483,1017.5115,1042.4113476217174,992.6116523782825,0.04894263626837229,0.8055942395792222,17.064999999999973,0.01652416410872152,0.025928096718754734,-0.0006194256143011723,225982310.55,0.9941742318378999,1026.44,-0.0060906529296137065,0
2023-08-25,1023.07,1033.14,1016.4,1026.44,1026.44,235172222.0,15.29,3.71,-0.006090652929613749,-0.0061092766149439025,965.745,837.13195,1013.6114806233088,1.0628478532117691,1.2261388422697284,1,0.12870641562304158,0.13630760805272815,5.34026677798344,63.39514531978099,18.471302216370532,20.818965481826616,-2.3476632654560845,1018.4405,1043.2102493560938,993.6707506439063,0.0486425065697395,0.6614772092429458,17.219285714285693,0.016775735273650377,0.024043737653890007,0.04676471660416115,226140520.9,1.0399384465201345,1033.42,0.0068002026421417885,1
2023-08-28,1032.64,1041.69,1024.38,1033.42,1033.42,212030020.0,10.82,3.78,0.006800202642141873,0.00677718555248569,968.7733999999999,838.49345,1015.4980062782317,1.0667303623324094,1.2324723586093607,1,0.1290847377606055,0.13645678757842694,5.385428809605777,66.1719871971058,17.888110039253775,20.23279439331205,-2.344684354058277,1020.4635000000001,1042.9771040979565,997.9498959020436,0.04412427117272567,0.7877482419704699,17.197857142857124,0.016641691802807303,0.024588051000376865,-0.09840533802499851,223711354.15,0.9477839012937734,1033.28,-0.00013547250875742682,0
2023-08-29,1032.21,1040.7,1024.8,1033.28,1033.28,229818700.0,21.78,3.8,-0.00013547250875745043,-0.0001354816859866158,971.4526,839.7139,1017.1915294898288,1.0636442786812244,1.2305143454216967,1,0.11544861021889889,0.13182824804426932,4.9440645041956905,66.06373595392739,17.21617189434187,19.629469893518017,-2.413297999176148,1022.0944999999999,1043.2529353964774,1000.9360646035225,0.041402111833018854,0.7643272007035534,17.097857142857134,0.016547167411405557,0.008215756298421306,0.0838969877944642,224600543.4,1.023233054208185,1038.18,0.004742180241560943,1
2023-08-30,1039.7,1045.78,1032.11,1038.18,1038.18,220823935.0,16.3,3.78,0.004742180241561034,0.004730971526701785,974.3903999999999,840.9375500000001,1019.1904314431785,1.0654661622281996,1.2345506512344466,1,0.11399356337574997,0.13098237269633448,5.2683188470801205,68.03474925680891,16.88441212958935,19.080458340732285,-2.196046211142935,1023.751,1044.4738609080987,1003.0281390919013,0.04048418200925512,0.8481420848004858,16.695,0.016081026411604922,0.008441072764184154,-0.039138525281015024,224943141.15,0.981687789505646,1030.9,-0.007012271475081365,0
2023-08-31,1033.02,1040.56,1023.37,1030.9,1030.9,204391364.0,15.53,3.67,-0.007012271475081322,-0.007036972994272893,977.2012000000001,842.11615,1020.30562844859,1.0549516312505551,1.2241779236747807,1,0.11749309525546482,0.13178759300101617,4.739795261418015,62.24999604063043,15.851330694189528,18.434632811423736,-2.583302117234208,1024.408,1045.164273471578,1003.6517265284217,0.04052345056180338,0.6563864536722687,16.92428571428572,0.016417000401867998,0.01124146590284858,-0.07441480924610822,224549596.2,0.9102281520825108,1027.82,-0.0029876806673781687,0
2023-09-01,1025.23,1036.23,1016.84,1027.82,1027.82,233405936.0,16.54,3.8,-0.002987680667378201,-0.002992152694811145,979.9778,843.30255,1021.0212828820577,1.0488196773437113,1.2188033820127782,1,0.11064519891165576,0.13224747806636422,4.588789250754379,59.92837891689382,14.615596456264484,17.67082554039189,-3.0552290841274043,1024.5535,1045.3653137251947,1003.7416862748051,0.040626114156409536,0.5784770621761598,17.61214285714286,0.01713543505394219,0.0032406051732551955,0.1419559585697563,224210875.2,1.041010770738921,1035.51,0.007481854799478561,1
2023-09-04,1035.72,1039.04,1032.18,1035.51,1035.51,222892113.0,16.77,3.8,0.0074818547994786044,0.007454004551929761,982.8420000000001,844.5225,1022.4011607028141,1.0535874535276268,1.2261485040363045,1,0.11099569489461396,0.1326050696079527,4.700335228074169,63.58050296531337,14.094316395710393,16.95552371145559,-2.8612073157451974,1025.0985,1046.4796341091949,1003.7173658908052,0.04171527733027403,0.7434739884723669,16.835000000000004,0.01625768944771176,-0.0010226033938856016,-0.04504522541363298,223588056.1,0.9968873869555503,1033.02,-0.0024046122200654836,0
2023-09-05,1026.76,1042.3,1017.53,1033.02,1033.02,224752065.0,14.65,3.79,-0.002404612220065494,-0.0024075079430218673,985.5078,845.7431999999999,1023.4124787311175,1.0482108817403577,1.2214345914930207,1,0.11142918097110244,0.1306299581253567,4.244277371132645,61.62209678472853,13.326654622960632,16.229749893756598,-2.9030952707959656,1026.032,1047.064644902267,1004.9993550977329,0.040998029110683815,0.666122711428003,17.182142857142853,0.01663292371603924,0.0011047796255376774,0.008344629044815033,223589379.85,1.0052000911258845,1050.2,0.016630849354320403,1
2023-09-06,1054.74,1061.38,1043.59,1050.2,1050.2,206322183.0,13.42,3.77,0.016630849354320354,0.016494071187323035,988.3601999999998,847.00845,1025.9636712329159,1.062568079936849,1.2398931793419534,1,0.11804628497080939,0.1335811534266148,4.482900861490246,68.76974055391477,13.943823836641286,15.772564682333535,-1.8287408456922485,1027.872,1050.6204205121019,1005.1235794878983,0.044263138818996274,0.9907593471628299,18.115714285714294,0.017249775552955905,0.018020375917255693,-0.08200094624269638,223333755.7,0.92382892300951,1047.42,-0.0026471148352694464,0
2023-09-07,1045.81,1055.45,1037.8,1047.42,1047.42,255349506.0,16.5,3.76,-0.0026471148352694707,-0.0026506246390156627,991.2348000000001,848.2019499999999,1028.0071311154952,1.0566820293234256,1.2348710115556798,1,0.11867136382673539,0.1338065300769025,4.222463437148081,66.60794793158254,14.046690612754219,15.427389868417674,-1.3806992556634547,1029.9115,1051.9439691261657,1007.8790308738343,0.0427851696502939,0.8973340413832621,18.06142857142859,0.01724373085431688,0.014224434266458807,0.2376250691376216,224645401.35,1.1366780911849723,1050.54,0.0029787477802599633,1
2023-09-08,1050.72,1060.23,1041.03,1050.54,1050.54,242842498.0,15.96,3.8,0.0029787477802598605,0.00297432010153698,994.1818000000001,849.46515,1030.153118628305,1.056688022251061,1.2367075918299886,1,0.11483427200618447,0.13275414665774626,4.024430913212935,67.83019649019901,14.216096883352634,15.185131271404666,-0.969034388052032,1032.3215,1052.0831132679843,1012.5598867320158,0.03828577292629308,0.9609567992243496,18.000000000000025,0.01713404534810671,0.023479209695647096,-0.048979957689833986,226781570.65,1.0708211311173401,1060.4,0.009385649285129674,1
2023-09-11,1059.42,1065.1,1054.72,1060.4,1060.4,244372727.0,12.98,3.84,0.009385649285129638,0.009341877748590122,997.2628,850.86525,1033.0337739970378,1.063310493482761,1.2462607915883275,1,0.11509898078182391,0.1331705335920414,4.36380472111152,71.39375784081864,14.973368498398486,15.14277871680343,-0.16941021840494486,1034.9105,1055.1592639390326,1014.6617360609673,0.03913143008794109,1.1294087894850646,17.905714285714314,0.016885811284151557,0.02610748775909122,0.006301322925775565,227499708.8,1.0741672079010591,1047.95,-0.011740852508487404,0
2023-09-12,1051.55,1057.46,1042.05,1047.95,1047.95,222154717.0,18.55,3.69,-0.011740852508487443,-0.011810320595701813,1000.1182000000001,852.3195,1034.454366949701,1.0478261469494305,1.2295271902144678,1,0.12459997652610631,0.13498194858714746,4.152532501167123,62.04750969788172,14.402873399093778,14.9947976532615,-0.5919242541677221,1036.065,1056.53278058587,1015.5972194141301,0.03951061098647311,0.7903343611034855,17.79000000000004,0.016976000763395237,0.014197506968101736,-0.0909185336381666,226469860.85,0.9809460568668866,1032.45,-0.014790782002958155,0
2023-09-13,1023.66,1039.04,1017.13,1032.45,1032.45,197239299.0,15.73,3.79,-0.014790782002958136,-0.01490125630668583,1002.3822,853.66875,1034.2634748592532,1.0299963427123906,1.2094269586417448,1,0.12603415046116734,0.1376267590239193,3.887665813626558,52.78307756554972,12.555301758338146,14.506898474276829,-1.951596715938683,1036.213,1056.5227965473691,1015.9032034526309,0.03920004197467027,0.4073599779389521,18.937857142857183,0.018342638522792564,-0.005519274114315409,-0.11215345024611834,226051625.05,0.8725409470353197,1019.34,-0.012697951474647695,0
2023-09-14,1019.29,1024.93,1013.69,1019.34,1019.34,261676054.0,16.82,3.73,-0.012697951474647695,-0.012779259490604586,1004.285,855.02255,1032.8421915393242,1.0149907645738012,1.192179083463939,1,0.1328408622494533,0.13565795442200082,4.0592783715295795,46.463833056249996,9.91888179183934,13.589295137789332,-3.670413345949992,1036.208,1056.5352247828982,1015.8807752171018,0.03923386961474645,0.08508846681627341,19.082142857142887,0.018720096196698732,-0.011213502764574668,0.32669328742645765,229101381.25,1.1421845323335431,1031.97,0.012390370239566774,1
2023-09-15,1031.64,1042.31,1021.3,1031.97,1031.97,226430793.0,18.48,3.73,0.012390370239566684,0.012314237829653893,1006.3001999999999,856.5695000000001,1032.7591256784362,1.0255090876460127,1.2047708913287245,1,0.13539044014276527,0.1326420580411085,3.933264432642099,52.378846114670175,8.747796270601384,12.620995364351742,-3.873199093750358,1036.5815,1056.2673199301387,1016.8956800698613,0.037982194222296435,0.38287254438097557,19.4864285714286,0.018882747145196662,0.00403767196590854,-0.1346904329274241,227665912.75,0.9945748586818253,1027.83,-0.004011744527457291,0
2023-09-18,1026.43,1033.34,1020.93,1027.83,1027.83,214396003.0,15.05,3.66,-0.004011744527457339,-0.0040198131612956675,1008.1034,858.0764999999999,1032.289685137633,1.0195680324061995,1.1978302633856073,1,0.13532939794005877,0.13132006657159978,4.122819961344614,50.412637790913415,7.400332728086141,11.576862837098624,-4.176530109012482,1036.1444999999999,1056.2156570748134,1016.0733429251862,0.03874200379347517,0.2928744225033675,19.237142857142878,0.018716269088412365,-0.007416635281165873,-0.053149970640256505,227546002.6,0.9422094897306713,1052.77,0.02426471303620254,1
2023-09-19,1058.22,1064.47,1046.56,1052.77,1052.77,234794027.0,15.79,3.72,0.02426471303620259,0.023975002034083807,1010.1882,859.5637999999999,1034.240191315001,1.0421523434940143,1.2247723787344234,1,0.15437210911779337,0.13827294563703135,4.647687910819346,60.12374519026539,8.249809066820944,10.91145208304309,-2.661643016222145,1037.1889999999999,1058.4638706720234,1015.9141293279764,0.0410240962293333,0.8661831895322152,20.877857142857163,0.01983135646233951,0.019118700509186626,0.09514181101594521,226916749.6,1.0347143937760688,1048.43,-0.004122457896786495,0
2023-09-20,1045.64,1056.05,1038.04,1048.43,1048.43,247924613.0,17.03,3.68,-0.004122457896786447,-0.004130978652040946,1012.1372,861.03315,1035.5916016659532,1.0358575892675421,1.2176418526975414,1,0.15420409914542207,0.13869082462762725,4.559349040948921,57.995271434006284,8.475127462504133,10.424187158935299,-1.9490596964311653,1038.03,1059.7023680489274,1016.3576319510724,0.0417567277417928,0.7399368628241548,20.936428571428596,0.01996931466233186,-0.0016853932584269815,0.055923850226394345,228072728.25,1.0870419050200493,1051.17,0.002613431511879676,1
2023-09-21,1053.61,1058.6,1046.2,1051.17,1051.17,227096615.0,13.19,3.71,0.00261343151187976,0.002610022438041688,1014.3438000000001,862.4686999999999,1037.0752586501483,1.0363054420010256,1.218792055874028,1,0.15427566786394797,0.13867397886445568,4.528002852955378,58.98254276200327,8.773651818523604,10.094080090852959,-1.3204282723293552,1038.952,1061.2353556956466,1016.6686443043533,0.04289583290782484,0.7741508093777125,20.437142857142874,0.01944228132190119,0.0035802256974279967,-0.08400940006710833,228194269.5,0.9951898244315903,1066.88,0.01494525148168235,1
2023-09-22,1068.02,1074.63,1060.28,1066.88,1066.88,249875065.0,15.14,3.67,0.014945251481682353,0.014834671612053516,1016.7787999999999,863.9812,1039.9138054453722,1.0492744341247084,1.2348416840551626,1,0.1617314018513885,0.14039784801395522,4.66110448939444,64.18087068704656,10.160773159353766,10.10741870455312,0.05335445480064571,1040.974,1065.6839216383726,1016.2640783616272,0.047474618267793346,1.0242023908069768,21.31142857142859,0.019975469191875924,0.015553905610448115,0.10030290411858411,228929411.65,1.091493937799582,1087.35,0.019186787642471316,1
2023-09-25,1091.46,1099.62,1079.22,1087.35,1087.35,246452498.0,15.31,3.7,0.019186787642471392,0.01900504229262186,1019.7157999999998,865.6055500000001,1044.4315382600987,1.0663265196047762,1.2561726296694837,1,0.17007588559482495,0.1437281269171966,4.844340176756186,69.58905194647315,12.764691324854766,10.63887322861345,2.125818096241316,1043.6705,1075.6194866243345,1011.7215133756653,0.06122427839879351,1.1835819319155967,21.880714285714287,0.020122972626766256,0.02541493775933601,-0.013697112995248228,230650535.55,1.0685104086678978,1108.76,0.0196900721938659,1
2023-09-26,1106.54,1115.75,1099.57,1108.76,1108.76,208663329.0,12.61,3.71,0.01969007219386598,0.01949873033384768,1023.1525999999999,867.2839499999999,1050.5580584258034,1.083670216935382,1.278427901265785,1,0.17949341933372392,0.1468131780342251,5.396057813532133,74.00922220728094,16.36725180979306,11.784548944849373,4.582702864943688,1047.4445,1090.2225644601124,1004.6664355398876,0.0816808231081867,1.216669872429079,21.88357142857143,0.019736977730592218,0.05802757765160549,-0.15333246490364238,229592767.0,0.9088410394043468,1121.95,0.011896172300588094,1
2023-09-27,1119.49,1129.51,1111.95,1121.95,1121.95,215708673.0,20.79,3.73,0.011896172300588148,0.01182596906096789,1026.7362,869.0496499999999,1057.3572909566794,1.0927344336354363,1.2910079418362348,1,0.1813225973147141,0.14759665848823136,5.704891534213188,76.29513345767175,20.05544305229705,13.438727766338909,6.616715285958142,1051.633,1105.5465589234814,997.7194410765188,0.10253302991334431,1.152127232953103,22.104999999999993,0.019702304024243496,0.08668700663470386,0.033764169457873416,229337003.9,0.9405750896355893,1133.42,0.010223271981817396,1
2023-09-28,1137.14,1143.91,1126.68,1133.42,1133.42,244256900.0,11.48,3.64,0.010223271981817383,0.01017136779084022,1030.3196,870.8597,1064.6013584846148,1.1000664259905373,1.3014955221834241,1,0.18259869234589474,0.14820956067568683,5.862883974218311,78.09901126773161,23.631485273035878,15.477279267678302,8.154206005357576,1056.759,1120.8977144440282,992.6202855559718,0.12138759063129345,1.097618775675665,22.30214285714285,0.01967685664373564,0.11191555320109092,0.13234621771559452,231330280.7,1.0558794951568138,1140.56,0.006299518272132018,1
2023-09-29,1142.02,1146.78,1135.8,1140.56,1140.56,180029280.0,11.75,3.65,0.006299518272131932,0.006279759245053323,1034.024,872.68905,1071.8355148194134,1.1030304905882262,1.3069489069445754,1,0.17801789728011244,0.14796921763037765,6.077863983382276,79.16203831322069,26.733495727768286,17.7285225596963,9.004973168071984,1062.3960000000002,1135.0741749329557,989.7178250670447,0.13681936854597918,1.0377405257566468,22.216428571428562,0.019478526838946273,0.10522592711028422,-0.26295109779907955,228661447.9,0.7873180269493081,1149.67,0.007987304482008949,1
2023-10-02,1144.34,1158.27,1135.78,1149.67,1149.67,224884525.0,18.29,3.74,0.007987304482008906,0.00795557480995042,1037.8392,874.6085499999999,1079.2483229318502,1.107753493990206,1.3144966396681124,1,0.1759501373451497,0.1462767086087985,5.941670333221315,80.46490778059064,29.585914223894633,20.10000089253597,9.485913331358663,1068.104,1149.3214794254102,986.8865205745898,0.15207784902094584,1.0021456007749405,22.512142857142837,0.019581395406632195,0.11854100386250654,0.24915527629727796,228761068.5,0.9830541817039992,1145.07,-0.0040011481555578005,0
2023-10-03,1143.22,1156.59,1131.72,1145.07,1145.07,202460453.0,16.78,3.68,-0.004001148155557854,-0.004009174164827606,1041.2479999999998,876.4472999999999,1085.5170540811978,1.0997091951197027,1.3064904187622006,1,0.17871910105300168,0.14701343461754787,5.65662565957385,77.81911340863954,31.116602057339378,22.30332112549665,8.813280931842726,1073.7065,1160.0320076715063,987.3809923284936,0.16079907809336347,0.9133395906030781,22.087142857142826,0.019288901863766257,0.08767347093857158,-0.0997137175179128,227646487.9,0.889363393512736,1137.75,-0.006392622285100419,0
2023-10-04,1139.07,1146.96,1129.86,1137.75,1137.75,219160308.0,12.44,3.77,-0.006392622285100402,-0.0064131425940770264,1044.4494,878.2638000000001,1090.491620359179,1.089329937860082,1.2954535983379936,1,0.1812774662500084,0.1480693426260173,5.238692338310817,73.66798385692796,31.377322131322217,24.118121326661765,7.259200804660452,1078.084,1168.1871073475868,987.9808926524133,0.16715415004304515,0.8310984590631153,21.96857142857141,0.019308786138054413,0.0851940520587926,0.08248452847233323,228288394.15,0.9600151107813116,1138.79,0.000914084816523809,1
2023-10-05,1141.66,1150.0,1130.47,1138.79,1138.79,222270648.0,16.52,3.73,0.0009140848165238857,0.0009136672954117537,1047.1894,880.1355,1095.0914660392573,1.087472810553659,1.2938803172920532,1,0.17632018016660808,0.14794594748132442,5.08034380153633,73.88116108758132,31.30697663793194,25.5558923889158,5.751084249016138,1082.6525,1175.4348950803635,989.8701049196363,0.17139829276758312,0.8025223694137986,21.722857142857126,0.01907538452467718,0.08335473805378757,0.014192077152948679,226634451.25,0.9807451902129994,1138.13,-0.0005795625181112009,0
2023-10-06,1135.81,1147.4,1126.56,1138.13,1138.13,221230723.0,18.67,3.74,-0.0005795625181111985,-0.0005797305293858926,1049.7948000000001,881.9744000000001,1099.1903740355185,1.084145206282218,1.2904342801786537,1,0.17549306397611983,0.14711976661640289,4.778283521562661,73.47463406742399,30.842438412193815,26.613201593571404,4.229236818622411,1087.032,1181.682226924444,992.381773075556,0.1741443249588916,0.7699306787717476,22.324999999999996,0.01961550965179724,0.06678351829634077,-0.004678642948843126,225553862.5,0.9808332278060634,1134.58,-0.0031191515907674707,0
2023-10-09,1124.66,1139.81,1119.47,1134.58,1134.58,217835428.0,14.92,3.78,-0.003119151590767477,-0.0031240262833331436,1052.6272,883.82295,1102.5608146035643,1.077855483878813,1.2837186452331883,1,0.17721221111138302,0.14761698888543667,4.607602894162956,71.2051040543514,29.843812299012143,27.259323734659553,2.58448856435259,1090.741,1186.8002757569723,994.6817242430277,0.17613581181395807,0.7281872294674769,21.16071428571427,0.018650702714409096,0.043435876212811086,-0.015347303276679214,224226997.55,0.9714950937227139,1142.79,0.007236157873398119,1
2023-10-10,1144.59,1155.99,1131.41,1142.79,1142.79,208299986.0,21.5,3.69,0.007236157873398152,0.007210102501366866,1055.4697999999999,885.70795,1106.392165593701,1.0827311212504613,1.2902560036860908,1,0.17650293947014334,0.14528042328832994,5.174745111978133,73.26206413302555,29.376241272456582,27.68270724221896,1.6935340302376218,1095.483,1192.0104693600706,998.9555306399293,0.1762281465983179,0.7450442361789705,21.629999999999978,0.018927361982516454,0.030691944153829587,-0.043773605090536516,223534261.0,0.931848142956484,1153.76,0.009599313959695157,1
2023-10-11,1149.53,1162.14,1141.18,1153.76,1153.76,267608447.0,10.69,3.68,0.009599313959695266,0.009553533287638697,1058.444,887.6444499999999,1110.9033879181104,1.090052945644739,1.2997997114723132,1,0.16838380337544442,0.14583026008433575,5.293584840696772,75.75432127637526,29.55023843088202,28.056213479951573,1.494024950930445,1101.5485,1196.6336335494257,1006.4633664505745,0.17263903232465794,0.7745513312661313,22.241428571428564,0.019277344136933647,0.028352422122198018,0.28472618812369954,227052718.4,1.1786181151487152,1155.77,0.0017421300790458943,1
2023-10-12,1148.78,1167.14,1137.48,1155.77,1155.77,260180585.0,16.73,3.75,0.0017421300790458893,0.001740614330605029,1061.2042,889.5497,1115.176398592576,1.0891117845180034,1.2992753524620377,1,0.15341418024557388,0.14493100528299618,5.509857551220286,76.19220446203204,29.51014801733095,28.34700038742745,1.1631476299034986,1108.3700000000001,1198.0439049058286,1018.6960950941717,0.16181221957603967,0.764290933070289,22.68428571428571,0.019626989551801578,0.019719080305623526,-0.02775645568467422,226977944.95,1.1462813493060486,1172.36,0.014354066985645862,1
2023-10-13,1162.4,1178.9,1155.91,1172.36,1172.36,207163848.0,17.92,3.73,0.014354066985645897,0.014252022707201413,1064.1532,891.5175999999999,1120.6224558694737,1.1016834794087917,1.3150161028789562,1,0.14127465387986407,0.14585087822590476,5.973317616707557,79.48542921029158,30.465858969479314,28.770772103837825,1.695086865641489,1115.3895,1201.8022016675252,1028.9767983324748,0.154946234777085,0.8296419328397204,21.99785714285716,0.018763739075759293,0.027881040892193232,-0.20376899759834122,226014597.7,0.9165949903597754,1161.48,-0.009280425807772257,0
2023-10-16,1164.31,1176.16,1149.66,1161.48,1161.48,255187043.0,17.23,3.69,-0.009280425807772219,-0.009323757257258215,1066.8906,893.4283,1124.5136505485714,1.0886589496617554,1.3000259785816053,1,0.1499909709614301,0.14799867468291197,5.467116507545999,72.41125940703054,29.999525852564602,29.016522853583183,0.9830029989814193,1122.0720000000001,1200.253352360069,1043.8906476399313,0.13935175703519756,0.752029408609818,21.862142857142867,0.018822659759223464,0.01027251298198606,0.23181262302098182,228054149.7,1.118975661419416,1160.56,-0.0007920928470572655,0
2023-10-17,1161.0,1170.64,1150.93,1160.56,1160.56,220509353.0,14.49,3.77,-0.0007920928470572797,-0.0007924067183508754,1069.8147999999999,895.3019,1127.9466362106123,1.0848232796928965,1.296277825390519,1,0.14776571077922268,0.14712859872347525,5.146944945247455,71.82911319375934,29.21889989654801,29.05699826217615,0.16190163437185845,1127.4615,1200.1991874081164,1054.7238125918834,0.12902912854771886,0.7275196062638309,21.787857142857156,0.018773572364080407,0.013527557267241308,-0.13589126466738355,227339916.0,0.9699544051912116,1154.19,-0.005488729578823922,0
2023-10-18,1153.41,1163.3,1144.3,1154.19,1154.19,229760780.0,14.27,3.69,-0.005488729578823959,-0.005503848001017067,1072.6306,897.0904,1130.446004190554,1.0760368014859916,1.286592744722271,1,0.1365437427674324,0.14809163542577278,4.934455248593506,67.76674847273085,27.766171299708276,28.798832869682577,-1.0326615699743016,1132.7495000000001,1196.0621559145536,1069.4368440854466,0.11178580244705046,0.6693223865720198,21.576428571428583,0.018694000616387752,0.0144495715227424,0.04195480542723273,226431724.35,1.0147022492522038,1136.04,-0.01572531385647085,0
2023-10-19,1140.78,1149.13,1127.72,1136.04,1136.04,226392705.0,16.11,3.7,-0.0157253138564708,-0.015850268300829477,1075.2188,898.7643,1130.9787656962155,1.056566347240208,1.264002141607093,1,0.15085995891745496,0.1527656251969023,4.273895591905813,57.74556678541908,24.863706771703164,28.0118076500867,-3.1481008783835343,1136.993,1187.3303997614514,1086.6556002385485,0.08854478393694105,0.49053387734560416,22.512857142857165,0.019816958155396962,-0.0024148438254638638,-0.014659051035603166,226396528.85,0.999983109944223,1136.28,0.00021126016689553985,1
2023-10-20,1138.45,1145.79,1128.94,1136.28,1136.28,215954398.0,17.04,3.7,0.00021126016689554383,0.0002112378546088951,1077.8976,900.4352,1131.4836451537187,1.0541632155039589,1.261923123396331,1,0.1513411688164101,0.15029526804819113,3.913547181056025,57.834360101731164,22.325494315041624,26.874544983077687,-4.549050668036063,1140.4630000000002,1178.5201957924694,1102.405804207531,0.06673990439398003,0.4450432446040467,22.110000000000014,0.01945823212588448,-0.001625473364202823,-0.04610708193976476,224700495.5,0.9610766434647225,1136.11,-0.0001496110113705009,0
2023-10-23,1141.62,1151.96,1125.82,1136.11,1136.11,244717416.0,16.51,3.65,-0.00014961101137045407,-0.00014962220421421143,1080.4474,902.14855,1131.924250377174,1.0515181025934255,1.2593380546917687,1,0.14622815112911763,0.15038097737106032,3.824277534153729,57.74180066837599,20.068883480733803,25.513412682608912,-5.44452920187511,1142.9009999999998,1171.7700115413713,1114.0319884586283,0.05051883153719568,0.38238253341909023,22.200714285714316,0.019540990120423478,0.001348516631705099,0.1331902395430724,224613741.4,1.0895033156684686,1152.79,0.014681676950295363,1
2023-10-24,1147.97,1161.03,1139.76,1152.79,1152.79,229703014.0,17.6,3.7,0.01468167695029532,0.014574944536918233,1083.006,903.9794,1133.911464626967,1.0644354694249154,1.2752392366463217,1,0.14068740181783176,0.14563488160890917,3.6749075931881623,63.85435264840556,19.40277660507104,24.29128546710134,-4.888508862030299,1145.1025,1169.3555370318977,1120.8494629681022,0.042359591445965,0.6584853061748693,22.75928571428574,0.019742785515389393,0.008750514092702888,-0.06135403946893592,225665725.65,1.017890569506606,1160.45,0.006644748826759498,1
2023-10-25,1160.33,1164.35,1156.43,1160.45,1160.45,219160350.0,12.45,3.76,0.006644748826759583,0.006622769792990732,1085.6252,905.8556499999999,1136.4389441863034,1.068923234280118,1.2810539957442448,1,0.1276344737687748,0.14570146559239552,3.689326550675897,66.2674671863436,19.27083786653111,23.287195946987296,-4.016358080456186,1147.0275,1169.5961861545884,1124.4588138454114,0.03935160430690424,0.7973699910411889,22.190000000000023,0.019121892369339498,0.005798432949660315,-0.045896933681505825,225838309.5,0.9704303511889333,1150.9,-0.008229566116592662,0
2023-10-26,1145.31,1156.52,1139.71,1150.9,1150.9,204669684.0,14.43,3.71,-0.008229566116592646,-0.008263615934658203,1088.2544,907.7019,1137.8161875971316,1.0575652163685256,1.2679272787685032,1,0.1274165736278588,0.14314856703196782,3.938421797173409,60.816165142254256,18.186033010221536,22.266963359634147,-4.080930349412611,1147.9015000000002,1169.5880044381138,1126.2149955618866,0.03778460858896816,0.5691328565188446,22.182857142857156,0.019274356714620865,-0.00421364112236855,-0.0661190128597623,223858948.7,0.9142796622094563,1171.37,0.01778608045877122,1
2023-10-27,1170.57,1179.06,1162.88,1171.37,1171.37,211862087.0,12.65,3.69,0.01778608045877128,0.017629758972544006,1091.1918,909.65335,1141.0117887783572,1.0734776416025118,1.2877103129450354,1,0.1365010183516066,0.14605428612824342,4.134909526135821,67.06932657480556,18.76180090900789,21.565930869508897,-2.804129960501008,1149.442,1173.209985190325,1125.674014809675,0.041355692919354314,0.9612927815178186,22.741428571428578,0.01941438535341402,-0.0008444505100821953,0.035141516122143335,225450589.05,0.9397273606280693,1185.44,0.012011576188565666,1
2023-10-30,1184.56,1194.28,1175.72,1185.44,1185.44,198775847.0,14.03,3.68,0.012011576188565742,0.011940009721357489,1094.1692,911.6694500000001,1145.2430469899423,1.083415617986688,1.3002958473600272,1,0.1403561666695312,0.14723643066307704,4.308921720299922,70.54839240697879,20.12148458003412,21.277041611613942,-1.1555570315798214,1151.2305,1179.9402478220816,1122.5207521779182,0.049876628220077115,1.095781965952913,22.622142857142876,0.01908333011973856,0.020628852842924594,-0.06176772911710249,224145155.15,0.8868175038937486,1192.8,0.006208665136995461,1
2023-10-31,1195.04,1203.17,1184.69,1192.8,1192.8,227713912.0,17.54,3.7,0.006208665136995473,0.006189470782181807,1097.3876,913.69995,1149.7722806099478,1.086945032001455,1.3054613825906416,1,0.13951317984269718,0.1460207508640386,4.168581608190442,72.20276035024133,21.54458164901439,21.330549619094036,0.21403202992035375,1153.6169999999997,1187.6180823977425,1119.615917602257,0.058946916346956146,1.0762022446897943,22.445000000000018,0.018817069081153603,0.027779692562211356,0.145581394504132,225407828.1,1.0102307178922683,1191.51,-0.001081488933601579,0
2023-11-01,1191.67,1202.51,1180.67,1191.51,1191.51,206558352.0,15.27,3.72,-0.0010814889336016043,-0.0010820741647437411,1100.5856,915.7227500000001,1153.7473015042383,1.0826145644645904,1.301168940053089,1,0.1383473477327492,0.14591408840709538,3.9494722825257074,71.44524228569381,22.311115459195435,21.52666278711432,0.784452672081116,1156.3049999999998,1193.3851706123255,1119.2248293876742,0.06413562271596787,0.9747146442109826,21.886428571428578,0.018368648665498886,0.03233436435942094,-0.09290411733825032,224777730.3,0.9189449138236093,1182.38,-0.007662545845187939,0
2023-11-02,1184.59,1188.61,1178.38,1182.38,1182.38,222852691.0,21.52,3.71,-0.007662545845187885,-0.007692053984565129,1103.5786,917.6788500000001,1156.4742251705013,1.0714053353336137,1.2884463884070119,1,0.13937616212558604,0.1472127590810194,3.7143272741007376,66.15508962148067,21.929099322337834,21.607150094159024,0.3219492281788092,1158.4845,1196.345982983262,1120.623017016738,0.06536381450633019,0.8155647655131252,21.17214285714285,0.017906377693417384,0.04079081722474576,0.07888491964730626,224806832.45,0.9913074641517641,1179.55,-0.0023934775622051745,0
2023-11-03,1182.04,1190.5,1171.11,1179.55,1179.55,251476782.0,15.48,3.66,-0.002393477562205204,-0.002396346508378703,1106.6408000000001,919.6147500000001,1158.671918011406,1.0658833471529332,1.2826566777011785,1,0.1401310637136473,0.14539598069899023,3.970528867652707,64.55937741628344,21.1541396786763,21.51654801106248,-0.36240833238617753,1160.5555,1198.260044735242,1122.8509552647579,0.06497671974362203,0.7518860807447194,20.66428571428571,0.017518787431042102,0.038080402717640016,0.12844399980792698,226319135.4,1.1111600508526862,1192.3,0.0108092069009368,1
2023-11-06,1200.0,1204.36,1187.97,1192.3,1192.3,248487742.0,15.15,3.7,0.010809206900936896,0.010751205019245291,1109.8183999999999,921.6804999999999,1161.8745924865102,1.074319906752312,1.2936153037847715,1,0.14330106624564298,0.14618324065519883,4.270652867583124,68.27247170169414,21.32299876493971,21.47783816183793,-0.15483939689821824,1163.4415,1201.607790044975,1125.2752099550248,0.0656092980092979,0.8780626826070228,21.028571428571418,0.01763698014641568,0.04945823907896241,-0.011885948182683514,227851751.1,1.090567620395172,1213.84,0.01806592300595485,1
2023-11-07,1212.7,1223.88,1202.67,1213.84,1213.84,226935154.0,15.27,3.7,0.018065923005954776,0.01790467340489934,1113.4296000000002,923.8831000000001,1166.8236789163664,1.090181184333522,1.313845875089608,1,0.15182762801698269,0.14814540178637717,4.882339742512251,73.35196137267296,22.93058923121498,21.76838837571334,1.1622008555016414,1166.9940000000001,1209.9879561971381,1124.0000438028621,0.07368325149418276,1.0447975034462331,21.927142857142858,0.018064277711348168,0.0529584746571361,-0.08673501488053281,228783509.5,0.99192094087533,1231.99,0.01495254728794577,1
2023-11-08,1228.51,1240.28,1220.25,1231.99,1231.99,225976017.0,13.41,3.63,0.014952547287945706,0.01484185996042042,1117.3058,926.1777999999999,1173.0299952100456,1.1026435197955653,1.3301873571143685,1,0.15664771229138547,0.14928740820041045,5.360020053192985,76.73225040607399,25.376643422955112,22.490039385161694,2.8866040377934183,1170.9055,1222.2528740322502,1119.55812596775,0.08770541095281612,1.0948162019009897,21.925000000000004,0.01779641068515167,0.06164849842733422,-0.004226480486139272,226701888.0,0.9967981254748086,1227.75,-0.0034415863765128035,0
2023-11-09,1228.65,1238.06,1218.35,1227.75,1227.75,260397804.0,14.86,3.68,-0.0034415863765128174,-0.003447522258052175,1121.2428,928.4895,1178.2414242376603,1.0949903089678703,1.3223089760304236,1,0.15690161945388745,0.14977139750706633,5.083516215934064,74.35925166151104,26.665641511379135,23.325159810405182,3.340481700973953,1174.5045,1231.1971778805782,1117.8118221194218,0.09653888576932648,0.9695976798907856,22.129285714285725,0.018024260406667256,0.06677382917716557,0.15232495667892043,226712748.95,1.1485803299814825,1216.59,-0.009089798411728838,0
2023-11-10,1213.67,1223.1,1207.18,1216.59,1216.59,236613232.0,17.82,3.56,-0.009089798411728855,-0.009131362695003215,1125.0182,930.72105,1181.8936695483594,1.0813958387517641,1.3071478290944423,1,0.16239562629313933,0.149404183122005,4.421816100037001,68.36625057000127,26.48140193380391,23.95640823508493,2.52499369871898,1176.716,1236.4268109404466,1117.0051890595532,0.10148720836700771,0.8338926349445746,21.731428571428573,0.017862573727737835,0.03860436924285238,-0.09133937243188117,228185218.15,1.036934968523946,1219.3,0.0022275376256586333,1
2023-11-13,1224.72,1235.99,1208.07,1219.3,1219.3,221763386.0,15.28,3.7,0.0022275376256586377,0.0022250603418682595,1128.694,932.909,1185.4561772104205,1.0802750789850926,1.3069870694783736,1,0.15656602607485043,0.14936545642738963,4.361621764471665,69.01921797372354,26.251454664378116,24.41541752094357,1.8360371434345453,1179.607,1241.7607367637065,1117.4532632362934,0.10538041358461565,0.8193130619811633,21.945714285714285,0.017998617473726143,0.028563233904710383,-0.06275999813907285,226514035.3,0.9790271305100007,1201.18,-0.014860985811531117,0
2023-11-14,1200.16,1211.72,1189.63,1201.18,1201.18,202544682.0,13.02,3.7,-0.014860985811531169,-0.014972516612306903,1132.0572,934.9595000000002,1186.9536841427614,1.061059458832999,1.2847401411504988,1,0.1626695373115682,0.1514329533519471,4.1674841445217945,60.08815257749825,24.32666458531935,24.39766693381873,-0.07100234849938047,1181.6380000000001,1243.8257803533065,1119.4502196466938,0.10525690668928005,0.6571208997034398,23.239285714285707,0.019347046832519445,0.007025486250838542,-0.08666310677633682,225615801.75,0.8977415607814359,1205.83,0.0038711933265621,1
2023-11-15,1203.78,1215.41,1194.21,1205.83,1205.83,234392781.0,12.69,3.71,0.00387119332656205,0.0038637195397823263,1135.1698000000001,937.03705,1188.7514285101174,1.0622463705429794,1.2868541323952984,1,0.16258893177260472,0.15138093339431238,4.140221301671109,61.4661704490881,22.912351394201323,24.100603825895252,-1.188252431693929,1184.2199999999998,1245.8953739135513,1122.5446260864483,0.10416202042441348,0.6751914794194438,23.272142857142853,0.019299688063112424,0.012018363253350817,0.1572398676949711,225847401.8,1.037836960407308,1205.37,-0.0003814799764477882,0
2023-11-16,1203.67,1213.41,1195.64,1205.37,1205.37,242013166.0,13.87,3.65,-0.00038147997644777387,-0.00038155275844449396,1138.3288,939.05515,1190.334149604392,1.0588944073100846,1.2835987321937374,1,0.160625672297569,0.150344845311925,3.8452288321369843,61.24091037602928,21.50646668441709,23.581776397599622,-2.0753097131825307,1187.6865,1245.641061974811,1129.731938025189,0.09759235618955371,0.6525634859170634,22.530000000000005,0.01869135618108963,0.01944383362370794,0.03251117618677846,226628424.85,1.0678853112101132,1201.47,-0.0032355210433309806,0
2023-11-17,1204.06,1213.62,1191.92,1201.47,1201.47,216446098.0,15.18,3.68,-0.0032355210433310244,-0.0032407666594656023,1141.3473999999999,941.0445500000001,1191.394706784926,1.0526768624522211,1.2767408301764247,1,0.1485154631367619,0.15012402998874594,3.8852829645626734,59.258073218422886,19.848791009407478,22.835179319961195,-2.9863883105537177,1190.946,1243.8388276503547,1138.0531723496451,0.08882489659532904,0.5994841878086853,22.443571428571413,0.018680093076457516,0.018583358060277222,-0.10564329380328008,226653009.85,0.9549667932636104,1185.47,-0.013317019983853113,0
2023-11-20,1184.91,1192.14,1178.24,1185.47,1185.47,232596048.0,17.98,3.73,-0.013317019983853151,-0.01340648666867362,1143.8488,942.9622999999999,1190.8304489958855,1.0363869770200398,1.257176453395857,1,0.1584469151256613,0.15332336971069357,3.463613520735009,51.84210145859983,17.047491936287088,21.677641843226375,-4.6301499069392875,1193.414,1239.7310367201353,1147.0969632798647,0.07762107151432196,0.4142432184466507,22.78285714285713,0.019218417288381088,-0.005728424054348702,0.07461418870207592,226046941.45,1.028972329853216,1192.1,0.005592718499835408,1
2023-11-21,1189.8,1202.16,1179.76,1192.1,1192.1,221137467.0,11.65,3.73,0.005592718499835447,0.005577137316844954,1146.7318,944.9314999999999,1190.951358615325,1.0395630434248007,1.261572928831349,1,0.15868300503569846,0.15344860383068284,3.5783146775803694,54.38931505533708,15.187357426734025,20.379584959927907,-5.192227533193883,1195.3795,1237.5924336504406,1153.1665663495594,0.07062683214896241,0.46115527023520403,22.822857142857142,0.019145086102556115,-0.01791010347327493,-0.049263867974231434,225618664.1,0.9801381808642665,1187.52,-0.003841959567150346,0
2023-11-22,1193.46,1205.23,1175.8,1187.52,1187.52,224279433.0,14.2,3.66,-0.003841959567150388,-0.003849358851723113,1149.8332,946.88485,1190.6245625567226,1.0327758843630537,1.2541334883539428,1,0.15341826979067005,0.15301254777111017,3.647348588942517,52.3301714860108,13.191555660824633,18.941979100107254,-5.750423439282621,1196.733,1235.85289242273,1157.6131075772698,0.06537781179711336,0.382246608696844,23.987142857142867,0.02019935904838897,-0.036096072208378294,0.014208202900325428,225874618.25,0.9929377401393793,1176.2,-0.009532471032066775,0
2023-11-23,1173.18,1186.58,1162.82,1176.2,1176.2,183963113.0,15.36,3.67,-0.00953247103206678,-0.009578195846377122,1152.9704,948.79175,1189.2507946941776,1.0201476117686976,1.2396819428499457,1,0.1567273412010626,0.15456590389464228,3.1881343860271927,47.539531171011916,10.574542246954707,17.268491729476747,-6.69394948252204,1197.998,1232.2053372247549,1163.7906627752452,0.05710750305881359,0.1813841449136997,24.366428571428578,0.02071622901838852,-0.04198737527998364,-0.179759327285262,224839289.7,0.8181982483820309,1147.27,-0.024596157116136764,0
2023-11-24,1147.4,1153.81,1140.87,1147.27,1147.27,223618825.0,10.42,3.71,-0.02459615711613672,-0.02490369591092832,1155.2764,950.5440999999998,1185.2526237709224,0.9930697104173513,1.2069613603408829,1,0.17735832253851622,0.1634900137166502,2.41573429276617,37.97214633965506,6.095861740396231,15.033965731660643,-8.938103991264413,1196.7930000000001,1236.245605063847,1157.3403949361532,0.06593054114423123,-0.1276264890458876,25.117857142857165,0.02189358838186056,-0.05697893291906064,0.21556338851473988,225427126.6,0.9919783318570676,1148.08,0.0007060238653498701,1
2023-11-27,1150.33,1159.01,1139.41,1148.08,1148.08,244463962.0,12.92,3.58,0.0007060238653497919,0.0007057747477489883,1157.6814,952.2909500000001,1181.7123738879773,0.9917063537515589,1.2055979320185704,1,0.1651125304766263,0.1633854652416349,2.3186612968769347,38.34627325232897,2.5820708963358356,12.543586764595682,-9.961515868259847,1194.925,1239.8054036477727,1150.0445963522272,0.07511836081383376,-0.021887017412140945,24.262142857142862,0.02113279811262531,-0.05841056343803819,0.09321727274079006,227711532.35,1.073568648355723,1167.65,0.017045850463382486,1
2023-11-28,1161.93,1172.99,1156.62,1167.65,1167.65,216450455.0,13.3,3.64,0.017045850463382584,0.016902200084959483,1159.979,954.13175,1180.3731001843603,1.0066130507535052,1.2237827742342713,1,0.17089418794423702,0.16527496444986983,2.8744389517507805,46.70947686847184,1.3608151535954676,10.30703244239564,-8.946217288800172,1193.6675,1240.1783349007621,1147.156665099238,0.07792929756523179,0.22030710633627096,24.15285714285715,0.020685014467397893,-0.027914217685942155,-0.11459156094344902,227148359.5,0.9529034481096483,1186.36,0.016023637220057216,1
2023-11-29,1188.07,1197.5,1176.96,1186.36,1186.36,228419211.0,13.01,3.72,0.016023637220057285,0.015896613866036035,1162.7376,956.04655,1180.9432811191832,1.0203161917185786,1.2409019205184098,1,0.1790553587989879,0.1672893273965552,3.2944765062749064,53.240099127983825,1.881018601264941,8.6218296741695,-6.74081107290456,1193.41,1240.0280290401363,1146.7919709598639,0.07812575567507754,0.4243854776190258,24.877142857142854,0.020969303463655935,-0.016146554655299683,0.05529559177872834,228241402.45,1.0007790372302807,1182.62,-0.003152500084291454,0
2023-11-30,1178.87,1191.74,1169.78,1182.62,1182.62,214270862.0,15.48,3.7,-0.0031525000842914652,-0.003157479680888649,1165.3666,957.8955000000001,1181.102968631642,1.014805126558458,1.2346023130915635,1,0.17932775715932878,0.16731130147662748,3.039897555585272,51.871685351713005,1.9688017172309173,7.291224082781785,-5.322422365550867,1193.422,1240.0281963805317,1146.8158036194684,0.07810514031162921,0.3841141217340741,24.976428571428578,0.021119572281399417,-0.018873872752764753,-0.06194027611801878,227812311.0,0.9405587479422919,1177.34,-0.00446466320542522,0
2023-12-01,1180.25,1184.42,1173.18,1177.34,1177.34,233807729.0,14.6,3.67,-0.004464663205425268,-0.004474659578917917,1167.5758,959.67925,1180.7445906667235,1.0083627975160154,1.2268057270176467,1,0.17800982283247221,0.16759050124894884,2.9857781747069994,49.92090645603426,1.5939445947856257,6.151768185182553,-4.557823590396928,1193.3115,1240.0664208331414,1146.5565791668587,0.0783616362250798,0.3291997963451987,23.785,0.020202320485161466,-0.02008373076314862,0.09117836563330761,226928858.35,1.0303128949751754,1183.44,0.005181171114546466,1
2023-12-04,1180.03,1189.13,1174.35,1183.44,1183.44,223710844.0,13.61,3.57,0.005181171114546412,0.00516779503011517,1169.4976000000001,961.5441500000001,1181.0012963175118,1.0119217003951098,1.230770318762794,1,0.17873588797472664,0.16511068352525762,2.7534323519943413,52.15939535712261,1.7686981929291505,5.275154186731873,-3.5064559938027227,1192.8685,1239.8312082852099,1145.9057917147902,0.078739120506863,0.3996171606720458,22.721428571428596,0.019199476586416374,-0.0017124009886373415,-0.043184564698457883,225690013.45,0.991230584731041,1173.97,-0.00800209558575004,0
2023-12-05,1176.41,1183.93,1166.47,1173.97,1173.97,211063273.0,16.07,3.64,-0.008002095585750046,-0.008034284185130688,1170.8018000000002,963.45,1180.3316490491773,1.00270600882233,1.2185064092583944,1,0.17655543992516112,0.16606142230034257,2.608795098767622,48.53249260844018,1.130015704945663,4.446126490374631,-3.316110785428968,1190.875,1237.472886782982,1144.277113217018,0.07825823328719275,0.3186076540439548,22.45428571428574,0.019126796863877048,-0.015208455666470888,-0.056535350606428336,224896419.4,0.9384910331747149,1178.28,0.0036713033552816044,1
2023-12-06,1182.19,1189.71,1170.79,1178.28,1178.28,250819650.0,19.31,3.61,0.003671303355281541,0.003664580570349329,1171.9284,965.34015,1180.1362539016366,1.0054197850312356,1.220585303532646,1,0.1638866372993467,0.16608606106736828,2.6252691078234593,50.228758051500655,0.9605634342469784,3.749013879149101,-2.7884504449021223,1188.1895,1230.8335027128835,1145.5454972871164,0.07177980063423833,0.3838113290266963,22.536428571428605,0.019126547655420278,-0.007780921584478628,0.18836236373535242,226138601.05,1.109141247161704,1187.56,0.007875886885969356,1
2023-12-07,1190.63,1196.26,1181.95,1187.56,1187.56,243756310.0,19.1,3.66,0.007875886885969408,0.007845033978975334,1173.0112,967.3218499999999,1180.843277339576,1.0124029506282635,1.2276782541405429,1,0.1566844512081903,0.16583589124063786,2.5929859000225868,53.762315419026514,1.5571399921409466,3.31063910174747,-1.7534991096065236,1186.1799999999998,1224.5481018831167,1147.811898116883,0.06469187118832646,0.5179836886860615,22.27071428571433,0.018753338177198906,0.009658221390919763,-0.02816103124296676,225306526.35,1.081887479909656,1201.89,0.012066758732190505,1
2023-12-08,1202.8,1211.94,1192.76,1201.89,1201.89,216914131.0,10.19,3.6,0.012066758732190541,0.01199453581620908,1174.2377999999999,969.3794499999999,1182.8477271167592,1.0235490630603106,1.2398550433475768,1,0.16357225260407188,0.16473588270177092,3.1884665339098115,58.64485843312511,3.1499319962788377,3.278497680653744,-0.12856568437490612,1185.4450000000002,1221.8744845883991,1149.0155154116012,0.061461281777506725,0.725710028361356,22.352857142857196,0.018598088962265426,0.04760867101902799,-0.11011890933202917,224321571.3,0.9669784753331031,1201.95,4.9921373836162566e-05,1
2023-12-11,1201.12,1210.79,1192.28,1201.95,1201.95,236211295.0,16.44,3.59,4.992137383608153e-05,4.9920127805767546e-05,1175.2834,971.47505,1184.6669912008774,1.0226895062076091,1.237242274003846,1,0.16089253970387668,0.16113783453873826,3.6282565367701376,58.66454012854877,4.3667356234946055,3.4961452692219166,0.8705903542726889,1184.5774999999999,1218.341269978571,1150.8137300214287,0.05700559056464046,0.7572654062367544,22.075000000000045,0.018365988601855357,0.04692181729496214,0.08896222625532868,225043966.75,1.0496228733046007,1200.89,-0.0008819002454344569,0
2023-12-12,1198.81,1208.75,1190.96,1200.89,1200.89,236904710.0,14.55,3.53,-0.0008819002454344416,-0.0008822893482392833,1176.3998000000001,973.62465,1186.2120396579367,1.0208179226144036,1.2334219352396225,1,0.16058197639864089,0.1583265521492963,3.991404714441455,58.13811903787624,5.185750025176503,3.834066220412834,1.351683804763669,1184.5629999999999,1218.296984800706,1150.8290151992937,0.056955999470990844,0.7419963146321875,21.243571428571467,0.01768985621378433,0.028467434590844887,0.0029355708836869,226761968.15,1.0447285844833147,1192.57,-0.0069281949220995785,0
2023-12-13,1197.83,1204.47,1185.96,1192.57,1192.57,238740271.0,15.39,3.7,-0.0069281949220996175,-0.006952306294600089,1177.4962,975.7100999999999,1186.8175596905141,1.0128015699753425,1.222258537653756,1,0.15396727645030292,0.15821221184239617,3.5058978644947087,54.03920592172699,5.104627405124802,4.0881784573552284,1.0164489477695735,1183.9,1216.3716835348418,1151.4283164651583,0.054855449843423144,0.6335009315125828,20.801428571428605,0.017442522092144367,0.0052344988030614825,0.0077480983809903314,226979342.65,1.0518149722908274,1184.85,-0.0064734145584745785,0
2023-12-14,1182.37,1195.26,1171.98,1184.85,1184.85,197850521.0,14.0,3.61,-0.0064734145584746106,-0.006494457970812265,1178.4174,977.7266999999999,1186.6301730533223,1.0054586770358278,1.2118417140495397,1,0.15460697338020632,0.1586902454349902,3.4333371385084606,50.48265844571117,4.3670569489004265,4.143954155664268,0.22310279323615845,1182.874,1213.7466984824277,1152.0013015175723,0.05219947091981331,0.5320023855477453,19.940714285714307,0.01682973733866254,0.0018856437401701953,-0.17127294791417913,224771210.4,0.8802307050262697,1183.56,-0.0010887454108114646,0
2023-12-15,1179.88,1195.26,1168.22,1183.56,1183.56,245115614.0,15.29,3.64,-0.001088745410811498,-0.0010893385246353302,1179.326,979.7533500000001,1186.3377756196726,1.003590186258931,1.2080183242037394,1,0.15460282771388947,0.15240922838887766,2.9095087666193753,49.891769786011274,3.6365153441788607,4.042466393367187,-0.40595104918832625,1181.9785,1211.593423887291,1152.3635761127089,0.05011076578341487,0.5267010647316231,20.47214285714288,0.017297089169237622,0.005283095792209647,0.2388929418083261,226204686.2,1.083600955036271,1188.61,0.004266788333502277,1
2023-12-18,1190.98,1198.17,1181.44,1188.61,1188.61,217530268.0,15.38,3.63,0.004266788333502358,0.004257711402563209,1180.4066,981.89135,1186.5541779416087,1.0069496392175372,1.210531083709007,1,0.15531100606232387,0.1519835050424933,3.138504430277924,52.24812219822982,3.4255609206029476,3.9190852988143394,-0.49352437821139183,1182.1354999999999,1211.861444347932,1152.4095556520676,0.05029194089494324,0.6089031844305647,19.887857142857165,0.016732029128862423,0.00436862029338192,-0.1125401419756148,225451397.2,0.9648654685738183,1199.56,0.009212441423175009,1
2023-12-19,1196.7,1206.52,1189.76,1199.56,1199.56,221238011.0,13.55,3.58,0.0092124414231749,0.009170265714300472,1181.542,984.0991500000001,1187.7928276614555,1.0152495637057337,1.2189422173568587,1,0.15138266753778867,0.1526564469729975,3.297715792065385,56.972893044439424,4.0947497805295825,3.9542181951573885,0.140531585372194,1182.5085,1212.939752132039,1152.0772478679608,0.05146897824753637,0.7801642851440117,19.035000000000032,0.015868318383407277,0.021797831290407688,0.01704472225446807,225456424.4,0.9812894513375419,1192.06,-0.00625229250725266,0
2023-12-20,1188.66,1201.34,1179.41,1192.06,1192.06,273662930.0,12.76,3.57,-0.006252292507252677,-0.006271919941793638,1182.308,986.2524500000001,1188.1992250270312,1.0082482737154785,1.2086763383959147,1,0.15202604730757985,0.1513123508990353,2.7667489067813156,53.097662656661385,3.9740886334002425,3.9581922828059595,0.01589635059428307,1182.7355,1213.3910591079086,1152.0799408920914,0.051838401921448556,0.6520849769290669,19.03285714285716,0.015966358356842073,0.011695013069898508,0.23696162681556565,227925599.25,1.2006678095856755,1209.33,0.01448752579568141,1
2023-12-21,1204.09,1216.89,1196.56,1209.33,1209.33,232782784.0,13.88,3.58,0.014487525795681355,0.014383584294565164,1183.3792,988.5388499999999,1190.2116797863614,1.0219294035250914,1.2233510094216329,1,0.1592151758941046,0.14939830223176867,2.6765048673481844,59.867006389707754,5.211928604927152,4.208939547230198,1.0029890576969542,1184.392,1217.0740424538512,1151.7099575461489,0.05518788113027374,0.8815245028570683,20.00357142857146,0.016541036299911074,0.018331705345414173,-0.14938137949484065,230366582.8,1.0104885056271278,1207.53,-0.0014884274763711763,0
2023-12-22,1205.78,1215.56,1197.76,1207.53,1207.53,220739356.0,15.59,3.59,-0.0014884274763711236,-0.0014895362849380023,1184.0826000000002,990.80645,1191.8610436162319,1.0198021658286338,1.2187344965305786,1,0.154945626946508,0.1449910447032409,2.1737228024080593,58.912617767287216,5.978761305069838,4.562903898798126,1.4158574062717122,1187.405,1216.6023729893918,1158.2076270106081,0.049178457206037134,0.8446371700369635,20.219285714285725,0.016744334065642862,0.004692609140603432,-0.051736764175824956,230222609.35,0.9588083317412891,1208.44,0.000753604465313559,1
2023-12-25,1208.14,1218.39,1198.2,1208.44,1208.44,188907348.0,16.5,3.64,0.0007536044653135843,0.0007533206480502009,1185.0218,993.0755499999999,1193.4399918432575,1.0197618305418517,1.216866128664632,1,0.12319859769929166,0.1434154282602228,1.8869264083032882,59.2661643047049,6.584014716235288,4.967126062285558,1.6168886539497294,1190.423,1214.5418304684517,1166.3041695315483,0.040521445685158086,0.8735048435017073,20.41428571428573,0.016893090028702897,0.005399559049877212,-0.14420630999757011,227444778.65,0.8305635729308046,1201.48,-0.005759491575916087,0
2023-12-26,1202.36,1206.52,1197.32,1201.48,1201.48,251820872.0,17.13,3.58,-0.0057594915759160425,-0.005776141408012523,1185.8402,995.2865,1194.2057069058046,1.0131887922166916,1.2071699957750859,1,0.12638301570763882,0.14289850805370297,1.4464310252693466,55.34370136874368,6.427970924798046,5.259295034788056,1.1686758900099905,1192.1145,1214.1650863153372,1170.0639136846626,0.03699407450428435,0.7123639676822007,19.857142857142872,0.01652723545722182,0.0004913022841392944,0.3330390515037034,229213299.5,1.0986311551263193,1176.67,-0.02064953224356622,0
2023-12-27,1180.03,1190.97,1165.76,1176.67,1176.67,203958830.0,13.76,3.71,-0.02064953224356625,-0.020865715062227223,1186.2898,997.3657,1192.5356395814424,0.991890851628329,1.1797778888927102,1,0.1375462607654842,0.14885078574838664,0.6643372526348025,44.13125221761568,4.253315863987837,5.058099200628012,-0.8047833366401758,1191.6299999999999,1214.6188219978783,1168.6411780021215,0.038583825512716385,0.17462447615725887,21.12428571428573,0.017952599891461266,-0.01333255070981143,-0.1900638402999415,227990280.45,0.8945944081363141,1187.2,0.0089489831473565,1
2023-12-28,1189.07,1197.43,1178.85,1187.2,1187.2,209939819.0,15.71,3.67,0.008948983147356593,0.008909178296706054,1187.3129999999999,999.52715,1192.0274834308289,0.999904827118039,1.1877616330882057,1,0.1293622285307788,0.149058678552264,0.6892919515380508,48.866314256647314,3.3410554503730054,4.714690450577011,-1.3736350002040059,1191.859,1214.559355573557,1169.1586444264428,0.038092350812534106,0.3973804620526655,20.865714285714294,0.017575567963034278,0.0019833734227963085,0.029324491614312498,227773728.3,0.9217033964667294,1196.23,0.007606132075471675,1
