Date,Open,High,Low,Close,Adj Close,Volume,VIX,Treasury_Yield_10Y
2020-02-06,339.27,343.95,333.4,338.06,338.06,350000000.0,54.06,0.55
2020-07-17,329.14,332.5,325.77,329.13,329.13,310190207.0,20.92,0.69
2020-10-19,357.01,360.84,353.68,357.5,357.5,326478112.0,27.47,0.65
2019-07-22,350.13,352.71,345.9,348.47,348.47,210503457.0,11.19,2.08
2018-09-03,280.48,282.28,277.8,279.59,279.59,263845056.0,13.18,3.06
2022-11-25,792.62,800.07,783.12,790.54,790.54,350000000.0,24.72,4.09
2018-08-15,274.2,276.41,270.95,273.15,273.15,226604229.0,17.26,3.03
2021-03-18,463.34,466.17,457.74,460.55,460.55,213683685.0,15.31,1.65
2020-06-30,323.7,326.48,321.23,324.01,324.01,310190959.0,29.35,0.8
2019-09-05,372.31,374.45,369.92,372.06,372.06,200437746.0,10.68,1.98
2023-11-21,1189.8,1202.16,1179.76,1192.1,1192.1,221137467.0,11.65,3.73
2019-06-07,338.23,340.93,336.04,338.74,338.74,197560714.0,11.6,2.17
2020-09-21,350.31,353.22,348.05,350.96,350.96,315109780.0,23.33,0.64
2022-04-18,807.27,815.0,796.98,804.68,804.68,350000000.0,27.83,2.99
2023-10-24,1147.97,1161.03,1139.76,1152.79,1152.79,229703014.0,17.6,3.7
2020-02-11,320.85,326.11,315.98,321.23,321.23,350000000.0,51.42,0.61
2020-01-07,360.53,363.75,357.3,360.52,360.52,315235381.0,28.44,0.58
2018-07-09,269.47,271.42,265.97,267.91,267.91,225203518.0,16.02,2.98
2021-11-12,663.23,670.73,655.71,663.22,663.22,203993896.0,15.41,1.84
2023-12-27,1180.03,1190.97,1165.76,1176.67,1176.67,203958830.0,13.76,3.71
2023-05-10,813.87,818.71,807.18,812.01,812.01,224652685.0,9.66,3.93
2023-10-25,1160.33,1164.35,1156.43,1160.45,1160.45,219160350.0,12.45,3.76
2019-04-19,318.81,320.97,316.87,319.02,319.02,205025349.0,17.85,2.17
2018-02-12,259.25,260.97,258.01,259.72,259.72,154517549.0,13.4,2.84
2019-08-22,379.4,382.4,376.53,379.53,379.53,191281414.0,9.11,1.96
2023-07-28,1007.29,1015.81,999.34,1007.86,1007.86,232008015.0,18.25,3.78
2019-08-19,376.18,379.13,373.27,376.22,376.22,168339522.0,13.86,2.0
2019-04-09,320.42,322.29,316.75,318.61,318.61,174440590.0,10.56,2.29
2019-04-24,319.38,320.75,317.97,319.33,319.33,180482481.0,15.78,2.29
2019-11-22,384.65,387.2,379.93,382.47,382.47,222795468.0,9.0,1.8
2020-03-09,262.52,266.34,257.87,261.68,261.68,350000000.0,56.11,0.82
2022-08-11,790.13,796.51,783.28,789.66,789.66,350000000.0,22.62,3.61
2020-11-06,368.62,373.13,364.93,369.44,369.44,313949343.0,27.77,0.61
2020-01-09,364.0,366.31,361.51,363.82,363.82,298746138.0,23.25,0.65
2019-11-12,368.34,371.18,366.59,369.43,369.43,184689390.0,11.11,1.98
2022-10-20,758.52,765.88,750.71,758.07,758.07,320831640.0,24.34,3.9
2023-01-10,786.37,790.47,781.75,785.84,785.84,221879716.0,15.07,4.01
2019-08-14,367.61,370.27,364.57,367.23,367.23,182184583.0,15.29,2.01
2023-06-09,897.16,901.3,893.64,897.78,897.78,223877769.0,12.81,3.83
2019-04-10,319.28,322.21,316.2,319.13,319.13,184795463.0,17.17,2.23
2018-06-22,269.04,270.69,267.09,268.74,268.74,205108619.0,15.1,3.0
2019-05-07,313.9,317.91,312.36,316.37,316.37,156196488.0,15.91,2.31
2021-12-10,718.83,724.67,712.81,718.65,718.65,202160676.0,17.46,1.82
2018-10-05,277.62,279.91,274.64,276.92,276.92,313876149.0,24.31,2.93
2022-11-11,747.45,753.85,738.96,745.35,745.35,350000000.0,20.38,4.13
2023-12-19,1196.7,1206.52,1189.76,1199.56,1199.56,221238011.0,13.55,3.58
2018-02-01,263.99,265.64,262.64,264.29,264.29,222649470.0,16.55,2.84
2022-06-20,831.48,844.68,822.15,835.31,835.31,350000000.0,26.85,3.4
2018-04-02,255.78,259.15,253.87,257.23,257.23,187775024.0,10.47,2.94
2019-09-06,373.33,374.41,371.25,372.32,372.32,164811094.0,11.44,1.87
2021-09-15,654.97,661.12,650.0,656.13,656.13,210128846.0,17.37,1.75
2020-08-07,336.89,340.7,332.27,336.07,336.07,322553553.0,22.75,0.59
2018-08-30,275.95,279.1,273.66,276.8,276.8,212571367.0,10.65,3.14
2018-03-23,259.36,261.95,255.37,257.95,257.95,200641758.0,13.73,2.93
2019-05-29,325.87,327.7,324.09,325.92,325.92,186633228.0,17.14,2.18
2022-03-31,712.79,718.52,704.0,709.7,709.7,350000000.0,22.29,2.86
2019-06-04,326.39,329.21,324.18,327.0,327.0,193049427.0,14.64,2.2
2018-07-17,268.2,271.0,266.1,268.9,268.9,201801318.0,11.96,3.07
2019-01-15,277.1,278.27,275.45,276.63,276.63,176059393.0,14.65,2.5
2019-12-26,378.89,379.71,377.19,378.0,378.0,199488058.0,15.56,1.69
2021-01-06,431.03,434.41,426.95,430.32,430.32,211448525.0,17.27,1.5
2020-08-28,350.2,353.98,347.13,350.91,350.91,276885564.0,23.5,0.67
2019-05-21,321.72,322.71,320.93,321.92,321.92,204913669.0,13.98,2.23
2021-07-05,598.9,602.95,595.6,599.64,599.64,221541800.0,18.4,1.63
2022-12-15,766.23,774.76,755.57,764.06,764.06,350000000.0,22.61,4.23
2021-04-28,485.68,489.34,482.5,486.15,486.15,199071067.0,19.06,1.63
2020-04-03,263.19,264.89,261.58,263.27,263.27,343328783.0,23.52,0.83
2021-11-10,659.98,663.98,655.31,659.31,659.31,211021480.0,17.7,1.77
2021-03-26,462.94,465.04,460.35,462.45,462.45,226668084.0,19.08,1.61
2022-05-06,840.88,850.61,831.3,841.03,841.03,350000000.0,25.61,3.09
2021-12-20,725.49,727.82,721.43,723.76,723.76,207464625.0,16.45,1.85
2022-03-28,721.28,729.45,715.69,723.84,723.84,350000000.0,27.41,2.87
2018-03-09,252.74,254.32,250.76,252.35,252.35,238075934.0,14.07,3.05
2019-05-06,312.49,314.44,310.82,312.77,312.77,211243908.0,15.2,2.28
2018-10-04,281.3,283.86,279.66,282.22,282.22,330329625.0,22.25,3.04
2021-06-14,568.65,573.32,562.54,567.19,567.19,179501490.0,18.18,1.63
2019-03-08,297.52,300.1,294.68,297.26,297.26,205324508.0,16.72,2.27
2022-09-28,824.82,832.76,816.79,824.74,824.74,350000000.0,30.81,3.86
2021-12-03,716.49,721.13,709.73,714.36,714.36,176663472.0,20.62,1.86
2018-05-18,261.86,264.23,259.52,261.89,261.89,207372953.0,10.25,2.95
2020-01-23,351.98,355.8,348.31,352.13,352.13,310503460.0,25.29,0.61
2020-04-16,265.22,268.96,262.45,266.18,266.18,298931287.0,24.45,0.84
2023-03-27,767.28,773.78,756.98,763.44,763.44,228363242.0,17.11,3.89
2019-01-14,279.52,281.47,277.17,279.11,279.11,188375053.0,14.95,2.58
2020-12-04,386.35,390.65,382.51,386.8,386.8,311439430.0,28.84,0.79
2023-04-14,767.39,773.29,761.64,767.55,767.55,257378271.0,10.43,3.86
2023-01-02,766.47,770.88,760.47,764.87,764.87,208003576.0,10.7,4.09
2020-07-27,337.4,342.11,334.12,338.81,338.81,288794683.0,24.04,0.74
2021-01-14,423.39,426.9,421.95,425.45,425.45,197549411.0,18.31,1.54
2021-03-16,460.21,463.39,456.6,459.78,459.78,196889494.0,24.28,1.49
2019-01-21,277.0,280.81,275.32,279.12,279.12,219253087.0,15.55,2.32
2023-08-10,1000.07,1012.65,994.09,1006.63,1006.63,229116593.0,15.03,3.78
2022-07-04,870.52,883.24,862.03,874.71,874.71,338878030.0,26.23,3.43
2018-03-13,252.92,254.73,250.72,252.52,252.52,212426290.0,17.03,2.88
2018-04-09,260.24,261.77,258.57,260.09,260.09,214367093.0,17.3,2.91
2020-09-07,350.75,354.66,347.05,350.96,350.96,329055207.0,28.79,0.55
2018-04-17,263.27,266.29,260.86,263.88,263.88,192940884.0,15.73,2.88
2018-06-21,268.17,270.07,265.42,267.32,267.32,220983110.0,13.68,3.05
2022-01-12,763.18,772.13,756.2,765.13,765.13,350000000.0,26.06,2.45
2023-12-05,1176.41,1183.93,1166.47,1173.97,1173.97,211063273.0,16.07,3.64
2020-05-07,284.63,288.06,281.06,284.49,284.49,301718012.0,24.86,0.9
2021-12-30,731.82,739.98,725.81,733.95,733.95,199007484.0,18.35,1.85
2020-10-07,352.19,354.99,348.04,350.83,350.83,280420642.0,25.31,0.68
2020-05-15,304.38,307.08,303.03,305.73,305.73,303507936.0,21.93,0.91
2021-11-15,672.1,675.19,667.77,670.85,670.85,173498632.0,13.21,1.8
2020-12-18,424.54,427.61,419.45,422.5,422.5,317183161.0,30.01,0.86
2019-11-21,378.05,380.61,375.44,378.0,378.0,176435418.0,14.41,1.79
2019-06-20,334.6,339.16,331.81,336.36,336.36,198352674.0,11.83,2.08
2021-03-19,461.96,466.4,455.76,460.18,460.18,207192660.0,13.98,1.55
2023-08-09,1015.06,1022.89,1005.59,1013.4,1013.4,211434666.0,15.41,3.8
2020-04-14,270.64,273.03,267.85,270.24,270.24,322992040.0,26.38,0.92
2018-12-12,274.55,278.54,271.36,275.34,275.34,333949569.0,25.23,3.11
2021-07-26,611.39,616.32,605.1,610.02,610.02,208293305.0,17.9,1.76
2022-09-20,770.29,779.95,762.57,772.2,772.2,350000000.0,23.56,3.78
2022-09-06,756.25,762.0,750.38,756.14,756.14,350000000.0,26.24,3.79
2018-11-30,288.82,290.4,287.13,288.71,288.71,324454119.0,23.1,3.09
2019-12-02,380.27,382.27,377.6,379.59,379.59,184998545.0,15.55,1.89
2019-11-11,371.51,374.41,367.81,370.7,370.7,196326537.0,11.19,1.81
2021-03-24,460.07,463.8,455.87,459.59,459.59,203810499.0,17.76,1.54
2022-01-13,766.29,775.17,758.76,767.63,767.63,349686837.0,20.63,2.55
2022-12-12,729.42,735.31,720.57,726.43,726.43,340039906.0,26.36,4.26
2020-01-30,362.8,365.64,359.09,361.91,361.91,318148501.0,30.18,0.73
2020-04-07,264.39,266.43,261.01,263.04,263.04,293704307.0,24.11,0.86
2023-11-15,1203.78,1215.41,1194.21,1205.83,1205.83,234392781.0,12.69,3.71
2020-03-26,270.01,275.93,265.85,271.75,271.75,350000000.0,52.87,0.8
2018-04-04,258.0,260.88,256.59,259.46,259.46,221759030.0,15.55,2.87
2023-04-20,780.44,787.78,775.32,782.64,782.64,204110051.0,15.02,3.92
2018-02-09,261.07,261.71,260.18,260.82,260.82,208583946.0,13.21,2.83
2021-09-28,636.89,640.21,634.13,637.45,637.45,210805111.0,16.86,1.7
2020-09-11,340.59,344.4,337.77,341.58,341.58,320451090.0,26.49,0.58
2022-01-05,731.82,738.14,724.83,731.14,731.14,350000000.0,29.09,2.39
2019-08-21,376.45,379.63,373.14,376.31,376.31,187991641.0,11.19,1.92
2018-08-23,279.89,282.56,278.19,280.86,280.86,186365270.0,17.38,3.1
2018-09-17,289.84,290.73,288.59,289.47,289.47,227391188.0,11.75,3.06
2021-07-28,611.49,616.98,607.76,613.24,613.24,226668367.0,17.3,1.71
2022-08-10,785.3,793.01,775.83,783.53,783.53,350000000.0,22.55,3.64
2022-03-22,706.24,713.68,695.98,703.38,703.38,350000000.0,27.16,2.8
2019-02-28,292.9,294.25,291.63,292.98,292.98,206640633.0,17.18,2.35
2020-08-26,343.32,345.99,340.7,343.37,343.37,288530743.0,22.34,0.68
2023-12-13,1197.83,1204.47,1185.96,1192.57,1192.57,238740271.0,15.39,3.7
2023-03-09,782.83,788.37,776.0,781.53,781.53,203962246.0,14.02,3.9
2023-10-18,1153.41,1163.3,1144.3,1154.19,1154.19,229760780.0,14.27,3.69
2020-11-20,345.63,347.91,343.41,345.69,345.69,290378490.0,25.23,0.77
2023-12-07,1190.63,1196.26,1181.95,1187.56,1187.56,243756310.0,19.1,3.66
2020-04-29,282.37,284.72,280.16,282.51,282.51,330013229.0,23.99,0.87
2019-02-08,284.36,287.12,282.05,284.81,284.81,202384741.0,14.95,2.35
2023-09-22,1068.02,1074.63,1060.28,1066.88,1066.88,249875065.0,15.14,3.67
2023-02-01,769.96,779.46,763.58,773.05,773.05,271113219.0,17.04,4.04
2022-11-14,758.9,765.32,751.38,757.79,757.79,350000000.0,28.65,4.08
2018-09-14,287.34,290.07,284.93,287.65,287.65,226936955.0,15.96,3.12
2021-08-11,603.0,611.15,597.67,605.8,605.8,192361545.0,19.53,1.72
2020-11-27,366.59,369.66,362.59,365.65,365.65,332080712.0,26.14,0.76
2019-05-09,318.55,320.53,316.64,318.61,318.61,212132576.0,18.99,2.26
2021-09-14,647.32,650.51,642.98,646.17,646.17,193857772.0,17.36,1.72
2023-08-29,1032.21,1040.7,1024.8,1033.28,1033.28,229818700.0,21.78,3.8
2020-07-14,332.31,336.37,328.67,332.72,332.72,286439739.0,24.42,0.76
2019-06-19,338.96,341.08,335.12,337.23,337.23,210650280.0,11.37,2.06
2022-02-03,696.66,709.72,690.0,703.0,703.0,325415703.0,22.06,2.57
2023-02-22,806.52,810.45,799.49,803.4,803.4,197837964.0,16.21,3.92
2022-11-10,733.78,740.02,725.19,731.41,731.41,325928559.0,21.79,4.12
2018-03-02,253.95,256.28,252.39,254.71,254.71,222276158.0,9.13,2.94
2018-11-05,313.03,315.42,311.13,313.52,313.52,336199439.0,25.73,3.15
2022-01-25,738.96,747.48,729.87,738.38,738.38,350000000.0,25.21,2.6
2021-07-07,609.66,615.87,598.4,604.56,604.56,228175606.0,15.09,1.68
2019-03-05,297.3,299.06,295.04,296.79,296.79,184565253.0,17.19,2.38
2020-09-15,341.26,343.83,337.44,340.0,340.0,308046843.0,24.55,0.53
2021-02-08,432.16,436.14,427.7,431.67,431.67,224731163.0,20.51,1.47
2019-10-22,360.01,363.32,357.49,360.79,360.79,183687531.0,11.29,1.99
2022-07-06,850.33,858.05,840.77,848.47,848.47,350000000.0,25.36,3.43
2018-06-11,265.43,267.38,262.88,264.82,264.82,,16.75,2.89
2022-12-08,747.79,755.61,740.76,748.58,748.58,350000000.0,27.35,4.18
2022-08-24,743.96,750.33,733.3,739.64,739.64,299258507.0,22.41,3.72
2021-03-12,451.62,455.49,448.58,452.44,452.44,208074903.0,19.19,1.56
2020-12-09,396.12,398.36,393.03,395.27,395.27,334078210.0,23.18,0.91
2022-06-10,838.41,848.92,826.41,836.89,836.89,325822144.0,24.88,3.27
2020-07-13,335.06,338.67,330.87,334.48,334.48,330660934.0,26.64,0.79
2022-11-02,783.67,790.64,775.95,782.91,782.91,350000000.0,25.94,4.11
2018-04-19,264.47,266.43,261.8,263.76,263.76,210339171.0,14.35,2.88
2020-06-29,318.04,321.0,315.21,318.18,318.18,344310044.0,20.73,0.77
2023-07-14,943.0,950.85,937.3,945.13,945.13,244226548.0,13.1,3.79
2022-03-21,733.93,742.23,729.13,737.41,737.41,348141603.0,23.6,2.89
2019-09-26,365.86,369.94,363.14,367.21,367.21,205565698.0,14.21,1.9
2019-04-26,317.17,319.94,315.09,317.85,317.85,199205443.0,13.35,2.24
2021-08-06,604.9,607.71,600.19,602.99,602.99,196304524.0,13.8,1.7
2018-01-22,270.09,271.97,267.83,269.71,269.71,199353861.0,14.21,2.86
2020-05-04,285.42,289.51,281.95,286.03,286.03,333936965.0,27.02,0.91
2021-02-11,433.89,439.58,431.35,437.03,437.03,206025644.0,20.45,1.55
2020-12-23,408.92,414.47,405.13,410.66,410.66,308466052.0,23.67,0.98
2020-05-29,331.29,334.2,328.39,331.31,331.31,318471886.0,25.76,0.82
2018-12-03,284.72,286.45,283.05,284.78,284.78,342009339.0,27.07,3.14
2021-12-21,716.7,722.88,711.17,717.34,717.34,210753215.0,15.44,1.85
2020-01-10,362.5,366.22,356.41,360.11,360.11,350000000.0,27.72,0.72
2020-03-03,305.35,310.66,300.58,305.88,305.88,350000000.0,51.26,0.75
2018-10-11,288.33,290.9,285.26,287.83,287.83,344240946.0,25.5,3.01
2020-03-17,254.37,258.77,250.38,254.78,254.78,350000000.0,57.32,0.86
2021-04-12,472.71,479.72,468.7,475.69,475.69,192976620.0,16.42,1.53
2021-04-20,471.54,475.81,467.94,472.21,472.21,211322586.0,15.4,1.54
2021-07-13,606.07,609.65,602.16,605.74,605.74,207053263.0,16.6,1.67
2023-08-11,1002.31,1009.31,995.33,1002.34,1002.34,200119112.0,19.09,3.82
2023-09-27,1119.49,1129.51,1111.95,1121.95,1121.95,215708673.0,20.79,3.73
2023-10-10,1144.59,1155.99,1131.41,1142.79,1142.79,208299986.0,21.5,3.69
2022-10-31,777.85,787.23,767.27,776.65,776.65,350000000.0,27.96,3.98
2022-01-27,724.8,736.1,718.85,730.11,730.11,340923332.0,26.11,2.59
2022-08-25,751.94,758.62,742.97,749.63,749.63,350000000.0,28.69,3.7
2020-01-15,357.62,359.94,354.91,357.22,357.22,322277144.0,28.23,0.57
2020-05-05,286.94,288.52,284.92,286.5,286.5,312741902.0,27.67,0.91
2018-03-20,254.52,256.46,253.5,255.44,255.44,205515085.0,19.81,2.9
2018-04-12,268.06,270.82,264.28,267.03,267.03,228014729.0,13.28,2.87
2019-01-01,284.38,286.31,283.15,285.07,285.07,189075275.0,13.31,2.38
2019-08-12,362.0,365.19,359.38,362.58,362.58,201588778.0,12.71,1.97
2023-10-17,1161.0,1170.64,1150.93,1160.56,1160.56,220509353.0,14.49,3.77
2019-09-24,369.11,371.26,365.5,367.64,367.64,190324998.0,17.07,2.07
2018-03-01,258.19,260.04,255.74,257.59,257.59,186112118.0,16.82,2.84
2023-02-07,795.47,797.98,788.59,791.08,791.08,246251528.0,16.52,4.0
2022-12-29,763.16,772.07,755.56,764.45,764.45,350000000.0,27.68,4.34
2021-10-07,623.14,631.29,617.88,626.01,626.01,216295432.0,15.89,1.79
2018-12-28,289.51,292.11,286.78,289.39,289.39,338219969.0,24.85,3.09
2018-05-22,256.81,259.62,255.57,258.38,258.38,218508233.0,16.81,2.92
2021-11-09,655.27,657.99,652.65,655.38,655.38,206199720.0,19.68,1.77
2023-02-23,814.16,819.12,807.88,812.83,812.83,241854066.0,12.88,3.98
2018-05-30,260.74,263.27,259.2,261.72,261.72,185579651.0,9.0,2.97
2023-02-28,791.7,798.78,785.73,792.8,792.8,248823403.0,12.76,3.97
2022-03-10,732.95,739.77,723.57,730.37,730.37,319423620.0,28.45,2.72
2020-02-25,328.59,333.01,323.34,327.76,327.76,350000000.0,59.58,0.81
2022-08-03,771.63,779.82,761.39,769.55,769.55,325516127.0,27.4,3.5
2020-01-08,359.37,365.08,355.95,361.63,361.63,311065071.0,23.17,0.63
2022-06-06,811.08,821.23,800.44,810.59,810.59,350000000.0,21.09,3.23
2018-08-27,277.81,278.83,276.5,277.52,277.52,180518317.0,12.43,3.16
2020-11-25,364.53,368.07,361.17,364.71,364.71,344830361.0,23.87,0.68
2021-11-08,649.36,654.45,645.03,650.12,650.12,209553852.0,15.86,1.78
2018-06-28,271.93,273.07,269.84,270.97,270.97,209753268.0,16.11,2.93
2020-11-03,367.38,370.86,363.72,367.2,367.2,314001779.0,21.56,0.75
2019-11-06,374.42,376.97,372.07,374.62,374.62,160072176.0,9.58,1.96
2018-11-28,289.07,291.22,286.78,288.92,288.92,350000000.0,26.95,3.06
2022-02-10,693.03,700.02,688.08,695.05,695.05,350000000.0,28.99,2.61
2021-12-27,725.2,733.14,720.65,728.57,728.57,205080304.0,15.85,1.91
2021-11-18,681.88,686.72,676.4,681.24,681.24,196464522.0,16.94,1.88
2023-07-04,907.5,912.36,900.34,905.18,905.18,217920368.0,17.58,3.9
2019-03-29,311.03,315.75,309.08,313.79,313.79,199467577.0,17.49,2.27
2018-12-07,281.55,285.89,278.64,282.97,282.97,307998762.0,26.66,3.12
2019-02-21,290.54,291.46,289.24,290.16,290.16,202418505.0,15.21,2.37
2019-01-18,278.28,279.93,276.27,277.91,277.91,217923222.0,11.79,2.45
2023-01-31,770.64,775.69,768.27,773.32,773.32,234486493.0,12.4,4.01
2023-11-10,1213.67,1223.1,1207.18,1216.59,1216.59,236613232.0,17.82,3.56
2023-06-16,896.68,906.97,886.6,896.89,896.89,221478284.0,17.49,3.76
2020-04-22,271.2,274.52,269.53,272.85,272.85,328279427.0,30.83,0.85
2019-07-30,349.87,352.78,345.45,348.35,348.35,174475485.0,11.84,2.1
2023-02-17,797.72,801.05,793.48,796.8,796.8,202530534.0,15.64,4.02
2019-05-28,326.33,328.67,323.19,325.53,325.53,210820956.0,14.43,2.16
2023-12-20,1188.66,1201.34,1179.41,1192.06,1192.06,273662930.0,12.76,3.57
2023-10-30,1184.56,1194.28,1175.72,1185.44,1185.44,198775847.0,14.03,3.68
2018-02-14,263.53,266.61,260.81,263.89,263.89,201451668.0,15.26,2.84
2023-12-14,1182.37,1195.26,1171.98,1184.85,1184.85,197850521.0,14.0,3.61
2022-07-21,815.62,822.73,808.12,815.24,815.24,323741660.0,28.59,3.49
2019-08-29,371.03,373.26,367.48,369.7,369.7,195117964.0,14.67,1.98
2021-12-14,709.96,713.87,705.03,708.94,708.94,171355086.0,15.9,1.84
2023-05-15,811.06,816.28,805.43,810.65,810.65,240419151.0,18.43,3.89
2020-07-31,321.71,325.68,318.61,322.57,322.57,342806455.0,28.2,0.73
2019-06-18,341.01,344.29,338.63,341.91,341.91,193222530.0,17.99,2.17
2022-02-02,705.59,715.55,698.99,708.92,708.92,332826796.0,26.52,2.57
2021-08-25,602.27,603.84,597.69,599.25,599.25,237443192.0,14.27,1.78
2018-11-20,289.13,292.96,286.78,290.6,290.6,324650500.0,21.73,3.13
2023-02-20,799.48,806.08,792.12,798.71,798.71,228713400.0,14.68,3.97
2022-10-07,813.74,820.26,804.82,811.32,811.32,350000000.0,23.83,3.92
2018-08-16,271.8,273.78,269.55,271.53,271.53,212287075.0,14.34,3.06
2022-06-16,791.22,797.78,785.16,791.72,791.72,344732844.0,28.07,3.38
2022-03-24,725.45,732.7,717.11,724.35,724.35,350000000.0,24.11,2.83
2020-05-26,324.35,327.34,321.26,324.25,324.25,294028137.0,22.31,0.91
2022-10-03,842.37,851.71,837.48,846.79,846.79,350000000.0,29.81,3.84
2018-09-26,286.26,289.99,283.88,287.6,287.6,238166611.0,11.25,3.04
2021-10-29,635.29,638.46,628.99,632.15,632.15,239943004.0,23.63,1.83
2018-03-29,252.03,254.2,250.34,252.5,252.5,198355109.0,17.27,2.95
2023-06-07,879.66,887.04,872.43,879.81,879.81,235910268.0,9.0,3.85
2021-07-19,603.96,607.93,599.62,603.59,603.59,204393261.0,19.22,1.73
2021-09-30,618.08,622.19,614.34,618.45,618.45,259425785.0,15.17,1.79
2022-12-23,773.57,782.23,766.04,774.69,774.69,350000000.0,24.97,4.31
2021-01-21,428.05,433.26,424.37,429.57,429.57,246446555.0,22.38,1.57
2023-11-14,1200.16,1211.72,1189.63,1201.18,1201.18,202544682.0,13.02,3.7
2019-02-20,289.39,291.63,285.97,288.19,288.19,190490960.0,16.28,2.4
2020-06-26,309.23,311.64,306.89,309.3,309.3,309233937.0,23.77,0.83
2018-11-01,304.15,307.22,300.48,303.54,303.54,335264550.0,23.39,3.16
2020-01-01,376.17,379.23,372.61,375.67,375.67,306127348.0,26.14,0.62
2022-11-07,751.15,758.69,746.69,754.22,754.22,335780449.0,23.52,4.07
2020-11-18,341.64,346.04,339.15,343.54,343.54,345942962.0,28.18,0.69
2019-06-17,344.22,346.16,341.03,342.97,342.97,194263843.0,10.75,2.12
2022-01-14,759.13,769.05,750.31,760.22,760.22,332912999.0,22.71,2.5
2023-04-05,750.42,758.89,745.55,754.0,754.0,246701353.0,17.41,3.99
2019-05-08,318.28,320.27,316.63,318.62,318.62,192114389.0,10.43,2.3
2023-05-04,832.49,839.93,819.94,827.34,827.34,232124458.0,16.21,3.84
2020-07-29,327.92,331.32,325.73,329.12,329.12,309686543.0,26.62,0.75
2021-07-02,599.44,604.15,593.08,597.77,597.77,210659690.0,20.94,1.6
2022-07-27,779.58,785.54,770.81,776.74,776.74,335401765.0,22.84,3.48
2022-02-14,698.09,707.98,689.53,699.4,699.4,350000000.0,26.25,2.67
2020-08-05,322.37,328.16,318.51,324.28,324.28,295816144.0,24.85,0.76
2022-11-01,778.8,787.56,768.16,776.89,776.89,347845112.0,21.54,4.11
2023-01-30,779.82,785.4,773.57,779.15,779.15,231865391.0,12.94,4.03
2019-03-19,309.1,312.05,306.25,309.2,309.2,205337086.0,11.98,2.29
2022-04-28,807.09,814.38,800.02,807.31,807.31,350000000.0,26.6,3.03
2020-08-06,329.99,331.84,327.51,329.35,329.35,313812250.0,24.93,0.65
2019-11-27,382.76,385.44,379.21,381.89,381.89,202230386.0,14.73,1.91
2019-08-28,365.03,369.18,363.31,367.45,367.45,192250268.0,12.91,2.01
2022-06-29,890.0,901.19,881.44,892.61,892.61,337789919.0,26.65,3.45
2021-12-22,709.1,713.5,705.23,709.63,709.63,227899725.0,14.85,1.82
2019-01-23,279.06,280.54,277.47,278.95,278.95,174852147.0,15.24,2.41
2022-08-31,750.06,758.79,744.93,753.64,753.64,350000000.0,25.99,3.71
2021-06-25,586.1,591.51,581.91,587.31,587.31,217328299.0,17.6,1.58
2021-02-03,428.19,432.87,425.24,429.91,429.91,212894564.0,16.99,1.6
2018-11-27,288.18,291.11,285.7,288.63,288.63,294153057.0,26.49,3.14
2023-05-11,821.48,825.72,817.38,821.61,821.61,212254121.0,16.9,3.8
2023-01-06,779.94,785.28,773.45,778.78,778.78,223752369.0,13.54,3.95
2023-10-13,1162.4,1178.9,1155.91,1172.36,1172.36,207163848.0,17.92,3.73
2022-07-22,801.17,809.09,794.07,801.98,801.98,324121400.0,24.86,3.48
2022-02-25,714.19,721.78,706.51,714.09,714.09,350000000.0,24.37,2.78
2018-10-18,282.4,284.95,279.42,281.97,281.97,325967805.0,25.33,3.14
2019-08-05,348.57,350.16,346.66,348.25,348.25,184088661.0,15.44,2.06
2021-05-14,501.2,504.05,497.4,500.25,500.25,192851302.0,20.88,1.71
2019-08-01,347.37,350.21,345.66,348.5,348.5,173710448.0,13.81,2.13
2018-03-22,256.47,257.86,254.41,255.79,255.79,202879508.0,16.39,2.92
2019-05-10,317.96,320.66,316.22,318.92,318.92,189233118.0,15.42,2.2
2021-09-23,651.8,654.64,647.24,650.07,650.07,179720402.0,19.32,1.81
2019-10-17,368.0,370.65,364.98,367.63,367.63,192780442.0,10.89,2.01
2023-02-21,802.57,807.51,794.57,799.49,799.49,242594510.0,13.73,3.91
2022-12-19,759.89,768.62,753.78,762.48,762.48,350000000.0,26.16,4.14
2023-07-12,953.29,957.21,947.07,950.98,950.98,217504280.0,13.36,3.71
2023-06-06,876.58,884.91,868.53,876.85,876.85,205357977.0,14.46,3.85
2019-07-05,347.72,350.67,345.39,348.33,348.33,180012268.0,12.14,2.04
2021-06-10,570.93,573.42,565.72,568.2,568.2,216696437.0,15.36,1.66
2020-09-08,356.44,358.86,354.59,357.01,357.01,319193481.0,26.58,0.59
2020-01-17,350.95,354.42,346.25,349.7,349.7,331763810.0,25.5,0.59
2022-08-15,787.84,796.18,781.04,789.37,789.37,348771143.0,23.35,3.61
2021-05-26,526.8,530.21,522.3,525.7,525.7,238761976.0,10.87,1.57
2022-04-12,778.79,785.37,771.82,778.4,778.4,350000000.0,26.66,3.06
2018-11-22,285.77,289.99,282.73,286.94,286.94,309915175.0,25.66,3.14
2022-09-12,763.94,771.63,754.63,762.3,762.3,350000000.0,23.93,3.77
2018-10-02,282.34,285.17,279.5,282.34,282.34,311162521.0,21.05,3.06
2023-08-24,1036.8,1042.15,1027.4,1032.73,1032.73,224665790.0,15.0,3.77
2023-01-17,784.54,789.04,782.13,786.62,786.62,235314388.0,9.62,4.0
2018-04-24,259.43,261.98,257.81,260.35,260.35,209575925.0,13.72,2.95
2023-08-15,1024.01,1030.72,1018.16,1024.86,1024.86,242751676.0,11.79,3.79
2023-07-11,947.68,955.91,940.31,948.53,948.53,246573336.0,12.22,3.8
2023-05-05,828.33,832.39,821.35,825.4,825.4,226794156.0,17.71,3.87
2018-06-05,260.91,263.2,256.41,258.68,258.68,197066998.0,13.53,2.87
2023-02-10,802.19,809.55,796.24,803.59,803.59,217225482.0,18.62,4.04
2021-04-02,470.79,476.26,466.83,472.28,472.28,203608282.0,18.38,1.56
2023-01-27,795.38,801.42,786.35,792.37,792.37,244368694.0,16.66,4.02
2019-10-31,375.57,379.58,373.1,377.1,377.1,175084455.0,20.84,1.88
2023-01-25,789.67,797.09,779.56,786.95,786.95,230900835.0,14.93,3.98
2022-09-02,766.92,774.45,760.69,768.21,768.21,345888825.0,24.62,3.69
2020-09-14,344.91,348.43,341.79,345.32,345.32,294214108.0,27.34,0.56
2019-03-11,297.26,299.88,294.51,297.13,297.13,170200937.0,13.17,2.33
2023-06-26,889.43,898.58,883.17,892.3,892.3,213883341.0,16.02,3.81
2022-07-13,851.32,857.22,844.17,850.06,850.06,350000000.0,25.73,3.49
2023-07-19,947.92,952.27,938.45,942.77,942.77,227210052.0,14.88,3.75
2022-09-05,748.48,759.38,742.21,753.08,753.08,334363485.0,24.94,3.64
2022-06-13,804.59,811.84,796.13,803.36,803.36,318531242.0,24.43,3.37
2023-08-02,1007.83,1014.03,998.86,1005.05,1005.05,213971980.0,17.95,3.75
2021-01-04,425.01,428.75,421.4,425.13,425.13,244297151.0,16.11,1.47
2023-12-15,1179.88,1195.26,1168.22,1183.56,1183.56,245115614.0,15.29,3.64
2022-05-04,841.64,847.23,834.15,839.73,839.73,350000000.0,22.23,3.07
2019-10-09,365.88,369.0,360.27,363.37,363.37,243568037.0,14.33,1.87
2021-06-15,563.51,568.87,560.56,565.91,565.91,217165174.0,17.36,1.81
2023-04-06,744.76,747.7,740.9,743.84,743.84,242675779.0,16.76,3.8
2020-06-18,316.37,319.58,313.89,317.09,317.09,308924236.0,24.83,0.77
2023-12-26,1202.36,1206.52,1197.32,1201.48,1201.48,251820872.0,17.13,3.58
2020-08-10,339.28,343.22,336.37,340.3,340.3,327944320.0,24.93,0.64
2020-03-27,272.14,275.58,267.88,271.31,271.31,350000000.0,61.1,0.83
2022-12-07,758.14,767.94,752.82,762.6,762.6,350000000.0,23.05,4.25
2021-02-02,432.78,435.21,428.75,431.17,431.17,219331128.0,16.54,1.51
2021-02-26,455.78,460.44,451.92,456.58,456.58,183699764.0,16.73,1.49
2019-12-10,379.97,383.6,376.73,380.36,380.36,183572185.0,18.84,1.85
2018-12-21,287.34,289.33,284.41,286.39,286.39,340103796.0,24.36,3.22
2019-03-27,310.61,312.92,308.41,310.72,310.72,228238113.0,12.83,2.39
2022-09-26,816.6,824.22,803.92,811.49,811.49,333082716.0,24.25,3.82
2023-12-21,1204.09,1216.89,1196.56,1209.33,1209.33,232782784.0,13.88,3.58
2022-03-03,728.82,736.73,720.21,728.11,728.11,350000000.0,23.25,2.79
2020-10-09,356.67,360.97,352.76,357.06,357.06,294365606.0,22.86,0.61
2020-03-30,271.44,275.72,267.29,271.57,271.57,350000000.0,56.09,0.83
2021-07-08,602.75,606.09,599.61,602.94,602.94,211630270.0,16.46,1.72
2021-10-13,630.83,640.75,624.54,634.42,634.42,192378771.0,17.54,1.78
2023-12-08,1202.8,1211.94,1192.76,1201.89,1201.89,216914131.0,10.19,3.6
2018-05-01,261.01,264.2,259.14,262.32,262.32,215102364.0,12.92,2.98
2022-03-23,725.29,731.55,720.38,726.63,726.63,345481935.0,28.15,2.86
2023-09-07,1045.81,1055.45,1037.8,1047.42,1047.42,255349506.0,16.5,3.76
2019-05-27,326.55,327.88,323.34,324.66,324.66,187159195.0,9.0,2.22
2019-01-07,273.86,277.08,271.78,275.0,275.0,186921904.0,14.21,2.41
2019-02-06,285.04,286.23,283.68,284.86,284.86,197518546.0,11.46,2.31
2023-12-11,1201.12,1210.79,1192.28,1201.95,1201.95,236211295.0,16.44,3.59
2019-05-16,317.24,320.27,315.11,318.12,318.12,187751987.0,9.9,2.21
2020-02-12,333.14,337.74,328.37,332.96,332.96,350000000.0,52.91,0.64
2022-07-08,817.92,823.28,813.7,819.06,819.06,350000000.0,27.08,3.41
2021-04-26,482.92,486.59,479.2,482.87,482.87,191703234.0,12.66,1.63
2020-03-16,254.9,258.95,250.61,254.66,254.66,350000000.0,52.06,0.81
2019-11-01,380.01,382.32,378.18,380.48,380.48,202119455.0,10.93,1.91
2021-01-19,427.6,429.38,424.59,426.37,426.37,227878402.0,16.82,1.54
2018-11-06,304.0,306.79,301.52,304.31,304.31,350000000.0,18.93,3.08
2018-06-07,265.11,267.34,262.05,264.27,264.27,234977843.0,17.19,3.06
2020-05-18,302.56,306.47,299.18,303.09,303.09,310444591.0,26.47,0.85
2020-06-02,332.13,335.19,329.09,332.14,332.14,305939244.0,34.82,0.92
2018-08-31,278.5,281.19,274.89,277.58,277.58,200862697.0,14.34,3.16
2023-03-22,759.48,766.37,753.95,760.83,760.83,245448561.0,12.99,3.96
2020-03-19,244.14,248.06,239.92,243.83,243.83,350000000.0,53.55,0.8
2019-08-06,353.16,354.51,351.09,352.44,352.44,236939178.0,13.58,2.04
2022-09-15,772.16,777.82,765.14,770.79,770.79,350000000.0,26.13,3.75
2018-01-25,266.65,268.53,264.86,266.74,266.74,216247023.0,10.98,2.85
2022-01-06,752.02,758.78,741.22,747.95,747.95,324350707.0,22.87,2.47
2019-02-04,283.25,284.83,281.79,283.37,283.37,171535587.0,12.58,2.36
2023-06-23,890.74,895.35,884.38,888.99,888.99,254280854.0,14.51,3.84
2022-11-23,792.54,802.7,783.3,793.45,793.45,350000000.0,20.2,4.16
2022-10-14,764.58,775.79,755.17,766.36,766.36,350000000.0,24.25,4.02
2018-02-13,264.12,266.16,261.72,263.76,263.76,213685514.0,17.67,2.83
2020-04-15,268.06,270.55,264.71,267.2,267.2,288817220.0,25.27,0.85
2018-10-22,300.87,302.77,298.33,300.23,300.23,348744299.0,24.09,3.2
2020-08-12,333.25,336.12,331.25,334.11,334.11,275634932.0,29.25,0.61
2018-10-26,308.23,311.43,305.93,309.12,309.12,318088138.0,19.43,3.22
2022-08-09,779.99,789.7,773.02,782.7,782.7,322504833.0,25.42,3.56
2021-06-11,566.37,570.99,560.39,565.01,565.01,229686319.0,16.49,1.64
2019-11-18,373.38,376.73,371.57,374.92,374.92,158286646.0,15.74,1.88
2022-04-07,746.46,753.3,738.06,744.9,744.9,350000000.0,20.73,2.97
2019-08-23,373.84,377.9,371.24,375.3,375.3,204560377.0,11.76,2.01
2020-12-07,385.09,388.12,380.91,383.94,383.94,314359675.0,27.0,0.88
2018-09-20,289.94,290.89,288.01,288.96,288.96,218318898.0,9.0,3.07
2020-05-28,325.76,327.7,323.55,325.49,325.49,318680303.0,24.42,0.85
2022-10-27,772.15,777.15,766.82,771.81,771.81,350000000.0,19.55,4.0
2023-05-25,834.4,843.7,825.66,834.95,834.95,233623665.0,14.99,3.86
2018-07-25,263.71,264.42,262.89,263.6,263.6,221997820.0,14.77,2.99
2023-04-03,748.11,757.44,740.97,750.27,750.27,222723666.0,17.68,3.85
2021-10-08,629.62,636.14,620.07,626.56,626.56,201273906.0,19.25,1.81
2018-04-26,263.87,266.18,260.38,262.67,262.67,190832765.0,13.59,2.99
2020-10-14,361.19,364.28,357.47,360.55,360.55,331204564.0,31.23,0.66
2018-03-08,256.52,258.18,254.12,255.78,255.78,217258525.0,13.83,2.86
2022-06-17,806.96,813.52,797.52,804.05,804.05,338949852.0,21.01,3.29
2018-08-06,267.23,269.24,264.03,266.03,266.03,164065701.0,12.3,2.99
2019-10-11,365.8,367.79,362.45,364.43,364.43,172721872.0,12.25,1.82
2022-07-25,802.56,809.18,795.99,802.61,802.61,350000000.0,24.35,3.45
2020-06-05,327.37,330.41,324.11,327.15,327.15,284429325.0,24.23,0.94
2022-03-17,723.61,728.89,717.74,723.01,723.01,350000000.0,22.52,2.84
2023-01-18,785.44,790.0,780.64,785.2,785.2,230993182.0,14.92,4.02
2022-12-02,798.38,804.79,791.49,797.9,797.9,350000000.0,28.15,4.19
2023-12-06,1182.19,1189.71,1170.79,1178.28,1178.28,250819650.0,19.31,3.61
2020-02-24,305.98,311.05,300.42,305.49,305.49,350000000.0,59.98,0.65
2018-09-07,289.2,290.62,287.77,289.2,289.2,199359892.0,15.32,3.13
2019-12-19,376.41,378.73,374.14,376.45,376.45,174547308.0,10.58,1.78
2022-12-28,774.97,780.71,768.71,774.45,774.45,328695433.0,27.93,4.26
2019-11-07,376.01,378.16,373.42,375.57,375.57,190314479.0,9.77,1.83
2020-05-14,305.34,308.66,300.74,304.04,304.04,318298325.0,25.25,0.83
2023-12-25,1208.14,1218.39,1198.2,1208.44,1208.44,188907348.0,16.5,3.64
2019-05-23,322.78,325.97,320.1,323.3,323.3,190076035.0,13.4,2.23
2022-08-19,773.09,780.1,766.81,773.82,773.82,334359444.0,27.05,3.63
2019-08-20,374.82,377.69,371.23,374.1,374.1,184867279.0,12.21,1.96
2022-09-16,799.45,806.6,790.69,797.82,797.82,319333400.0,27.52,3.69
2022-10-19,752.71,761.51,745.44,754.22,754.22,350000000.0,26.04,3.89
2019-04-30,316.78,320.05,312.59,315.85,315.85,162885260.0,11.48,2.3
2022-02-28,719.58,724.88,713.09,718.38,718.38,328430544.0,22.96,2.71
2019-12-20,374.44,377.41,372.38,375.35,375.35,193590798.0,10.76,1.76
2022-05-24,857.84,869.49,847.76,859.39,859.39,329060236.0,24.56,3.26
2020-09-22,350.58,354.71,347.2,351.32,351.32,288198131.0,25.87,0.63
2023-03-06,780.03,790.84,772.05,782.83,782.83,220212327.0,15.59,3.94
2020-10-05,363.85,1029.812,360.49,364.42,364.42,326280420.0,22.71,0.71
2022-02-24,706.42,716.8,700.04,710.38,710.38,350000000.0,23.23,2.76
2023-04-13,755.81,760.76,749.37,754.32,754.32,235423236.0,18.59,3.9
2018-12-06,290.2,291.9,286.95,288.64,288.64,349696954.0,20.57,3.14
2021-05-28,533.72,538.04,529.54,533.86,533.86,230431421.0,15.66,1.69
2020-03-25,251.62,255.17,247.86,251.41,251.41,350000000.0,59.68,0.74
2022-08-08,790.42,798.7,780.54,788.81,788.81,350000000.0,23.99,3.61
2022-02-18,698.62,705.92,693.7,700.99,700.99,350000000.0,28.53,2.69
2022-03-02,730.74,739.05,723.49,731.8,731.8,350000000.0,22.28,2.75
2019-11-05,378.57,380.95,376.05,378.44,378.44,169722210.0,12.52,1.79
2019-09-02,374.69,376.59,372.72,374.63,374.63,200130101.0,10.8,1.97
2023-12-18,1190.98,1198.17,1181.44,1188.61,1188.61,217530268.0,15.38,3.63
2023-07-27,1004.15,1010.26,995.69,1001.79,1001.79,201641782.0,15.83,3.77
2019-03-07,296.2,299.64,293.92,297.35,297.35,186723421.0,14.05,2.44
2021-03-31,477.93,480.12,473.68,475.86,475.86,231419103.0,17.13,1.57
2019-08-26,372.87,375.94,369.55,372.61,372.61,180536400.0,14.68,2.08
2023-06-28,905.14,911.82,900.92,907.58,907.58,253716708.0,18.73,3.77
2019-07-11,345.66,350.16,343.08,347.57,347.57,222321786.0,13.22,2.12
2019-08-15,372.93,374.85,368.23,370.14,370.14,164807510.0,13.37,2.19
2019-06-03,326.66,327.84,324.34,325.51,325.51,188914658.0,9.58,2.22
2018-03-16,254.35,257.15,252.14,254.94,254.94,211711732.0,16.75,2.93
2021-03-05,465.58,468.58,462.32,465.32,465.32,195013900.0,19.66,1.59
2020-12-28,416.06,422.17,411.75,417.84,417.84,343642949.0,27.92,0.92
2020-05-13,301.44,303.87,298.84,301.28,301.28,300910834.0,24.17,0.89
2019-03-13,301.95,303.74,300.04,301.83,301.83,201036059.0,18.86,2.36
2022-06-22,860.53,869.15,851.59,860.2,860.2,344140947.0,22.57,3.33
2021-11-05,647.27,651.49,643.28,647.49,647.49,220723837.0,17.13,1.73
2022-08-02,762.1,769.23,756.35,763.47,763.47,350000000.0,23.23,3.62
2018-06-01,263.16,265.66,259.93,262.42,262.42,205401931.0,12.93,2.97
2018-02-28,257.04,260.51,254.59,258.06,258.06,210595141.0,16.4,2.94
2023-05-29,842.05,850.68,836.08,844.69,844.69,246099939.0,16.87,3.8
2018-05-21,258.77,260.79,257.07,259.09,259.09,187879892.0,16.25,3.0
2021-02-17,441.64,444.83,437.89,441.08,441.08,221158101.0,22.65,1.59
2023-06-29,904.29,911.07,896.91,903.69,903.69,213217287.0,14.6,3.96
2023-12-04,1180.03,1189.13,1174.35,1183.44,1183.44,223710844.0,13.61,3.57
2019-01-08,278.89,280.76,276.6,278.47,278.47,174478292.0,12.65,2.5
2022-01-10,756.3,764.02,747.96,755.67,755.67,350000000.0,24.37,2.48
2019-02-19,287.48,289.71,285.03,287.26,287.26,204456402.0,13.23,2.32
2022-12-22,771.65,779.54,763.52,771.41,771.41,350000000.0,23.33,4.27
2019-10-08,365.41,368.9,361.27,364.75,364.75,194903668.0,16.22,1.93
2023-09-19,1058.22,1064.47,1046.56,1052.77,1052.77,234794027.0,15.79,3.72
2020-11-23,360.11,363.42,356.23,359.53,359.53,307267643.0,27.01,0.76
2023-06-14,912.88,919.33,904.06,910.5,910.5,212852843.0,14.46,3.79
2019-06-12,340.48,342.85,338.17,340.54,340.54,203166705.0,10.22,2.13
2019-02-05,284.1,286.79,280.69,283.38,283.38,208023896.0,9.55,2.31
2023-10-04,1139.07,1146.96,1129.86,1137.75,1137.75,219160308.0,12.44,3.77
2022-03-30,716.72,724.26,709.93,717.46,717.46,342815926.0,24.33,2.91
2022-04-04,724.2,732.21,720.24,728.23,728.23,350000000.0,26.02,2.93
2018-06-26,270.94,273.22,269.38,271.66,271.66,206782556.0,13.94,3.05
2019-04-03,316.09,318.19,314.35,316.45,316.45,189246321.0,12.85,2.27
2019-02-13,283.54,285.2,281.53,283.18,283.18,193713971.0,14.49,2.41
2020-07-24,331.14,334.22,329.08,332.16,332.16,311670785.0,23.31,0.66
2021-01-07,431.69,433.48,428.69,430.47,430.47,210643699.0,14.32,1.49
2020-05-19,306.13,307.92,304.05,305.83,305.83,288574278.0,25.89,0.93
2021-12-01,691.52,695.83,687.03,691.34,691.34,205419229.0,22.42,1.83
2019-05-13,316.55,317.91,315.68,317.04,317.04,205258613.0,13.5,2.05
2022-11-18,759.8,766.7,753.18,760.08,760.08,339635785.0,24.18,4.08
2018-10-19,299.82,302.02,296.01,298.21,298.21,343779073.0,22.34,3.08
2018-07-16,265.77,267.59,264.14,265.95,265.95,211627136.0,14.83,2.99
2022-04-25,818.73,824.6,810.35,816.2,816.2,350000000.0,26.29,3.05
2022-01-04,750.47,755.71,745.25,750.49,750.49,332629884.0,28.05,2.48
2023-09-12,1051.55,1057.46,1042.05,1047.95,1047.95,222154717.0,18.55,3.69
2023-06-22,888.92,896.16,883.13,890.36,890.36,231181424.0,14.42,3.77
2020-11-05,364.27,369.31,360.86,365.89,365.89,320981941.0,25.42,0.72
2020-03-04,292.18,297.09,286.98,291.89,291.89,350000000.0,54.97,0.84
2021-09-16,656.25,659.76,653.01,656.51,656.51,184125428.0,17.9,1.73
2020-01-31,350.38,353.77,347.05,350.44,350.44,329662034.0,23.84,0.66
2018-01-15,279.29,281.12,276.76,278.59,278.59,207748459.0,13.09,2.82
2020-12-30,415.52,418.37,411.43,414.27,414.27,314653598.0,27.15,0.96
2019-01-30,286.24,287.59,283.19,284.54,284.54,194526930.0,9.12,2.46
2019-02-12,283.97,286.54,281.47,284.04,284.04,188631756.0,16.39,2.34
2020-04-17,266.37,271.25,263.37,268.23,268.23,338148028.0,28.25,0.92
2020-04-06,264.96,266.89,262.25,264.17,264.17,322276966.0,23.2,0.87
2018-06-29,271.21,273.06,268.2,270.04,270.04,208903656.0,15.89,3.07
2019-03-28,315.13,317.38,313.41,315.66,315.66,195218187.0,9.64,2.32
2020-10-27,360.42,362.8,357.7,360.08,360.08,304198785.0,27.92,0.7
2020-01-20,349.45,353.96,346.28,350.77,350.77,346633148.0,29.5,0.66
2021-04-30,498.08,501.56,494.05,497.54,497.54,210551102.0,20.77,1.61
2020-04-21,268.23,270.77,266.37,268.9,268.9,316392536.0,30.62,0.93
2020-02-14,335.41,340.52,329.69,334.8,334.8,350000000.0,51.44,0.71
2020-09-23,350.52,352.74,347.28,349.49,349.49,335129679.0,30.78,0.69
2021-07-15,604.44,608.45,600.07,604.08,604.08,216831408.0,15.17,1.58
2018-08-09,268.46,271.04,266.4,268.97,268.97,212605344.0,15.23,3.13
2020-07-03,332.34,334.98,329.23,331.87,331.87,315595517.0,28.67,0.71
2019-12-24,379.79,382.6,376.7,379.5,379.5,173626027.0,15.68,1.77
2022-04-14,779.94,787.99,770.75,778.79,778.79,335268121.0,26.93,3.0
2018-10-01,287.03,290.38,283.28,286.62,286.62,318113669.0,21.49,2.96
2022-12-20,773.89,781.53,765.45,773.08,773.08,350000000.0,28.78,4.19
2021-06-18,572.89,577.86,569.33,574.29,574.29,218032395.0,15.64,1.64
2019-07-29,351.07,353.04,348.76,350.72,350.72,196028925.0,14.1,2.1
2018-05-15,260.69,263.02,259.02,261.35,261.35,203002130.0,19.36,3.02
2023-04-27,815.58,823.44,806.87,814.73,814.73,229844271.0,12.51,3.92
2018-08-07,269.93,271.85,268.27,270.2,270.2,254607669.0,10.79,3.01
2019-08-09,356.95,359.85,354.09,356.99,356.99,190151846.0,12.13,2.0
2020-10-06,357.18,360.69,353.16,356.66,356.66,308307083.0,29.27,0.62
2019-10-30,369.85,371.83,366.68,368.65,368.65,185244029.0,14.33,1.84
2021-10-15,632.6,637.78,629.42,634.58,634.58,200126566.0,13.82,1.79
2020-09-16,349.69,352.2,346.78,349.29,349.29,324351385.0,25.81,0.62
2021-11-25,685.88,692.98,679.84,686.94,686.94,216965843.0,17.29,1.8
2019-09-18,367.07,369.58,365.27,367.77,367.77,210592918.0,13.58,1.93
2020-07-23,325.36,329.6,322.11,326.33,326.33,298767816.0,25.83,0.68
2018-09-06,284.29,286.77,280.34,282.8,282.8,214075191.0,15.26,3.1
2019-07-01,342.06,345.06,338.55,341.54,341.54,233181782.0,14.14,2.13
2023-03-01,802.07,806.55,795.78,800.25,800.25,266035243.0,13.41,3.99
2020-08-27,347.36,348.99,345.54,347.17,347.17,291712660.0,24.33,0.58
2023-10-19,1140.78,1149.13,1127.72,1136.04,1136.04,226392705.0,16.11,3.7
2021-08-03,599.84,604.85,594.5,599.5,599.5,225134427.0,18.63,1.64
2021-01-13,428.98,432.37,426.04,429.43,429.43,217495985.0,20.13,1.54
2023-11-03,1182.04,1190.5,1171.11,1179.55,1179.55,251476782.0,15.48,3.66
2021-08-12,605.6,608.39,603.07,605.86,605.86,204054217.0,15.39,1.71
2023-11-16,1203.67,1213.41,1195.64,1205.37,1205.37,242013166.0,13.87,3.65
2021-02-05,430.93,435.65,427.21,431.93,431.93,201536700.0,12.3,1.47
2022-05-16,862.35,872.08,852.97,862.69,862.69,342649514.0,23.92,3.07
2019-02-15,284.69,288.15,282.76,286.21,286.21,234361918.0,12.8,2.38
2020-04-02,265.67,268.15,263.32,265.81,265.81,325492606.0,32.32,0.87
2021-08-19,600.7,605.09,597.01,601.4,601.4,233785816.0,14.32,1.75
2018-05-03,261.63,263.77,260.07,262.21,262.21,192876257.0,11.08,2.98
2018-02-27,258.61,260.37,256.38,258.14,258.14,196159568.0,10.4,2.94
2023-03-20,755.51,761.07,749.07,754.62,754.62,253754805.0,12.99,3.94
2020-11-24,360.5,366.45,356.97,362.89,362.89,316940511.0,25.91,0.73
2021-06-24,576.68,579.09,574.31,576.72,576.72,226980533.0,20.21,1.57
2021-05-07,485.47,489.27,483.67,487.47,487.47,192531285.0,16.52,1.55
2023-07-21,957.72,963.32,949.75,955.34,955.34,237838025.0,12.81,3.77
2021-10-21,623.34,627.82,618.47,622.95,622.95,187807605.0,19.92,1.8
2018-08-17,272.8,276.5,270.1,273.79,273.79,207523299.0,12.62,3.07
2019-02-11,284.19,286.16,282.74,284.71,284.71,221126461.0,13.46,2.39
2023-09-04,1035.72,1039.04,1032.18,1035.51,1035.51,222892113.0,16.77,3.8
2022-03-04,721.25,730.84,715.62,725.18,725.18,347583559.0,29.05,2.77
2019-05-02,312.95,315.2,309.62,311.87,311.87,178275587.0,11.53,2.19
2020-03-10,277.74,282.12,272.17,276.54,276.54,350000000.0,53.12,0.82
2020-05-11,296.19,298.74,293.8,296.35,296.35,310232824.0,23.75,0.86
2023-08-25,1023.07,1033.14,1016.4,1026.44,1026.44,235172222.0,15.29,3.71
2023-11-17,1204.06,1213.62,1191.92,1201.47,1201.47,216446098.0,15.18,3.68
2021-06-17,568.01,577.38,563.57,572.89,572.89,211984401.0,14.15,1.67
2021-12-17,713.14,718.14,709.06,714.06,714.06,209081161.0,17.81,1.75
2023-04-21,788.21,791.76,785.09,788.63,788.63,250891503.0,17.36,3.95
2019-10-03,362.86,364.29,360.09,361.51,361.51,183238982.0,17.86,1.78
2019-06-10,335.9,339.6,333.6,337.29,337.29,171868838.0,12.52,1.97
2019-04-11,318.94,321.28,315.64,317.97,317.97,215041325.0,11.94,2.3
2021-06-03,552.57,556.72,547.14,551.28,551.28,230757545.0,19.15,1.67
2023-04-18,772.77,778.22,764.89,770.32,770.32,205128828.0,15.22,3.96
2022-05-18,874.62,886.14,866.71,878.2,878.2,350000000.0,25.23,3.17
2022-04-08,746.08,752.44,739.66,746.02,746.02,345963420.0,26.68,2.95
2023-09-28,1137.14,1143.91,1126.68,1133.42,1133.42,244256900.0,11.48,3.64
2020-05-08,294.22,297.59,291.75,295.1,295.1,297872035.0,22.63,0.93
2019-04-04,318.2,320.14,316.24,318.18,318.18,164510591.0,11.3,2.21
2019-03-21,309.55,311.54,307.93,309.92,309.92,188340541.0,14.13,2.29
2022-08-12,790.68,797.52,782.74,789.56,789.56,350000000.0,30.78,3.57
2023-05-03,826.76,832.12,820.19,825.54,825.54,200413472.0,14.84,3.9
2018-08-22,280.45,283.09,278.6,281.24,281.24,197977253.0,17.75,3.13
2018-01-17,278.34,280.84,275.92,278.42,278.42,201527926.0,13.77,2.86
2018-08-28,275.11,277.18,273.81,275.88,275.88,213341039.0,9.0,3.07
2018-12-31,283.53,287.58,280.84,284.88,284.88,308187272.0,23.13,3.17
2021-10-11,620.64,623.66,618.32,621.34,621.34,193354273.0,15.93,1.78
2021-08-04,603.99,607.62,599.83,603.45,603.45,212649553.0,17.24,1.64
2022-01-31,710.66,718.51,703.89,711.72,711.72,350000000.0,27.27,2.59
2018-07-12,267.95,270.26,265.47,267.77,267.77,220845428.0,16.2,3.05
2020-02-07,327.52,333.15,321.97,327.6,327.6,350000000.0,51.74,0.66
2023-04-12,758.32,764.43,751.62,757.72,757.72,230736985.0,14.1,3.89
2021-07-14,607.77,611.73,602.97,606.93,606.93,204294781.0,19.32,1.67
2021-03-30,466.89,471.27,461.82,466.19,466.19,239223648.0,12.66,1.65
2020-02-20,313.48,318.22,307.56,312.28,312.28,350000000.0,54.99,0.78
2018-07-13,265.82,267.77,263.36,265.3,265.3,176551954.0,10.42,2.99
2023-08-03,1016.35,1026.89,1007.23,1017.76,1017.76,212262263.0,14.25,3.82
2021-08-23,603.64,607.98,598.16,602.49,602.49,179498418.0,23.42,1.65
2018-11-09,295.86,299.68,292.57,296.39,296.39,350000000.0,25.76,3.12
2020-06-09,323.96,327.53,321.36,324.92,324.92,310538428.0,24.2,0.75
2019-07-26,348.43,350.78,346.24,348.6,348.6,199504127.0,15.26,2.12
2019-04-01,313.39,315.67,309.2,311.47,311.47,191486614.0,13.76,2.32
2019-02-22,292.72,295.26,289.24,291.76,291.76,180995980.0,17.01,2.35
2021-09-09,641.38,647.99,634.36,640.96,640.96,234123178.0,25.29,1.77
2021-05-25,525.98,529.43,523.3,526.74,526.74,227903489.0,18.97,1.61
2022-05-05,844.34,853.63,835.8,845.08,845.08,350000000.0,24.64,3.14
2023-07-26,977.66,981.19,974.14,977.68,977.68,220993867.0,14.38,3.82
2018-09-27,285.14,287.85,282.21,284.92,284.92,213981177.0,12.45,3.19
2021-08-20,602.56,606.96,598.72,603.11,603.11,223308857.0,20.39,1.79
2020-03-12,272.3,276.64,268.66,272.99,272.99,350000000.0,55.27,0.82
2019-12-05,384.58,387.99,380.32,383.72,383.72,177687399.0,17.67,1.81
2020-04-27,289.11,292.16,286.16,289.21,289.21,311348303.0,28.58,0.86
2021-09-08,636.54,641.66,631.65,636.76,636.76,209223674.0,16.99,1.72
2018-01-04,275.36,276.41,273.1,274.13,274.13,212210498.0,14.77,2.86
2021-02-10,435.17,437.78,433.33,435.95,435.95,165694036.0,14.07,1.47
2019-10-16,369.7,372.35,365.95,368.59,368.59,190890756.0,12.94,1.94
2019-03-26,310.99,313.68,309.48,312.17,312.17,155666883.0,14.11,2.34
2018-01-08,273.8,276.0,271.24,273.44,273.44,192624844.0,14.35,2.85
2018-11-07,307.3,309.56,304.65,306.9,306.9,325926410.0,21.78,3.08
2020-02-05,336.02,341.45,330.76,336.18,336.18,350000000.0,56.74,0.68
2022-05-20,870.64,886.3,860.35,875.95,875.95,339652634.0,23.57,3.25
2018-02-23,255.64,257.43,254.18,255.96,255.96,215091578.0,12.54,2.87
2020-01-29,352.62,357.21,349.25,353.83,353.83,336045088.0,20.12,0.66
2018-12-05,286.67,289.42,282.68,285.42,285.42,350000000.0,25.1,3.18
2018-07-10,265.7,268.39,263.71,266.4,266.4,189239112.0,14.29,3.09
2022-09-30,853.28,860.82,845.18,852.71,852.71,350000000.0,25.05,3.87
2021-10-22,619.1,624.22,613.42,618.53,618.53,207055465.0,19.3,1.79
2021-03-23,461.79,465.3,459.82,463.32,463.32,191526308.0,17.18,1.52
2021-06-22,570.19,576.38,563.13,569.31,569.31,208187230.0,22.24,1.65
2022-04-06,738.37,744.25,733.8,739.68,739.68,343682338.0,24.52,3.05
2021-02-18,441.39,444.64,438.52,441.76,441.76,214528471.0,18.9,1.55
2023-06-21,892.25,898.52,885.02,891.29,891.29,214168068.0,16.36,3.81
2020-03-24,246.55,250.68,243.42,247.53,247.53,350000000.0,53.59,0.93
2023-11-27,1150.33,1159.01,1139.41,1148.08,1148.08,244463962.0,12.92,3.58
2021-11-01,639.37,643.59,635.62,639.84,639.84,219169308.0,22.46,1.72
2023-07-24,959.51,967.92,950.5,958.91,958.91,223648009.0,15.83,3.71
2019-06-11,340.06,341.96,337.83,339.73,339.73,188655784.0,14.46,2.22
2019-03-15,307.65,309.14,305.52,307.01,307.01,190023231.0,13.9,2.35
2019-09-11,369.45,371.23,367.31,369.09,369.09,205256470.0,9.0,1.92
2019-03-22,309.59,311.91,307.65,309.97,309.97,193840658.0,9.02,2.37
2022-12-09,717.77,730.67,709.74,722.58,722.58,350000000.0,29.7,4.21
2021-04-21,475.68,481.62,472.6,478.52,478.52,228355122.0,16.31,1.67
2022-07-12,834.02,846.32,826.15,838.41,838.41,321688489.0,32.48,3.43
2019-08-16,370.17,374.86,367.55,372.22,372.22,206794647.0,13.54,2.06
2020-02-13,334.58,338.54,329.42,333.35,333.35,350000000.0,49.73,0.73
2020-04-10,271.39,274.45,268.83,271.89,271.89,330932323.0,26.06,0.85
2021-09-24,648.21,652.68,643.87,648.34,648.34,233343000.0,15.93,1.81
2021-02-04,434.18,437.9,430.92,434.64,434.64,185814692.0,21.51,1.58
2022-07-18,828.57,838.65,816.04,826.08,826.08,307935799.0,29.26,3.48
2022-11-16,748.62,759.56,739.7,750.6,750.6,350000000.0,25.72,4.02
2023-05-08,830.4,834.9,823.08,827.56,827.56,240543812.0,14.17,3.9
2018-11-14,293.24,297.61,290.77,295.12,295.12,342779354.0,20.48,3.1
2020-12-16,413.25,416.76,407.7,411.19,411.19,319364809.0,27.25,0.89
2023-02-09,804.55,809.68,796.64,801.75,801.75,193102771.0,14.75,4.05
2022-01-20,768.98,778.83,760.11,769.94,769.94,326270518.0,26.39,2.54
2020-11-09,367.89,370.77,363.71,366.58,366.58,304465972.0,27.94,0.67
2018-04-03,257.78,259.09,255.93,257.23,257.23,221704702.0,12.71,2.98
2019-07-04,346.77,349.62,342.26,345.09,345.09,193979073.0,14.34,2.1
2020-03-20,252.54,256.38,248.67,252.51,252.51,350000000.0,54.35,0.88
2018-02-02,262.48,265.08,260.7,263.3,263.3,211956485.0,12.51,2.86
2018-10-23,304.62,307.16,302.3,304.84,304.84,323810694.0,23.21,3.02
2022-08-22,760.03,766.48,751.46,757.89,757.89,343210613.0,27.87,3.66
2022-01-07,763.17,771.66,755.48,763.96,763.96,319041619.0,23.07,2.52
2020-01-21,348.17,350.53,345.05,347.41,347.41,323857758.0,29.85,0.64
2023-10-11,1149.53,1162.14,1141.18,1153.76,1153.76,267608447.0,10.69,3.68
2020-09-28,360.2,362.11,357.41,359.31,359.31,305785695.0,26.06,0.59
2018-04-30,261.64,263.64,258.26,260.25,260.25,214883967.0,14.19,2.97
2023-09-20,1045.64,1056.05,1038.04,1048.43,1048.43,247924613.0,17.03,3.68
2019-01-16,279.36,281.17,277.38,279.19,279.19,212086786.0,17.35,2.5
2021-10-28,627.31,633.13,622.88,628.69,628.69,191674742.0,16.04,1.75
2020-09-25,354.66,357.93,349.7,352.96,352.96,334574624.0,29.37,0.64
2023-05-31,849.37,858.63,844.81,854.04,854.04,212436755.0,15.84,3.78
2020-06-01,324.64,326.98,321.99,324.33,324.33,314839308.0,28.53,0.91
2022-02-11,705.82,712.68,698.73,705.59,705.59,321590805.0,26.1,2.7
2023-08-08,1014.94,1022.29,1007.0,1014.35,1014.35,224725590.0,18.6,3.8
2019-12-09,381.82,384.89,378.45,381.52,381.52,186711439.0,14.53,1.79
2019-01-17,279.44,281.27,277.69,279.52,279.52,187347024.0,16.64,2.46
2021-07-27,620.35,624.13,616.05,619.83,619.83,215736693.0,17.58,1.67
2019-05-22,322.51,324.38,320.17,322.03,322.03,192840519.0,14.41,2.23
2020-05-20,315.93,318.44,312.26,314.75,314.75,311140580.0,24.18,1.0
2018-01-03,269.25,272.69,267.22,270.65,270.65,232269977.0,13.61,2.84
2018-01-09,277.87,279.08,275.88,277.08,277.08,184708907.0,14.18,2.89
2019-03-12,299.2,301.34,297.62,299.76,299.76,210848446.0,10.2,2.29
2023-05-24,835.82,840.3,832.11,836.58,836.58,207665132.0,13.79,3.87
2021-03-25,461.54,465.26,457.7,461.42,461.42,188432453.0,16.76,1.59
2020-07-20,330.09,332.78,327.73,330.42,330.42,314190428.0,22.7,0.79
2023-07-31,996.51,1005.54,983.96,992.96,992.96,260613355.0,16.67,3.85
2023-11-30,1178.87,1191.74,1169.78,1182.62,1182.62,214270862.0,15.48,3.7
2018-10-29,313.63,315.56,310.18,312.1,312.1,323430578.0,25.54,3.1
2022-06-08,830.1,835.99,823.75,829.64,829.64,350000000.0,23.22,3.26
2018-02-07,262.46,264.4,260.44,262.37,262.37,210458583.0,15.75,2.9
2022-04-22,832.64,841.05,823.65,832.06,832.06,345358343.0,24.88,3.06
2021-08-13,614.61,618.03,612.01,615.43,615.43,214053130.0,13.14,1.75
2023-06-12,906.78,911.46,898.33,903.0,903.0,209457057.0,16.33,3.81
2020-06-11,321.61,323.56,319.02,320.97,320.97,335882942.0,25.9,0.79
2021-02-16,438.26,440.4,435.42,437.55,437.55,222749076.0,19.5,1.49
2020-10-01,361.24,363.8,358.85,361.41,361.41,330333043.0,29.9,0.61
2020-08-25,348.05,351.53,344.29,347.77,347.77,338642775.0,28.93,0.57
2022-08-18,748.48,757.82,743.83,753.14,753.14,350000000.0,24.45,3.57
2020-05-22,328.86,332.67,325.75,329.55,329.55,324455039.0,26.45,0.91
2021-07-20,604.07,607.31,598.21,601.43,601.43,178860518.0,12.34,1.71
2018-12-25,288.02,291.28,285.48,288.73,288.73,350000000.0,28.23,3.21
2018-02-05,262.4,264.92,261.17,263.69,263.69,227625251.0,12.46,2.98
2019-04-16,318.63,320.84,316.81,319.02,319.02,214450921.0,12.24,2.31
2020-03-11,276.86,282.73,271.77,277.62,277.62,350000000.0,52.12,0.79
2018-03-07,254.54,257.01,252.45,254.92,254.92,210028333.0,16.14,3.05
2018-05-29,261.99,263.55,259.65,261.2,261.2,208995581.0,13.38,3.04
2019-05-03,313.04,314.0,310.79,311.75,311.75,206991029.0,14.01,2.21
2018-03-19,258.03,259.78,255.25,257.0,257.0,229318837.0,15.79,2.85
2021-05-18,507.07,512.85,503.45,509.22,509.22,198307496.0,18.49,1.63
2018-10-25,312.3,314.77,308.68,311.15,311.15,337187263.0,18.05,3.1
2018-06-18,269.27,271.62,266.44,268.79,268.79,205664332.0,19.14,2.95
2022-11-15,766.98,776.52,755.02,764.53,764.53,350000000.0,27.04,4.02
2021-01-27,434.17,435.7,431.49,433.01,433.01,198595685.0,15.72,1.56
2018-04-11,263.73,265.67,261.61,263.55,263.55,205576643.0,12.89,2.93
2023-03-16,754.04,759.15,746.95,752.05,752.05,242452035.0,11.72,3.96
2022-03-08,724.44,729.54,717.53,722.61,722.61,348127999.0,25.82,2.88
2020-12-29,411.35,414.45,407.98,411.08,411.08,311792237.0,24.97,0.8
2018-03-05,252.83,254.94,251.3,253.4,253.4,219080245.0,16.45,2.98
2023-01-23,781.06,786.91,776.37,782.22,782.22,212427082.0,17.97,3.92
2020-01-02,378.65,382.47,375.78,379.59,379.59,306006739.0,25.34,0.63
2021-08-17,603.21,608.45,598.64,603.87,603.87,200207940.0,18.2,1.79
2021-04-16,475.23,478.16,473.4,476.33,476.33,208887463.0,19.22,1.64
2021-08-10,600.84,609.28,593.68,602.11,602.11,246482476.0,17.66,1.76
2021-04-23,480.94,486.84,478.06,483.94,483.94,223564514.0,20.86,1.61
2020-01-16,352.39,354.37,350.09,352.06,352.06,325503726.0,24.48,0.59
2022-12-06,757.7,765.66,749.15,757.1,757.1,350000000.0,25.53,4.21
2020-04-23,278.87,281.09,276.52,278.74,278.74,327185650.0,26.64,0.8
2019-10-14,365.52,368.35,361.44,364.27,364.27,197277687.0,16.49,1.9
2021-05-27,527.85,531.48,525.04,528.67,528.67,216844737.0,20.92,1.62
2023-02-13,799.13,807.38,793.69,801.92,801.92,198906348.0,13.35,3.95
2021-03-29,464.96,468.71,460.94,464.69,464.69,239560806.0,16.53,1.63
2021-12-07,719.51,723.66,714.22,718.37,718.37,240137714.0,20.19,1.79
2018-03-26,256.8,259.31,254.6,257.11,257.11,215162000.0,17.08,2.95
2021-09-10,643.45,646.39,638.15,641.08,641.08,198248536.0,17.47,1.7
2018-05-09,265.78,268.16,262.31,264.69,264.69,198613453.0,10.62,2.94
2020-07-21,329.87,333.27,326.63,330.03,330.03,316996776.0,26.05,0.67
2021-02-22,445.19,447.52,442.18,444.5,444.5,183418028.0,18.36,1.44
2018-09-28,286.43,289.0,282.93,285.49,285.49,221129435.0,10.23,3.13
2019-01-28,278.91,280.72,277.67,279.48,279.48,168457890.0,14.2,2.32
2020-08-31,351.46,354.69,347.01,350.23,350.23,302760245.0,21.61,0.6
2019-05-17,315.12,319.81,311.96,316.64,316.64,171209835.0,12.94,2.21
2019-12-27,379.92,382.44,377.91,380.42,380.42,198806884.0,13.09,1.66
2021-08-05,603.02,608.5,599.7,605.17,605.17,215222906.0,21.94,1.73
2023-03-14,758.96,765.21,751.75,758.0,758.0,245350638.0,15.41,3.93
2018-09-12,288.51,290.67,284.56,286.71,286.71,217563792.0,10.54,3.14
2022-10-12,788.96,798.53,774.64,784.16,784.16,350000000.0,23.56,3.83
2022-02-17,690.36,697.56,684.96,692.14,692.14,335368395.0,25.55,2.71
2018-06-04,258.59,260.15,257.02,258.58,258.58,182071855.0,13.35,3.02
2021-06-21,576.67,581.59,570.11,575.02,575.02,206706457.0,17.21,1.63
2018-02-28,257.04,260.51,254.59,258.06,258.06,210595141.0,16.4,2.94
2020-11-10,369.47,373.77,364.14,368.42,368.42,303918450.0,30.02,0.73
2021-10-27,634.41,637.54,627.89,631.0,631.0,215803834.0,19.12,1.8
2018-10-12,282.62,285.36,278.71,281.44,281.44,343066334.0,20.98,3.1
2022-03-29,733.46,740.83,722.98,730.31,730.31,345830910.0,29.82,2.91
2018-03-14,250.48,252.63,249.17,251.31,251.31,190992789.0,10.9,2.93
2022-07-01,875.99,888.71,866.76,879.44,879.44,343235521.0,24.37,3.43
2020-02-03,337.19,342.12,332.19,337.11,337.11,350000000.0,54.68,0.64
2018-04-05,260.08,262.57,257.88,260.37,260.37,216723536.0,17.48,2.88
2023-11-08,1228.51,1240.28,1220.25,1231.99,1231.99,225976017.0,13.41,3.63
2021-09-20,647.95,654.83,644.02,650.88,650.88,184865557.0,14.9,1.66
2021-02-19,444.23,448.92,441.28,445.95,445.95,230921799.0,17.11,1.55
2018-09-13,287.12,289.99,285.13,288.0,288.0,198075845.0,16.25,3.05
2018-07-11,265.57,267.93,263.51,265.87,265.87,220287478.0,10.79,2.97
2018-07-04,264.36,266.5,262.94,265.08,265.08,223964904.0,10.02,3.12
2018-04-23,260.37,262.29,257.54,259.45,259.45,223696021.0,11.69,2.94
2023-10-31,1195.04,1203.17,1184.69,1192.8,1192.8,227713912.0,17.54,3.7
2018-05-28,257.28,258.87,255.55,257.14,257.14,218872854.0,18.47,3.01
2022-08-26,743.97,752.78,736.63,745.43,745.43,334225925.0,25.26,3.67
2020-01-28,351.29,353.67,348.0,350.38,350.38,290538404.0,23.73,0.67
2022-04-13,782.11,788.68,770.46,776.99,776.99,350000000.0,27.02,2.97
2019-11-04,380.6,383.76,377.39,380.56,380.56,224025026.0,9.22,1.91
2018-08-20,273.98,276.57,272.28,274.86,274.86,201673579.0,15.27,3.11
2018-12-13,282.65,285.57,279.31,282.22,282.22,319756991.0,20.94,3.11
2019-03-06,294.76,297.59,293.06,295.89,295.89,161076244.0,13.02,2.36
2019-09-17,368.87,371.62,367.05,369.8,369.8,201887243.0,12.47,2.01
2021-02-09,432.13,434.7,427.98,430.54,430.54,191603649.0,15.16,1.59
2019-04-12,320.67,322.52,318.65,320.5,320.5,192753907.0,9.0,2.23
2021-06-02,542.62,549.49,538.81,545.65,545.65,162065046.0,15.31,1.65
2018-05-16,263.04,263.77,261.32,262.05,262.05,207993785.0,10.14,2.9
2021-05-06,487.85,490.68,484.32,487.16,487.16,214779572.0,17.75,1.61
2023-12-01,1180.25,1184.42,1173.18,1177.34,1177.34,233807729.0,14.6,3.67
2020-10-28,367.76,370.59,363.12,365.94,365.94,316873505.0,24.68,0.72
2023-10-02,1144.34,1158.27,1135.78,1149.67,1149.67,224884525.0,18.29,3.74
2021-12-13,717.84,719.68,715.98,717.82,717.82,188740892.0,10.11,1.8
2019-08-13,365.73,370.26,362.95,367.46,367.46,221783869.0,14.17,2.03
2018-05-23,257.0,259.29,255.53,257.82,257.82,175885994.0,12.72,2.98
2019-08-30,375.1,376.96,372.17,374.02,374.02,194211975.0,14.8,2.01
2018-04-13,260.9,262.88,259.68,261.65,261.65,223942283.0,13.71,2.91
2023-05-17,826.12,830.97,820.03,824.88,824.88,229030790.0,13.32,3.84
2022-11-17,746.92,756.63,736.45,746.14,746.14,350000000.0,24.4,4.1
2023-06-13,914.92,921.04,906.53,912.63,912.63,241891133.0,12.99,3.86
2019-02-27,291.87,294.3,288.99,291.41,291.41,246975928.0,13.02,2.31
2023-03-07,771.63,776.71,765.9,770.97,770.97,227534594.0,9.0,4.02
2023-01-20,784.59,787.29,778.39,781.08,781.08,235882555.0,11.43,3.98
2022-11-24,796.47,801.96,789.69,795.18,795.18,312309714.0,23.66,4.2
2020-12-02,378.41,382.24,375.49,379.32,379.32,310143511.0,24.61,0.68
2020-10-22,348.58,352.14,345.24,348.81,348.81,301503994.0,28.68,0.65
2019-06-27,345.65,347.42,342.57,344.33,344.33,173788046.0,16.27,2.07
2018-11-26,299.82,303.45,294.46,298.07,298.07,350000000.0,24.95,3.14
2022-12-27,772.12,783.14,766.33,777.32,777.32,350000000.0,22.68,4.32
2019-01-09,277.23,279.45,273.79,276.0,276.0,190341478.0,13.4,2.45
2019-03-04,294.61,295.88,292.56,293.83,293.83,185084205.0,15.27,2.34
2021-04-15,476.23,479.34,470.41,473.5,473.5,221176849.0,15.4,1.63
2018-06-13,262.02,263.9,260.72,262.6,262.6,221540396.0,14.16,2.92
2023-05-19,841.17,847.39,833.1,839.3,839.3,214933866.0,17.23,3.87
2020-07-30,328.36,330.88,325.68,328.2,328.2,306444492.0,25.98,0.6
2018-12-14,282.81,285.76,280.49,283.43,283.43,350000000.0,27.56,3.04
2022-05-11,846.18,862.03,835.5,851.28,851.28,330694273.0,25.86,3.13
2022-04-19,819.89,827.96,811.3,819.37,819.37,335741769.0,26.49,3.0
2018-04-10,263.81,265.09,262.19,263.47,263.47,189296516.0,10.6,3.0
2018-05-11,263.71,265.99,261.21,263.48,263.48,207020480.0,9.0,2.99
2021-07-16,608.57,612.36,606.66,610.44,610.44,207306658.0,17.61,1.67
2018-02-15,261.28,263.56,259.54,261.82,261.82,237871724.0,15.09,2.75
2021-01-22,430.28,432.63,427.71,430.06,430.06,217540092.0,19.22,1.56
2022-05-23,875.11,881.97,868.53,875.38,875.38,350000000.0,29.66,3.16
2019-09-19,365.96,368.55,364.27,366.86,366.86,185369448.0,17.16,1.94
2019-09-16,368.76,370.02,367.19,368.44,368.44,182453238.0,10.59,1.89
2020-12-15,406.43,410.37,402.65,406.59,406.59,320136906.0,24.67,0.81
2020-09-29,361.93,364.53,358.16,360.75,360.75,305837420.0,26.8,0.54
2021-09-13,647.08,653.93,642.26,649.09,649.09,209041378.0,14.7,1.63
2022-07-28,777.5,785.45,772.09,780.02,780.02,310344088.0,28.05,3.51
2021-10-06,628.61,632.12,622.19,625.69,625.69,233540083.0,15.37,1.76
2022-07-07,833.91,842.75,825.57,834.4,834.4,334063710.0,21.72,3.32
2018-04-18,264.06,265.77,261.71,263.41,263.41,221297784.0,12.89,2.96
2018-04-27,261.71,264.66,258.19,261.14,261.14,154407683.0,14.08,2.99
2021-06-28,586.76,591.39,581.77,586.4,586.4,213860211.0,16.29,1.63
2018-04-25,264.92,267.14,261.4,263.61,263.61,231042896.0,13.64,2.93
2019-10-02,361.52,365.69,358.36,362.52,362.52,201566779.0,13.3,1.97
2021-11-02,645.17,648.28,642.07,645.17,645.17,203001750.0,17.53,1.74
2020-08-04,315.7,318.68,312.68,315.67,315.67,295302225.0,29.62,0.65
2023-10-09,1124.66,1139.81,1119.47,1134.58,1134.58,217835428.0,14.92,3.78
2022-07-26,784.7,792.3,777.37,784.96,784.96,337095851.0,26.69,3.42
2019-09-03,379.6,381.89,377.05,379.34,379.34,207267191.0,15.99,2.07
2020-12-14,408.14,412.68,404.29,408.82,408.82,314628216.0,22.59,0.82
2020-06-19,315.08,319.42,312.43,316.76,316.76,328489038.0,25.08,0.8
2023-10-06,1135.81,1147.4,1126.56,1138.13,1138.13,221230723.0,18.67,3.74
2021-10-14,633.01,638.5,628.39,633.87,633.87,210836943.0,12.71,1.81
2022-10-11,788.94,800.83,782.74,794.59,794.59,350000000.0,26.01,3.87
2022-06-23,865.09,874.08,858.67,867.65,867.65,318606380.0,26.01,3.25
2019-07-19,348.75,351.66,343.68,346.57,346.57,193691264.0,11.7,2.11
2023-03-21,757.1,764.37,752.04,759.29,759.29,228803917.0,13.74,3.85
2023-01-19,782.78,788.82,775.61,781.65,781.65,246648142.0,13.6,3.99
2022-10-10,796.41,803.41,787.89,794.87,794.87,326884628.0,19.9,3.94
2018-05-25,255.17,258.09,253.23,256.15,256.15,222935658.0,17.48,2.9
2020-05-01,281.6,284.69,279.66,282.74,282.74,310497249.0,22.69,0.88
2021-06-23,572.85,576.2,569.88,573.23,573.23,206257184.0,17.22,1.67
2020-08-20,338.91,342.16,336.07,339.32,339.32,344479184.0,25.08,0.65
2021-12-08,718.68,724.4,713.99,719.71,719.71,196576319.0,20.12,1.74
2021-03-02,468.5,470.94,466.19,468.63,468.63,198423024.0,17.85,1.58
2023-05-26,835.78,842.91,826.74,833.86,833.86,211831298.0,14.9,3.92
2023-01-09,776.17,783.44,772.08,779.34,779.34,242150203.0,12.29,3.99
2018-03-28,256.52,258.8,252.51,254.78,254.78,232416442.0,13.03,2.84
2019-01-29,280.74,283.5,278.34,281.08,281.08,216623218.0,9.0,2.42
2021-04-07,471.14,474.54,463.36,466.73,466.73,218207116.0,20.79,1.61
2020-12-24,411.94,415.01,408.15,411.21,411.21,306246538.0,20.29,0.88
2022-01-19,762.32,770.95,755.34,763.96,763.96,350000000.0,28.61,2.6
2018-11-29,285.9,287.6,283.85,285.55,285.55,350000000.0,23.83,3.18
2018-11-08,299.1,301.87,296.26,299.03,299.03,350000000.0,23.17,3.05
2018-07-23,269.82,272.14,266.42,268.73,268.73,195888403.0,17.34,3.1
2023-08-07,1022.72,1030.96,1016.38,1024.61,1024.61,235348495.0,14.57,3.66
2019-06-06,333.35,336.1,330.55,333.3,333.3,192140190.0,11.59,2.27
2022-12-01,802.66,815.12,796.32,808.72,808.72,350000000.0,28.87,4.24
2018-06-14,265.35,267.26,263.26,265.17,265.17,195930902.0,16.27,3.01
2022-07-05,848.96,858.94,840.61,850.57,850.57,350000000.0,23.57,3.45
2022-06-30,892.8,903.33,880.4,890.91,890.91,338564399.0,23.19,3.34
2018-12-17,279.43,,275.65,277.62,277.62,350000000.0,27.88,3.16
2023-10-26,1145.31,1156.52,1139.71,1150.9,1150.9,204669684.0,14.43,3.71
2022-11-03,769.54,779.03,761.29,770.77,770.77,342201119.0,26.63,4.01
2022-09-21,771.06,775.52,765.96,770.42,770.42,350000000.0,23.99,3.79
2018-01-12,279.23,281.53,277.15,279.45,279.45,220103861.0,15.23,2.87
2019-09-20,363.38,367.39,360.55,364.55,364.55,208389340.0,12.77,1.9
2022-09-07,762.59,768.25,757.5,763.16,763.16,317214777.0,24.1,3.73
2020-09-17,339.09,342.95,336.22,340.07,340.07,316594138.0,25.85,0.67
2018-12-24,283.33,286.21,280.93,283.81,283.81,336703602.0,22.24,3.12
2021-05-19,506.18,510.82,503.05,507.68,507.68,213384140.0,17.59,1.65
2020-04-09,265.9,270.19,263.05,267.33,267.33,304409765.0,21.69,0.84
2019-06-28,341.04,345.12,339.26,343.32,343.32,209235162.0,14.0,2.09
2022-09-22,805.04,811.76,795.46,802.16,802.16,350000000.0,25.5,3.73
2022-10-24,756.0,763.35,749.58,756.92,756.92,350000000.0,26.67,3.96
2020-02-19,310.51,315.34,305.43,310.26,310.26,350000000.0,51.3,0.71
2023-02-27,811.71,816.53,805.65,810.46,810.46,244196489.0,13.17,3.91
2021-07-06,604.38,610.24,597.26,603.11,603.11,240913956.0,20.47,1.75
2019-10-07,365.43,367.85,361.85,364.26,364.26,192309825.0,14.92,1.97
2020-10-08,354.17,357.95,351.58,355.35,355.35,305019503.0,24.32,0.6
2023-07-13,939.19,949.16,930.88,940.84,940.84,228267003.0,17.49,3.9
2018-07-20,266.16,268.19,264.87,266.89,266.89,198560615.0,15.3,3.08
2019-12-03,384.39,386.01,383.51,385.12,385.12,210515209.0,13.01,1.8
2022-12-26,761.67,772.23,755.24,765.77,765.77,350000000.0,21.67,4.29
2020-10-30,382.9,387.5,377.18,381.76,381.76,327038827.0,27.0,0.56
2023-07-18,933.61,945.62,924.94,936.92,936.92,226696245.0,18.94,3.87
2021-04-29,491.57,494.66,486.08,489.16,489.16,223072164.0,17.98,1.6
2020-10-20,352.65,356.72,349.42,353.48,353.48,331868371.0,28.41,0.63
2020-01-24,350.49,352.69,347.95,350.14,350.14,320387066.0,29.08,0.68
2018-09-05,283.54,285.44,281.33,283.23,283.23,188220506.0,13.3,3.05
2023-10-16,1164.31,1176.16,1149.66,1161.48,1161.48,255187043.0,17.23,3.69
2020-09-02,347.89,351.59,343.7,347.39,347.39,316800025.0,30.52,0.58
2021-12-02,702.35,707.56,698.72,703.92,703.92,219728975.0,17.4,1.8
2022-03-07,718.5,731.32,710.93,723.69,723.69,350000000.0,23.21,2.81
2021-12-16,712.24,722.46,706.0,716.18,716.18,212377539.0,15.05,1.75
2021-10-01,623.21,630.05,615.95,622.78,622.78,186918051.0,15.01,1.78
2023-12-22,1205.78,1215.56,1197.76,1207.53,1207.53,220739356.0,15.59,3.59
2018-01-10,278.1,280.94,276.12,278.95,278.95,221659719.0,16.42,2.89
2021-08-09,598.41,601.47,594.33,597.39,597.39,222373066.0,17.85,1.68
2020-07-22,338.08,339.72,336.22,337.86,337.86,316082958.0,23.17,0.71
2022-08-23,749.29,755.69,742.47,748.86,748.86,346917663.0,24.74,3.65
2019-05-15,317.69,319.08,315.67,317.06,317.06,198479054.0,19.41,2.21
2020-12-31,417.77,422.87,413.74,418.83,418.83,306559512.0,22.19,0.75
2020-10-26,357.15,361.61,353.47,357.93,357.93,302994129.0,25.26,0.64
2019-04-05,318.81,321.9,316.86,319.94,319.94,232349013.0,14.17,2.33
2022-03-15,741.09,746.57,731.52,736.96,736.96,306134997.0,26.27,2.85
2022-08-30,750.85,756.84,744.97,750.96,750.96,348482730.0,19.89,3.7
2022-08-04,775.55,781.65,765.55,771.62,771.62,323394981.0,23.96,3.6
2018-12-27,287.3,289.46,284.4,286.56,286.56,349467457.0,17.24,3.2
2021-09-02,623.46,627.22,617.58,621.33,621.33,229744196.0,14.71,1.67
2022-09-14,758.94,765.95,752.67,759.68,759.68,350000000.0,26.65,3.76
2019-06-05,330.75,333.11,328.35,330.71,330.71,220632620.0,12.52,2.27
2022-12-30,769.07,778.99,760.45,770.35,770.35,329520087.0,26.41,4.36
2023-07-07,931.25,938.61,923.85,931.21,931.21,213461510.0,17.13,3.77
2018-07-18,266.33,269.0,262.97,265.63,265.63,196721607.0,13.09,3.0
2020-01-06,368.35,371.66,364.64,367.95,367.95,346233563.0,24.95,0.53
2022-07-20,811.56,818.18,802.22,808.82,808.82,350000000.0,24.29,3.35
2018-11-21,288.72,292.39,286.62,290.28,290.28,336674711.0,26.39,3.11
2022-06-27,887.59,895.87,880.45,888.72,888.72,339503125.0,25.6,3.36
2023-09-11,1059.42,1065.1,1054.72,1060.4,1060.4,244372727.0,12.98,3.84
2019-09-09,373.4,376.23,370.91,373.74,373.74,193378984.0,16.48,1.97
2020-01-14,355.92,360.12,352.5,356.7,356.7,307495161.0,24.87,0.61
2023-01-05,773.93,779.25,769.4,774.72,774.72,217910073.0,17.94,4.04
2018-11-13,300.55,303.22,297.8,300.47,300.47,337841754.0,23.43,3.06
2022-09-19,790.75,796.66,784.12,790.02,790.02,334937239.0,24.84,3.75
2018-11-15,291.85,294.74,288.56,291.45,291.45,350000000.0,25.01,3.1
2023-11-22,1193.46,1205.23,1175.8,1187.52,1187.52,224279433.0,14.2,3.66
2023-03-13,757.37,765.28,753.13,761.01,761.01,251600666.0,12.3,3.94
2018-10-24,307.73,311.34,305.07,308.68,308.68,312313882.0,24.32,3.03
2021-05-24,522.9,526.41,520.32,523.81,523.81,243254697.0,18.69,1.62
2018-04-20,260.1,261.32,258.53,259.75,259.75,169394477.0,13.89,3.0
2018-07-26,264.93,267.08,262.71,264.86,264.86,207521149.0,12.91,3.0
2021-02-12,440.5,444.16,437.39,441.04,441.04,207519242.0,19.33,1.5
2021-10-12,628.96,631.44,626.94,629.42,629.42,204018118.0,17.21,1.79
2023-09-05,1026.76,1042.3,1017.53,1033.02,1033.02,224752065.0,14.65,3.79
2020-07-28,328.33,332.69,325.56,329.91,329.91,338856507.0,28.13,0.72
2022-08-16,775.96,785.82,770.02,779.85,779.85,305860136.0,24.69,3.6
2020-02-17,325.98,333.33,319.48,326.81,326.81,350000000.0,55.45,0.7
2021-10-18,635.05,641.02,630.25,636.21,636.21,183854338.0,18.34,1.78
2018-07-05,267.18,269.19,264.24,266.24,266.24,226161400.0,12.34,3.01
2022-06-07,799.89,807.47,793.42,800.99,800.99,341771441.0,27.46,3.33
2021-07-29,603.67,608.51,598.25,603.09,603.09,195809356.0,19.98,1.7
2023-02-06,784.5,795.46,770.79,781.71,781.71,229540123.0,12.88,3.97
2021-02-25,458.58,462.34,454.04,457.8,457.8,188307659.0,15.87,1.56
2019-07-25,346.91,349.27,344.6,346.96,346.96,193867060.0,14.46,2.04
2019-05-30,326.32,328.49,324.33,326.5,326.5,169031367.0,12.02,2.18
2019-12-11,378.9,381.35,376.03,378.48,378.48,195115481.0,14.21,1.8
2022-09-23,789.78,798.75,782.25,791.2,791.2,350000000.0,22.85,3.87
2019-12-06,382.88,385.93,379.35,382.4,382.4,208699263.0,9.0,1.79
2023-05-02,812.55,819.52,802.99,809.94,809.94,222068157.0,14.04,3.95
2019-05-01,311.12,315.43,308.8,313.1,313.1,189518249.0,13.97,2.25
2023-04-25,800.6,808.25,793.95,801.6,801.6,233103790.0,10.32,3.85
2019-06-25,336.04,339.73,333.16,336.84,336.84,194878679.0,14.88,2.16
2018-01-01,269.16,270.87,267.52,269.23,269.23,206531575.0,17.54,2.91
2021-12-28,726.2,730.56,722.2,726.55,726.55,220138568.0,16.21,1.86
2019-05-20,317.83,319.62,316.35,318.14,318.14,172873222.0,9.0,2.13
2021-06-04,556.77,562.07,552.63,557.91,557.91,236955669.0,16.54,1.6
2021-03-04,467.51,470.05,463.42,465.95,465.95,199245571.0,17.63,1.54
2023-08-30,1039.7,1045.78,1032.11,1038.18,1038.18,220823935.0,16.3,3.78
2019-10-28,364.69,367.41,362.85,365.56,365.56,197923158.0,14.77,1.95
2023-02-16,795.08,801.04,788.87,794.82,794.82,211911894.0,17.49,4.03
2018-03-21,255.64,257.75,252.85,254.96,254.96,205871460.0,12.68,2.98
2020-06-10,327.31,330.48,322.87,326.03,326.03,319482985.0,23.19,0.88
2023-03-24,765.77,772.41,757.18,763.81,763.81,237966735.0,21.8,4.02
2022-03-11,735.27,745.69,727.92,738.31,738.31,350000000.0,28.78,2.86
2020-07-01,322.56,326.25,319.89,323.57,323.57,276478239.0,24.28,0.71
2018-08-29,276.06,277.35,274.59,275.88,275.88,209364214.0,10.3,3.01
2019-09-23,367.11,369.3,362.62,364.79,364.79,194660896.0,16.18,1.97
2018-06-25,273.78,275.87,271.56,273.65,273.65,207229654.0,17.17,2.93
2018-02-22,255.33,256.72,254.01,255.4,255.4,218284629.0,13.13,2.86
2020-01-13,363.82,367.22,360.82,364.21,364.21,296216759.0,25.78,0.66
2021-04-14,474.39,478.11,471.45,475.17,475.17,206978990.0,16.59,1.51
2020-09-24,350.85,355.68,347.48,352.3,352.3,311407529.0,28.91,0.62
2018-05-07,262.98,265.41,261.38,263.81,263.81,204651814.0,20.95,2.96
2023-10-20,1138.45,1145.79,1128.94,1136.28,1136.28,215954398.0,17.04,3.7
2018-09-11,289.4,291.81,286.59,289.01,289.01,186548738.0,13.68,3.07
2021-05-10,495.84,500.67,490.13,494.96,494.96,209951243.0,18.79,1.69
2022-01-17,752.23,759.95,743.7,751.42,751.42,349208049.0,29.35,2.43
2021-01-05,428.25,431.66,424.94,428.36,428.36,217885728.0,17.53,1.52
2019-08-02,351.14,353.6,347.23,349.69,349.69,193918944.0,15.84,2.0
2018-12-18,281.97,283.33,279.61,280.96,280.96,319554004.0,26.21,3.14
2018-04-06,259.53,261.08,257.63,259.19,259.19,192597500.0,14.28,2.84
2021-01-28,432.79,434.78,429.82,431.8,431.8,171598306.0,17.79,1.55
2018-07-03,267.22,268.5,265.9,267.18,267.18,211478840.0,13.99,3.0
2019-02-25,290.8,291.76,289.43,290.39,290.39,191643111.0,12.74,2.41
2022-05-12,855.8,867.99,846.52,858.68,858.68,350000000.0,26.45,3.12
2019-04-02,315.38,317.37,312.37,314.35,314.35,179635455.0,17.08,2.27
2023-11-13,1224.72,1235.99,1208.07,1219.3,1219.3,221763386.0,15.28,3.7
2022-06-14,831.53,841.62,822.53,832.61,832.61,311087452.0,25.47,3.26
2019-11-29,376.01,379.28,373.46,376.73,376.73,160184971.0,13.9,1.82
2019-04-23,318.36,319.54,317.25,318.43,318.43,230739160.0,13.65,2.34
2021-03-10,454.61,456.79,452.36,454.54,454.54,210228259.0,13.85,1.64
2019-05-24,325.72,328.92,322.02,325.22,325.22,185081924.0,11.86,2.24
2019-11-25,383.24,387.35,380.24,384.34,384.34,181380327.0,9.0,1.72
2023-08-01,1003.73,1009.82,994.59,1000.66,1000.66,212034915.0,13.21,3.79
2019-04-18,319.5,322.16,317.27,319.93,319.93,201922611.0,9.09,2.26
2018-02-08,262.31,264.47,259.12,261.27,261.27,204687624.0,17.62,2.91
2022-04-05,732.06,739.11,723.08,730.11,730.11,309676291.0,25.65,2.89
2023-06-15,901.88,908.91,897.5,904.51,904.51,237159374.0,18.86,3.91
2021-08-16,610.94,615.5,606.17,610.73,610.73,223762108.0,17.89,1.69
2018-08-24,280.29,282.55,277.09,279.34,279.34,208672249.0,12.83,3.02
2021-06-30,586.8,595.09,581.39,589.66,589.66,203374854.0,17.08,1.65
2019-11-19,379.64,381.71,377.18,379.24,379.24,186043559.0,11.58,1.83
2021-08-26,603.28,610.51,599.55,606.76,606.76,235336437.0,16.48,1.78
2021-12-15,711.27,716.81,706.31,711.84,711.84,205964738.0,15.94,1.84
2020-04-01,263.92,266.15,259.9,262.11,262.11,332970655.0,27.19,0.8
2020-11-16,353.53,356.77,349.98,353.21,353.21,311116955.0,26.73,0.75
2020-07-08,333.61,337.76,330.36,334.5,334.5,317932476.0,32.4,0.86
2018-11-23,295.15,298.37,292.57,295.78,295.78,329992968.0,21.43,3.08
2020-10-21,356.36,360.26,352.46,356.36,356.36,314648271.0,28.36,0.76
2022-05-31,800.93,812.73,792.82,804.58,804.58,350000000.0,25.74,3.24
2023-04-24,789.34,798.69,782.18,791.51,791.51,254601187.0,13.62,3.83
2021-07-30,603.96,610.13,599.6,605.76,605.76,216419245.0,19.37,1.77
2018-05-31,262.57,263.86,261.12,262.42,262.42,197611558.0,11.95,3.05
2020-03-05,270.31,274.82,265.07,269.56,269.56,350000000.0,54.57,0.75
2021-05-31,541.36,546.38,532.87,537.86,537.86,197330617.0,19.22,1.66
2021-08-18,597.46,605.64,592.92,601.08,601.08,160421969.0,21.22,1.68
2022-11-22,788.91,794.13,783.97,789.19,789.19,350000000.0,24.42,4.17
2021-05-21,515.55,518.43,512.78,515.67,515.67,210274439.0,18.27,1.58
2023-01-26,791.86,796.78,786.25,791.16,791.16,224921546.0,18.41,3.97
2021-04-05,472.28,475.63,467.02,470.36,470.36,180754528.0,15.05,1.63
2020-10-23,354.32,356.74,352.3,354.72,354.72,283955531.0,24.42,0.72
2020-09-30,361.88,366.2,358.06,362.38,362.38,301626731.0,28.51,0.57
2019-09-27,366.33,367.82,364.76,366.25,366.25,198197611.0,9.0,2.0
2019-01-04,278.75,280.51,275.35,277.11,277.11,201304081.0,16.3,2.44
2018-04-16,263.0,265.29,261.25,263.54,263.54,210265701.0,14.21,2.86
2019-09-13,364.92,369.24,362.01,366.32,366.32,180966812.0,12.88,2.01
2019-07-08,346.35,349.73,344.2,347.57,347.57,160636695.0,18.04,2.02
2018-09-04,280.23,282.0,278.03,279.79,279.79,233802028.0,10.64,3.03
2021-12-29,732.45,735.44,730.52,733.51,733.51,234710470.0,16.36,1.8
2023-03-30,751.09,762.53,744.61,756.01,756.01,269289434.0,10.98,3.95
2022-03-16,714.03,721.22,705.95,713.13,713.13,350000000.0,24.92,2.78
2022-02-21,695.92,701.74,690.64,696.46,696.46,327200216.0,24.0,2.68
2020-04-13,271.08,272.82,268.88,270.61,270.61,342540348.0,30.23,0.89
2018-03-27,257.44,258.93,255.4,256.89,256.89,183797991.0,13.98,2.98
2021-05-05,489.6,493.56,485.61,489.57,489.57,222103325.0,18.98,1.54
2022-06-24,876.7,889.84,865.67,878.79,878.79,340082660.0,21.61,3.35
2023-08-17,1020.72,1025.96,1014.2,1019.44,1019.44,200680930.0,15.93,3.79
2019-01-24,279.21,281.2,277.4,279.39,279.39,155996787.0,12.21,2.33
2018-02-20,261.59,264.27,259.22,261.9,261.9,209127097.0,11.68,2.9
2020-07-15,333.63,336.07,330.93,333.37,333.37,299163412.0,27.08,0.69
2023-09-15,1031.64,1042.31,1021.3,1031.97,1031.97,226430793.0,18.48,3.73
2022-05-03,818.36,828.03,809.4,819.06,819.06,348092090.0,25.7,3.02
2021-09-29,628.32,632.22,621.88,625.77,625.77,198780500.0,18.19,1.78
2020-10-29,375.63,378.96,372.15,375.48,375.48,308959929.0,25.99,0.68
2018-09-25,286.16,288.76,284.34,286.94,286.94,196493990.0,16.43,3.04
2021-07-09,605.14,608.53,601.03,604.42,604.42,201057689.0,15.69,1.78
2019-10-01,363.99,367.23,361.52,364.75,364.75,177586068.0,16.12,2.0
2020-08-03,320.34,323.09,317.1,319.84,319.84,293260685.0,27.2,0.8
2020-11-30,364.35,367.84,360.1,363.59,363.59,339491012.0,31.12,0.81
2023-06-02,868.43,874.73,861.16,867.46,867.46,214782016.0,12.9,3.79
2020-10-15,357.92,361.19,355.44,358.7,358.7,313406172.0,25.94,0.64
2019-07-31,345.92,348.69,342.25,345.01,345.01,193306386.0,14.42,2.01
2021-03-01,461.48,463.85,459.97,462.33,462.33,196946012.0,12.24,1.49
2020-05-12,295.57,299.82,293.28,297.52,297.52,336590174.0,27.38,0.97
2018-06-08,263.89,265.56,262.35,264.02,264.02,202659891.0,13.57,2.97
2019-08-07,354.66,356.5,351.28,353.11,353.11,191801848.0,11.26,2.03
2023-09-18,1026.43,1033.34,1020.93,1027.83,1027.83,214396003.0,15.05,3.66
2021-09-17,649.77,653.57,645.83,649.63,649.63,201466415.0,19.16,1.69
2020-04-24,281.7,284.31,278.44,281.04,281.04,319878996.0,25.97,0.87
2023-09-26,1106.54,1115.75,1099.57,1108.76,1108.76,208663329.0,12.61,3.71
2018-05-04,264.02,265.92,261.55,263.45,263.45,258216310.0,12.2,2.94
2021-04-01,474.67,477.02,471.52,473.87,473.87,206541641.0,11.58,1.64
2022-10-18,779.78,787.48,771.68,779.37,779.37,339480285.0,31.51,3.92
2023-09-25,1091.46,1099.62,1079.22,1087.35,1087.35,246452498.0,15.31,3.7
2020-11-19,348.55,352.06,345.97,349.48,349.48,320599390.0,27.83,0.63
2019-11-28,378.21,382.29,375.9,379.97,379.97,182152516.0,18.66,1.9
2018-01-16,275.94,278.74,274.92,277.72,277.72,234621358.0,15.85,2.9
2019-07-09,343.6,346.15,341.26,343.81,343.81,180148964.0,10.33,2.15
2019-02-01,286.48,288.98,284.46,286.95,286.95,153642632.0,13.71,2.43
2022-02-01,698.8,705.67,689.65,696.5,696.5,350000000.0,28.45,2.64
2020-08-24,340.94,344.44,337.85,341.35,341.35,315405929.0,22.67,0.63
2022-12-05,781.81,788.07,774.13,780.38,780.38,332527285.0,26.68,4.27
2023-08-14,1009.1,1012.1,1005.61,1008.62,1008.62,230009964.0,11.42,3.74
2020-08-21,341.04,344.36,338.94,342.25,342.25,329740203.0,27.76,0.6
2021-04-06,471.0,474.58,465.13,468.69,468.69,245627786.0,17.91,1.59
2018-08-10,270.32,271.88,268.99,270.55,270.55,230677435.0,13.43,3.05
2021-06-07,560.78,565.1,557.0,561.32,561.32,200319398.0,12.32,1.63
2022-10-05,831.98,840.98,825.74,834.72,834.72,322339431.0,27.38,3.9
2018-12-26,285.24,287.6,282.8,285.17,285.17,346323595.0,24.36,3.13
2019-04-15,319.24,322.94,316.82,320.52,320.52,170867623.0,16.82,2.26
2023-08-18,1028.52,1035.73,1017.32,1024.5,1024.5,255140163.0,15.42,3.87
2021-12-24,716.64,722.11,712.72,718.18,718.18,199953554.0,20.3,1.87
2019-12-23,376.49,380.14,374.12,377.76,377.76,194375473.0,15.56,1.77
2021-11-22,687.64,698.15,682.64,693.11,693.11,211522788.0,15.74,1.77
2020-12-10,393.27,396.32,389.71,392.76,392.76,301908318.0,23.11,0.82
2023-04-07,753.98,759.14,749.31,754.47,754.47,218796298.0,19.63,3.9
2020-12-01,365.72,368.08,362.74,365.09,365.09,303998549.0,21.94,0.88
2022-05-27,848.55,856.75,839.44,847.62,847.62,350000000.0,28.45,3.25
2019-12-31,378.89,380.93,376.22,378.26,378.26,197591882.0,13.52,1.73
2018-01-31,264.83,268.74,263.25,267.16,267.16,230724491.0,16.3,2.88
2019-05-14,318.81,321.24,314.92,317.35,317.35,198645395.0,16.22,2.23
2023-02-03,771.81,777.84,764.26,770.28,770.28,221939184.0,15.42,3.98
2019-04-22,317.45,319.8,315.2,317.54,317.54,234401333.0,10.28,2.41
2019-08-27,366.9,370.03,364.61,367.74,367.74,187709738.0,11.74,2.06
2019-10-24,361.21,363.47,358.95,361.21,361.21,179092885.0,11.8,1.88
2018-10-31,307.77,309.61,304.47,306.31,306.31,346974519.0,21.72,3.04
2021-06-29,589.31,592.95,584.32,587.96,587.96,187758344.0,16.88,1.68
2022-10-28,771.79,778.66,763.57,770.43,770.43,350000000.0,27.18,4.06
2021-11-16,675.82,682.06,666.31,672.52,672.52,227040209.0,18.09,1.78
2023-11-02,1184.59,1188.61,1178.38,1182.38,1182.38,222852691.0,21.52,3.71
2018-05-10,264.71,265.97,262.89,264.15,264.15,173419699.0,15.84,2.93
2021-11-11,667.25,671.59,661.14,665.47,665.47,199432468.0,17.96,1.85
2022-02-07,705.63,713.34,697.4,705.11,705.11,344420188.0,32.86,2.75
2022-03-09,730.41,738.16,722.66,730.42,730.42,350000000.0,24.24,2.77
2020-09-01,351.43,355.9,348.23,352.68,352.68,317829724.0,26.24,0.62
2023-05-18,828.83,834.03,825.83,831.02,831.02,231578251.0,16.66,3.78
2021-10-26,625.55,631.45,621.33,627.21,627.21,179436832.0,17.29,1.85
2018-08-02,267.31,269.42,264.51,266.61,266.61,200167763.0,14.83,3.04
2022-03-18,726.4,733.54,719.23,726.38,726.38,345015353.0,30.36,2.79
2023-03-15,760.08,766.39,755.1,761.4,761.4,221145196.0,18.74,3.94
2023-12-29,1195.55,1203.6,1188.18,1196.23,1196.23,221701334.0,17.41,3.66
2021-01-08,425.09,428.9,421.36,425.17,425.17,168274631.0,14.62,1.5
2020-03-23,252.52,258.25,247.91,253.61,253.61,350000000.0,53.41,0.7
2020-09-10,346.78,350.88,344.18,348.27,348.27,281876661.0,25.14,0.65
2023-01-16,791.63,795.72,789.35,793.44,793.44,226472392.0,11.5,4.01
2019-11-13,366.73,368.92,364.86,367.05,367.05,188988812.0,14.8,1.86
2020-02-21,304.59,309.49,299.82,304.72,304.72,350000000.0,53.64,0.72
2022-05-17,879.71,889.26,871.57,881.1,881.1,316668192.0,26.94,3.13
2022-04-15,791.14,798.88,783.55,791.28,791.28,307382034.0,26.49,2.94
2021-01-26,434.27,436.72,429.85,432.29,432.29,207750439.0,18.99,1.5
2019-12-18,377.31,381.64,374.12,378.44,378.44,183645591.0,9.0,1.71
2020-06-04,331.84,334.24,328.62,331.02,331.02,323322797.0,27.12,0.82
2022-11-28,789.94,797.08,784.39,791.52,791.52,338824748.0,27.02,4.13
2023-05-12,816.2,824.99,808.77,817.55,817.55,228762681.0,12.9,3.8
2022-05-30,838.77,843.15,829.18,833.54,833.54,340459240.0,28.13,3.17
2021-01-11,429.39,432.43,424.0,427.02,427.02,223040140.0,19.92,1.45
2018-06-12,265.26,267.0,263.17,264.91,264.91,176503948.0,14.89,3.0
2020-11-02,371.39,378.16,366.19,372.94,372.94,304272792.0,27.96,0.68
2022-02-22,690.84,697.72,685.08,691.96,691.96,350000000.0,26.53,2.76
2021-03-08,459.74,462.59,457.91,460.76,460.76,199296409.0,16.31,1.49
2018-06-15,265.44,268.12,264.25,266.93,266.93,215378548.0,14.18,3.01
2020-07-07,334.13,336.55,331.4,333.81,333.81,321570477.0,23.28,0.77
2023-09-13,1023.66,1039.04,1017.13,1032.45,1032.45,197239299.0,15.73,3.79
2020-06-08,320.44,324.17,316.69,320.42,320.42,305571685.0,24.65,0.82
2019-05-31,324.75,328.69,321.16,325.1,325.1,205513906.0,14.6,2.18
2019-01-10,277.33,279.22,273.57,275.45,275.45,197908330.0,13.55,2.43
2020-07-06,332.4,335.53,329.82,332.95,332.95,325740989.0,22.79,0.76
2021-08-02,602.73,608.48,598.13,603.88,603.88,197041423.0,18.24,1.75
2021-02-24,461.72,464.0,456.45,458.71,458.71,220964421.0,15.55,1.53
2021-04-27,481.4,486.72,479.1,484.42,484.42,209540436.0,17.56,1.61
2018-03-06,251.51,253.58,250.56,252.62,252.62,218676587.0,11.97,3.0
2023-03-02,787.91,797.76,781.4,791.22,791.22,221268389.0,14.06,3.9
2021-10-19,626.21,628.31,624.37,626.47,626.47,231965051.0,15.66,1.76
2021-05-11,489.36,497.84,484.91,493.36,493.36,200670917.0,15.87,1.59
2020-12-17,416.65,421.35,413.14,417.83,417.83,309283218.0,23.54,0.79
2019-06-24,336.15,337.19,334.63,335.67,335.67,175112183.0,18.0,2.16
2018-01-05,273.82,275.37,272.24,273.79,273.79,201790210.0,12.5,2.8
2021-11-04,645.76,651.02,638.06,643.3,643.3,208163065.0,20.9,1.82
2023-03-17,754.01,759.34,748.68,754.01,754.01,233471277.0,15.98,3.93
2019-01-03,277.23,278.99,275.53,277.29,277.29,191598348.0,15.52,2.49
2022-09-27,831.51,844.35,819.99,832.82,832.82,336068877.0,24.21,3.83
2023-06-27,904.37,911.03,893.1,899.73,899.73,248006677.0,13.51,3.79
2019-09-12,369.48,372.25,366.51,369.27,369.27,180383861.0,10.0,1.93
2021-11-03,648.13,653.17,641.04,646.06,646.06,196959564.0,18.47,1.81
2022-02-16,670.53,681.38,665.52,676.32,676.32,350000000.0,21.16,2.64
2021-03-17,453.94,459.09,451.39,456.53,456.53,233021395.0,17.34,1.6
2023-05-16,817.66,823.82,809.21,815.35,815.35,207491567.0,15.36,3.85
2019-03-01,295.26,296.9,291.63,293.26,293.26,177658852.0,13.45,2.37
2022-09-13,762.67,768.77,756.06,762.15,762.15,350000000.0,28.57,3.7
2019-03-14,305.33,306.33,302.89,303.88,303.88,179650916.0,12.33,2.25
2018-07-27,266.1,267.6,264.16,265.65,265.65,230411484.0,14.45,3.03
2022-05-26,859.79,865.54,854.21,859.96,859.96,312830917.0,20.81,3.27
2020-03-13,279.23,282.97,275.61,279.35,279.35,350000000.0,55.96,0.79
2018-03-12,253.9,257.03,250.03,253.15,253.15,205010850.0,13.54,2.89
2022-09-08,763.68,773.81,757.44,767.54,767.54,350000000.0,24.72,3.73
2020-10-13,356.45,361.58,352.82,357.94,357.94,294167864.0,22.49,0.59
2021-03-11,453.21,456.37,449.01,452.16,452.16,206863107.0,20.48,1.56
2022-04-11,746.24,757.38,738.61,749.71,749.71,350000000.0,30.43,3.04
2022-06-21,850.55,863.51,840.31,853.25,853.25,350000000.0,24.68,3.37
2019-10-21,365.34,370.38,361.23,366.25,366.25,209538389.0,17.7,1.95
2021-09-21,646.41,653.34,641.01,647.92,647.92,222143656.0,21.72,1.72
2020-07-02,318.24,323.25,314.36,319.36,319.36,280019444.0,28.91,0.89
2019-07-12,349.87,353.54,347.32,350.98,350.98,190485580.0,14.25,2.14
2019-12-17,378.45,381.46,375.64,378.65,378.65,212797199.0,13.58,1.73
2019-03-25,310.08,312.64,307.97,310.53,310.53,183544137.0,12.78,2.31
2018-01-26,263.19,265.85,261.25,263.9,263.9,211422372.0,14.14,2.95
2020-08-14,331.03,335.63,327.7,332.29,332.29,305250214.0,21.51,0.67
2018-02-19,259.93,262.94,258.3,261.3,261.3,189193140.0,15.7,2.99
2021-06-16,564.6,570.33,560.83,566.55,566.55,205158243.0,18.87,1.7
2021-03-03,466.76,468.92,464.94,467.1,467.1,223184840.0,12.78,1.58
2023-05-23,825.11,830.7,818.98,824.57,824.57,231535689.0,12.43,3.9
2019-07-24,345.44,348.88,342.86,346.29,346.29,196845689.0,12.96,1.97
2021-07-12,608.83,615.16,603.87,610.19,610.19,165312882.0,18.29,1.64
2020-01-22,346.99,349.36,344.0,346.37,346.37,296519461.0,29.93,0.56
2020-11-26,361.37,365.5,357.09,361.22,361.22,295608031.0,29.23,0.8
2022-01-26,754.29,762.03,743.69,751.4,751.4,344199951.0,24.36,2.58
2022-08-05,786.99,795.39,779.54,787.94,787.94,350000000.0,22.13,3.57
2018-12-10,280.19,283.25,277.99,281.05,281.05,342777092.0,23.35,3.19
2022-04-27,812.32,819.57,801.64,808.86,808.86,330490611.0,26.29,3.0
2021-01-01,419.2,423.57,416.72,421.09,421.09,229232208.0,19.49,1.45
2019-11-15,375.53,376.99,373.08,374.53,374.53,210707540.0,13.05,1.88
2018-08-03,266.14,268.95,264.6,267.4,267.4,218388816.0,14.91,2.95
2021-09-07,637.9,642.59,630.52,635.19,635.19,227679805.0,11.81,1.77
2021-04-08,470.02,475.06,466.59,471.61,471.61,201390754.0,15.13,1.61
2020-05-25,326.05,329.8,324.25,327.98,327.98,318907415.0,23.96,0.8
2020-08-17,334.62,339.18,331.89,336.43,336.43,304737734.0,28.71,0.64
2020-03-06,263.56,267.68,259.61,263.73,263.73,350000000.0,53.91,0.73
2023-09-14,1019.29,1024.93,1013.69,1019.34,1019.34,261676054.0,16.82,3.73
2018-01-24,267.95,269.81,266.67,268.52,268.52,217168632.0,13.54,2.9
2018-06-27,270.01,272.8,267.81,270.59,270.59,195200720.0,10.44,2.99
2023-11-24,1147.4,1153.81,1140.87,1147.27,1147.27,223618825.0,10.42,3.71
2021-07-21,604.61,608.06,600.35,603.8,603.8,193550562.0,22.8,1.72
2021-10-04,629.43,634.07,622.64,627.27,627.27,210351863.0,19.22,1.66
2023-11-20,1184.91,1192.14,1178.24,1185.47,1185.47,232596048.0,17.98,3.73
2018-09-24,284.97,287.56,282.22,284.81,284.81,201701881.0,13.32,3.14
2022-05-13,870.01,878.23,859.39,867.59,867.59,350000000.0,28.91,3.17
2021-10-20,627.59,631.74,621.66,625.79,625.79,201290730.0,20.14,1.78
2023-11-09,1228.65,1238.06,1218.35,1227.75,1227.75,260397804.0,14.86,3.68
2023-01-04,765.83,768.87,763.42,766.46,766.46,211013946.0,11.94,4.04
2020-04-28,286.39,289.15,284.02,286.78,286.78,309528302.0,28.74,0.89
2018-09-10,289.79,292.87,287.75,290.82,290.82,192246604.0,9.25,3.09
2019-02-26,290.74,293.11,287.21,289.57,289.57,204949685.0,16.87,2.41
2019-11-26,381.02,384.29,378.71,381.98,381.98,191777377.0,14.37,1.76
2023-03-03,792.87,799.32,783.94,790.37,790.37,229417502.0,14.88,4.01
2023-01-11,797.81,802.36,791.96,796.49,796.49,199751550.0,13.4,4.07
2022-12-14,757.4,763.91,748.08,754.56,754.56,350000000.0,21.69,4.27
2019-12-25,377.57,378.96,375.93,377.33,377.33,189432345.0,14.31,1.89
2022-02-04,707.49,716.02,697.76,706.28,706.28,350000000.0,24.32,2.58
2019-10-29,366.58,369.49,364.54,367.44,367.44,170212252.0,15.53,1.85
2018-08-08,271.21,273.54,269.06,271.38,271.38,219292956.0,17.69,3.03
2022-10-06,820.87,829.61,811.8,820.53,820.53,350000000.0,25.75,3.95
2022-08-01,766.77,774.54,756.65,764.39,764.39,346014906.0,22.87,3.55
2018-01-23,267.12,270.01,264.81,267.69,267.69,220369280.0,16.28,2.85
2022-02-09,708.01,717.7,700.44,710.11,710.11,348601602.0,31.42,2.67
2023-11-29,1188.07,1197.5,1176.96,1186.36,1186.36,228419211.0,13.01,3.72
2020-02-04,341.75,346.98,336.44,341.67,341.67,350000000.0,52.72,0.61
2020-07-09,336.42,339.14,333.52,336.24,336.24,335339542.0,30.38,0.69
2022-11-29,788.74,795.15,782.48,788.88,788.88,350000000.0,25.4,4.19
2021-11-26,690.4,696.32,683.98,689.89,689.89,216905149.0,19.42,1.84
2023-01-12,802.9,808.86,795.31,801.26,801.26,247451187.0,18.71,3.99
2021-09-03,623.4,629.28,618.25,624.12,624.12,194672757.0,13.15,1.67
2023-08-22,1034.78,1041.28,1025.4,1031.88,1031.88,247379087.0,15.61,3.73
2019-01-31,281.69,284.66,279.42,282.39,282.39,199318079.0,13.06,2.47
2021-01-20,429.68,431.34,427.43,429.09,429.09,203371702.0,17.43,1.49
2018-11-12,300.58,302.33,298.98,300.73,300.73,350000000.0,30.25,3.06
2018-02-06,260.46,262.33,259.56,261.43,261.43,219064908.0,11.4,2.87
2019-09-04,377.32,379.16,374.27,376.11,376.11,199371097.0,16.32,1.98
2023-11-01,1191.67,1202.51,1180.67,1191.51,1191.51,206558352.0,15.27,3.72
2018-11-16,293.04,296.58,290.38,293.91,293.91,340329393.0,27.3,3.1
2018-02-21,258.1,259.5,256.58,257.98,257.98,191692881.0,11.16,2.82
2020-11-13,356.74,360.38,353.32,356.95,356.95,328224152.0,29.61,0.72
2022-01-03,744.47,752.04,735.81,743.37,743.37,350000000.0,17.89,2.52
2019-10-18,366.3,369.56,363.3,366.55,366.55,206405506.0,17.96,1.94
2023-02-14,800.29,805.21,793.36,798.26,798.26,220065451.0,11.07,3.97
2023-11-23,1173.18,1186.58,1162.82,1176.2,1176.2,183963113.0,15.36,3.67
2020-08-19,335.03,337.09,333.09,335.15,335.15,299096530.0,28.25,0.64
2023-07-10,936.0,941.89,931.79,937.67,937.67,207424708.0,17.23,3.85
2020-06-12,315.43,318.07,313.32,315.96,315.96,301494535.0,22.31,0.9
2023-03-08,773.51,781.76,767.24,775.48,775.48,254325283.0,12.98,3.93
2022-09-01,740.87,748.26,735.59,742.96,742.96,350000000.0,30.3,3.61
2022-06-09,845.82,855.69,832.19,842.01,842.01,332874703.0,25.45,3.31
2023-04-28,807.81,814.19,803.61,809.99,809.99,225835546.0,12.35,3.86
2023-06-19,881.2,890.49,872.72,882.0,882.0,225496733.0,17.26,3.8
2021-01-25,434.56,438.63,429.63,433.69,433.69,187675553.0,21.34,1.52
2018-08-13,269.75,272.06,266.31,268.61,268.61,251013945.0,11.16,3.0
2021-08-31,616.73,624.11,607.78,615.14,615.14,211452279.0,16.02,1.78
2022-07-19,809.72,822.08,800.14,812.47,812.47,350000000.0,27.44,3.41
2021-02-23,448.82,452.73,446.05,449.95,449.95,218830181.0,20.61,1.43
2023-02-02,761.85,770.99,756.29,765.41,765.41,222685375.0,15.99,4.02
2021-05-12,493.75,496.8,491.64,494.69,494.69,203978880.0,15.97,1.55
2021-07-01,598.22,600.73,595.18,597.69,597.69,225726710.0,19.01,1.74
2018-08-01,264.24,267.8,262.4,265.96,265.96,200734328.0,9.49,3.07
2023-07-03,904.8,909.49,901.66,906.35,906.35,232784315.0,18.64,3.73
2019-12-13,377.76,379.72,375.28,377.24,377.24,234179986.0,11.93,1.84
2022-05-09,854.6,862.89,845.06,853.34,853.34,345862145.0,20.91,3.13
2022-10-17,770.1,778.16,761.68,769.74,769.74,350000000.0,29.86,4.01
2023-01-13,797.44,807.36,792.21,802.1,802.1,212850922.0,13.16,4.05
2018-05-24,257.8,259.89,254.25,256.33,256.33,174118744.0,15.71,2.99
2020-03-31,267.18,272.15,259.69,264.61,264.61,350000000.0,55.23,0.9
2023-04-26,814.56,820.86,807.42,813.72,813.72,248872661.0,20.11,3.96
2022-05-19,876.32,886.53,868.99,879.17,879.17,328515600.0,25.04,3.19
2018-03-15,252.45,254.17,250.97,252.7,252.7,194805433.0,15.52,2.88
2018-07-31,267.27,269.19,265.32,267.25,267.25,171881301.0,13.75,2.98
2019-07-18,345.99,349.35,343.93,347.28,347.28,179079879.0,9.0,2.07
2023-10-27,1170.57,1179.06,1162.88,1171.37,1171.37,211862087.0,12.65,3.69
2018-10-17,280.18,282.43,278.06,280.3,280.3,314520437.0,22.79,3.17
2023-09-01,1025.23,1036.23,1016.84,1027.82,1027.82,233405936.0,16.54,3.8
2022-04-20,827.56,832.72,821.88,827.04,827.04,350000000.0,24.72,3.02
2023-04-11,751.5,756.06,745.4,749.95,749.95,201100270.0,12.26,3.89
2018-01-11,278.47,279.63,276.92,278.08,278.08,220114624.0,16.42,2.85
2021-11-19,688.24,698.14,681.52,691.39,691.39,243227862.0,21.09,1.84
2023-05-22,832.8,837.28,829.92,834.4,834.4,217212514.0,16.6,3.87
2022-01-24,774.42,780.19,767.74,773.5,773.5,331760247.0,27.09,2.59
2019-09-25,367.62,368.61,364.53,365.51,365.51,188800775.0,17.09,1.98
2018-12-20,294.42,296.87,291.08,293.52,293.52,325750728.0,23.23,3.17
2021-06-08,559.76,565.53,555.31,561.07,561.07,205555845.0,20.42,1.65
2023-03-28,762.14,768.63,757.5,763.98,763.98,240142822.0,17.75,3.84
2021-05-17,510.96,514.57,507.31,510.92,510.92,175746574.0,9.45,1.66
2023-08-28,1032.64,1041.69,1024.38,1033.42,1033.42,212030020.0,10.82,3.78
2020-05-21,321.07,323.96,318.63,321.51,321.51,311610155.0,25.53,0.85
2019-04-29,317.49,321.72,314.5,318.72,318.72,201234176.0,9.25,2.21
2023-02-24,822.67,830.21,813.07,820.59,820.59,241802858.0,15.76,3.98
2019-01-02,278.92,281.45,276.46,278.98,278.98,211051570.0,12.58,2.46
2023-01-24,785.53,791.39,780.85,786.7,786.7,265624838.0,16.67,3.99
2018-07-30,265.66,268.06,263.95,266.35,266.35,219292074.0,15.1,3.04
2019-10-23,359.58,361.51,355.45,357.38,357.38,189864254.0,13.87,1.91
2020-06-15,316.18,319.1,312.31,315.23,315.23,306285667.0,28.37,0.82
2023-12-12,1198.81,1208.75,1190.96,1200.89,1200.89,236904710.0,14.55,3.53
2023-08-23,1036.68,1044.15,1024.18,1031.61,1031.61,224805040.0,13.99,3.73
2020-02-10,324.8,330.68,320.03,325.9,325.9,350000000.0,56.1,0.67
2021-07-22,613.72,619.37,606.33,611.96,611.96,218341393.0,16.79,1.67
2019-11-14,373.15,375.29,369.68,371.82,371.82,198931432.0,12.23,1.8
2023-06-08,893.94,900.57,886.22,892.84,892.84,212222693.0,13.25,3.79
2022-06-28,888.27,899.42,880.81,891.93,891.93,338500138.0,21.94,3.42
2018-07-24,267.18,268.88,264.54,266.24,266.24,211324661.0,13.79,3.06
2019-07-17,346.68,348.87,344.59,346.78,346.78,172869355.0,15.66,2.19
2021-08-27,609.29,612.38,603.83,606.9,606.9,226426200.0,17.54,1.72
2023-08-16,1033.48,1041.45,1021.54,1029.49,1029.49,205604015.0,10.96,3.69
2020-07-10,337.68,340.12,333.93,336.36,336.36,305557153.0,25.92,0.85
2019-10-10,362.7,366.75,360.28,364.31,364.31,189277448.0,9.0,1.88
2018-09-18,290.7,293.02,288.43,290.75,290.75,234043501.0,12.08,3.09
2022-05-25,836.62,847.36,828.34,839.06,839.06,323863578.0,27.25,3.16
2022-09-09,765.5,772.64,757.45,764.58,764.58,330766716.0,24.66,3.79
2020-04-30,275.91,278.62,273.52,276.22,276.22,324687466.0,24.68,0.94
2018-07-19,266.75,268.45,264.49,266.18,266.18,233639915.0,15.26,3.0
2020-11-17,347.61,351.05,343.98,347.43,347.43,291378971.0,26.08,0.74
2021-10-05,628.51,632.57,625.92,629.98,629.98,213143389.0,16.39,1.72
2018-10-03,281.98,284.98,279.49,282.48,282.48,322534628.0,26.49,2.99
2021-05-20,512.71,515.37,509.74,512.4,512.4,186406901.0,13.3,1.7
2019-01-25,280.66,282.51,277.11,278.95,278.95,166739351.0,10.94,2.37
2019-02-14,285.54,287.49,283.24,285.18,285.18,195870446.0,11.63,2.37
2023-06-20,896.61,906.5,889.45,899.32,899.32,230085728.0,13.75,3.92
2019-07-15,349.02,351.28,345.22,347.46,347.46,186446411.0,15.58,2.06
2018-06-20,270.69,272.57,268.29,270.17,270.17,194697376.0,12.71,3.04
2022-08-17,772.09,778.79,764.23,770.93,770.93,347340570.0,24.58,3.65
2018-10-10,285.18,287.57,281.45,283.83,283.83,312899170.0,23.58,3.09
2021-03-15,454.2,456.6,451.3,453.7,453.7,232611055.0,13.21,1.68
2018-12-11,278.32,281.05,275.83,278.56,278.56,328901512.0,27.17,3.18
2023-09-08,1050.72,1060.23,1041.03,1050.54,1050.54,242842498.0,15.96,3.8
2023-08-21,1035.9,1044.56,1027.92,1036.57,1036.57,216794206.0,18.86,3.72
2022-06-02,780.59,786.78,772.14,778.31,778.31,333874607.0,26.5,3.27
2019-06-21,335.38,337.47,332.87,334.95,334.95,218366258.0,11.05,2.15
2023-04-17,770.22,776.71,766.5,772.98,772.98,214010670.0,9.83,3.82
2021-04-09,477.78,479.79,475.42,477.43,477.43,233240995.0,20.15,1.51
2018-11-02,303.24,306.05,300.56,303.36,303.36,310241417.0,24.74,3.16
2020-06-16,322.97,327.04,319.4,323.46,323.46,306030653.0,26.14,0.87
2018-01-02,269.06,270.9,267.25,269.09,269.09,218927755.0,15.93,2.85
2018-06-06,257.66,261.38,255.26,258.96,258.96,221415780.0,16.8,3.1
2020-09-03,354.01,356.3,350.47,352.76,352.76,317613483.0,32.67,0.56
2023-09-21,1053.61,1058.6,1046.2,1051.17,1051.17,227096615.0,13.19,3.71
2021-08-24,603.47,608.82,599.39,604.74,604.74,199367546.0,16.56,1.7
2023-04-10,754.62,761.18,747.21,753.76,753.76,237587898.0,13.96,4.0
2022-12-13,752.85,761.14,747.05,755.31,755.31,336050512.0,30.29,4.3
2023-06-05,877.1,883.57,869.11,875.57,875.57,245716698.0,13.14,3.89
2019-09-10,375.53,377.9,371.71,374.06,374.06,200891382.0,13.13,2.02
2022-05-10,869.71,879.24,859.42,868.95,868.95,347906656.0,28.97,3.11
2022-10-25,775.15,784.92,767.0,776.75,776.75,350000000.0,29.96,4.05
2020-07-16,331.4,333.31,329.73,331.64,331.64,283376775.0,24.21,0.76
2023-06-30,905.34,911.33,897.21,903.19,903.19,202036544.0,16.55,3.81
2022-10-26,777.92,788.24,770.98,781.27,781.27,337459963.0,24.88,3.97
2023-10-03,1143.22,1156.59,1131.72,1145.07,1145.07,202460453.0,16.78,3.68
2019-03-20,308.13,310.13,306.87,308.87,308.87,192653713.0,10.98,2.25
2020-06-25,303.67,307.89,301.36,305.57,305.57,305176585.0,23.85,0.78
2020-09-18,348.76,351.33,346.51,349.08,349.08,300098050.0,28.07,0.66
2023-04-19,784.78,789.22,781.73,786.17,786.17,211830010.0,13.89,3.81
2022-11-30,794.62,803.13,788.67,797.15,797.15,350000000.0,27.49,4.18
2021-09-22,655.53,660.94,647.5,652.88,652.88,222540313.0,18.11,1.79
2020-05-27,326.44,330.38,320.55,324.46,324.46,333973469.0,30.51,0.84
2020-06-03,331.4,335.01,328.6,332.21,332.21,318811540.0,22.89,0.87
2023-01-03,768.49,774.42,759.88,765.79,765.79,216458710.0,14.1,4.13
2022-10-13,787.08,793.71,779.76,786.39,786.39,322972407.0,23.5,3.99
2023-11-07,1212.7,1223.88,1202.67,1213.84,1213.84,226935154.0,15.27,3.7
2022-10-21,771.0,776.68,766.74,772.41,772.41,323841767.0,22.56,3.87
2023-04-04,759.55,767.08,755.13,762.64,762.64,212875442.0,12.87,4.0
2023-03-10,778.15,785.41,770.97,778.23,778.23,212431630.0,18.76,3.93
2023-10-05,1141.66,1150.0,1130.47,1138.79,1138.79,222270648.0,16.52,3.73
2023-07-17,939.87,946.83,933.54,940.5,940.5,219025478.0,14.25,3.88
2021-01-18,425.69,428.14,423.67,426.12,426.12,202807063.0,13.18,1.46
2020-06-22,316.76,318.71,314.37,316.31,316.31,296557878.0,26.72,0.82
2021-11-17,685.17,690.93,678.65,684.39,684.39,215228961.0,19.76,1.74
2020-02-18,320.47,325.92,312.68,318.1,318.1,350000000.0,50.09,0.72
2020-08-11,336.19,338.47,333.49,335.77,335.77,350000000.0,28.41,0.7
2020-03-18,261.18,265.34,255.99,260.13,260.13,350000000.0,50.57,0.84
2022-04-01,730.94,736.36,725.69,731.11,731.11,350000000.0,24.24,2.95
2022-11-08,750.17,757.72,744.66,752.2,752.2,350000000.0,28.04,4.03
2022-07-14,829.17,837.21,820.19,828.22,828.22,335695357.0,27.47,3.47
2020-01-03,376.63,380.78,372.31,376.46,376.46,294018350.0,27.71,0.67
2022-01-21,764.56,772.15,757.11,764.7,764.7,346573757.0,20.98,2.65
2020-01-27,356.21,360.25,351.08,355.11,355.11,350000000.0,23.63,0.65
2022-07-29,757.97,767.4,750.3,759.71,759.71,343861381.0,22.86,3.56
2020-11-12,361.51,366.55,358.15,363.18,363.18,305532379.0,29.37,0.78
2023-07-20,952.62,958.43,948.45,954.25,954.25,239458178.0,13.18,3.85
2019-11-08,374.77,377.24,371.53,373.99,373.99,192774711.0,11.0,1.84
2018-05-14,259.8,262.91,257.47,260.57,260.57,205351920.0,13.41,3.03
2021-11-29,693.28,697.2,689.49,693.41,693.41,202549276.0,15.56,1.78
2020-02-27,330.02,335.6,323.42,328.98,328.98,350000000.0,56.39,0.71
2022-11-04,774.11,780.57,765.73,772.17,772.17,350000000.0,25.32,4.0
2020-11-04,363.68,367.82,360.74,364.88,364.88,335719780.0,27.79,0.72
2021-04-22,486.97,491.17,481.69,485.88,485.88,209488712.0,17.39,1.7
2021-06-01,538.22,543.53,535.23,540.53,540.53,198724045.0,19.35,1.67
2021-12-23,713.65,716.83,708.37,711.54,711.54,206667191.0,15.71,1.76
2018-10-16,277.51,281.93,274.25,278.65,278.65,314689124.0,21.88,3.17
2019-07-03,339.33,344.38,335.28,340.32,340.32,201337869.0,11.63,2.01
2021-01-15,421.83,425.26,418.74,422.16,422.16,203272004.0,17.86,1.58
2021-05-03,495.99,500.23,493.05,497.28,497.28,222076289.0,17.31,1.65
2019-07-10,349.62,352.15,344.95,347.46,347.46,168140728.0,17.34,2.12
2020-12-08,386.28,389.47,381.49,384.67,384.67,326543874.0,26.78,0.73
2023-07-06,928.22,937.78,914.68,924.2,924.2,228109131.0,16.11,3.78
2022-10-04,841.9,850.75,834.44,843.28,843.28,350000000.0,25.8,3.82
2021-12-09,722.49,728.75,717.65,723.9,723.9,199432829.0,19.66,1.73
2020-06-17,322.3,325.98,319.39,323.06,323.06,300973267.0,27.06,0.9
2020-05-06,288.59,291.11,285.79,288.31,288.31,300095911.0,22.63,0.91
2021-09-06,625.83,632.59,621.16,627.9,627.9,195898506.0,20.27,1.74
2020-10-12,356.83,361.11,352.72,356.99,356.99,315593297.0,24.61,0.56
2020-08-13,337.31,340.03,334.5,337.21,337.21,325652872.0,28.4,0.61
2018-05-17,262.83,264.28,260.78,262.22,262.22,214624694.0,9.05,3.03
2021-01-29,430.77,434.57,426.89,430.69,430.69,237990741.0,18.09,1.48
2019-07-23,346.96,348.06,345.15,346.25,346.25,201279488.0,10.37,1.98
2019-12-04,381.52,384.1,379.21,381.79,381.79,186604335.0,14.24,1.79
2022-02-08,707.55,716.51,700.94,709.87,709.87,350000000.0,27.31,2.68
2022-01-18,755.72,763.6,742.62,750.44,750.44,328420727.0,23.18,2.52
2021-07-23,611.75,614.84,609.09,612.18,612.18,240028383.0,12.44,1.66
2020-12-25,414.88,417.68,413.0,415.8,415.8,312027583.0,24.04,0.89
2018-10-08,278.68,280.68,275.92,277.91,277.91,332327715.0,23.05,3.08
2018-07-06,264.98,266.81,262.62,264.45,264.45,191614091.0,11.74,2.99
2022-01-11,758.63,765.62,752.8,759.79,759.79,343282192.0,23.61,2.49
2018-02-26,256.9,258.89,255.65,257.63,257.63,226762193.0,13.45,2.85
2021-11-24,687.88,692.56,683.41,688.08,688.08,224992904.0,17.33,1.81
2018-11-19,289.18,292.31,287.05,290.18,290.18,323728403.0,24.27,3.15
2019-06-13,346.7,348.67,344.22,346.18,346.18,165280959.0,12.51,2.11
2019-02-07,284.63,288.01,282.37,285.74,285.74,189923907.0,14.48,2.34
2019-08-08,355.24,359.23,352.45,356.43,356.43,167925807.0,11.87,2.11
2019-07-02,340.53,343.94,339.7,343.1,343.1,192202393.0,12.64,2.19
2020-04-08,264.14,267.53,262.08,265.45,265.45,338859088.0,26.08,0.87
2022-06-15,809.95,822.85,800.7,813.57,813.57,340933792.0,22.66,3.27
2022-03-01,733.73,742.34,721.1,729.66,729.66,338021394.0,23.44,2.72
2020-06-24,304.7,308.88,301.65,305.83,305.83,285216710.0,25.11,0.78
2022-06-01,798.45,806.91,787.25,795.68,795.68,332598786.0,24.93,3.23
2023-03-29,760.76,764.79,754.29,758.31,758.31,221107584.0,16.23,3.96
2019-12-30,376.87,378.42,374.87,376.41,376.41,201325037.0,16.5,1.77
2018-03-30,253.13,256.37,251.07,254.3,254.3,222633310.0,12.77,2.91
2018-01-19,271.11,272.5,269.37,270.76,270.76,209321999.0,12.99,2.85
2022-07-11,820.79,827.74,813.74,820.68,820.68,332848909.0,29.91,3.37
2022-01-28,720.05,731.14,714.19,725.24,725.24,350000000.0,26.69,2.59
2019-11-20,377.61,382.86,374.64,379.86,379.86,196241653.0,12.84,1.88
2019-06-14,344.06,347.17,341.5,344.61,344.61,196014789.0,13.4,2.13
2018-09-19,289.9,292.33,288.32,290.75,290.75,195083231.0,12.85,3.07
2020-12-03,377.55,383.38,373.9,379.72,379.72,296864588.0,26.08,0.76
2018-10-30,307.69,310.58,305.06,307.95,307.95,350000000.0,26.59,3.1
2021-01-12,428.4,430.94,425.57,428.11,428.11,212347912.0,18.5,1.42
2022-02-15,682.6,688.47,675.72,681.59,681.59,347125765.0,25.41,2.7
2021-05-13,494.34,498.95,490.47,495.07,495.07,203445652.0,16.18,1.65
2019-04-17,318.78,321.47,315.98,318.66,318.66,205292510.0,11.98,2.3
2020-10-02,360.43,364.72,357.7,361.99,361.99,302584954.0,21.12,0.62
2019-02-18,286.05,287.78,283.41,285.14,285.14,155761265.0,9.99,2.44
2021-11-23,690.93,695.98,685.09,690.13,690.13,191867487.0,14.86,1.85
2022-11-21,763.05,770.33,753.87,761.12,761.12,350000000.0,22.81,4.09
2019-09-30,363.21,366.96,360.88,364.63,364.63,232326944.0,14.65,1.92
2023-12-28,1189.07,1197.43,1178.85,1187.2,1187.2,209939819.0,15.71,3.67
2021-02-15,437.42,439.55,434.1,436.23,436.23,212372359.0,20.64,1.61
2019-01-11,275.67,277.44,274.24,276.01,276.01,181025464.0,11.49,2.45
2021-10-25,615.67,620.65,612.73,617.7,617.7,211196502.0,22.05,1.8
2018-10-09,278.46,283.29,274.95,279.76,279.76,302951159.0,20.83,3.03
2018-08-14,268.45,271.99,266.94,270.47,270.47,225238066.0,11.95,3.05
2020-10-16,355.46,358.12,353.0,355.67,355.67,311892070.0,25.86,0.69
2019-07-16,348.32,350.39,344.33,346.39,346.39,208060191.0,11.92,2.06
2020-09-09,355.45,358.64,351.17,354.35,354.35,327828449.0,27.25,0.61
2022-04-29,808.68,818.62,800.91,810.84,810.84,339554341.0,27.58,3.05
2020-03-02,333.02,338.79,327.56,333.33,333.33,350000000.0,53.51,0.77
2023-06-01,870.11,878.54,863.25,871.67,871.67,236848637.0,14.28,3.82
2021-11-30,693.19,696.12,687.93,690.85,690.85,217883675.0,20.92,1.8
2021-12-06,717.04,723.84,710.71,717.51,717.51,202407214.0,14.86,1.92
2023-05-30,854.69,862.54,841.94,849.74,849.74,268411985.0,9.96,3.89
2022-03-25,733.19,744.11,725.77,736.65,736.65,338636115.0,28.1,2.89
2018-10-15,275.89,279.44,273.47,277.01,277.01,325642156.0,26.02,3.07
2018-02-16,262.8,265.1,261.41,263.71,263.71,210338521.0,11.02,2.92
2020-12-21,413.9,418.31,409.91,414.3,414.3,341520284.0,29.06,0.83
2019-12-12,378.88,381.55,376.36,379.02,379.02,205988128.0,17.63,1.82
2023-07-25,971.76,978.69,967.71,974.63,974.63,228613858.0,11.67,3.78
2023-08-31,1033.02,1040.56,1023.37,1030.9,1030.9,204391364.0,15.53,3.67
2023-11-28,1161.93,1172.99,1156.62,1167.65,1167.65,216450455.0,13.3,3.64
2023-05-01,812.93,822.3,804.77,814.12,814.12,221671841.0,17.76,3.95
2018-05-08,266.62,268.46,264.18,266.02,266.02,222791782.0,11.41,2.94
2023-03-23,753.87,762.26,746.53,754.91,754.91,273735208.0,13.17,3.93
2021-06-09,561.8,566.44,557.6,562.24,562.24,196807413.0,15.56,1.66
2020-02-28,342.32,348.11,335.66,341.43,341.43,350000000.0,56.87,0.68
2023-03-31,748.04,757.09,741.7,750.73,750.73,230651243.0,15.99,3.88
2020-12-22,412.73,416.51,407.33,411.09,411.09,321680347.0,22.07,0.81
2018-12-04,282.76,286.39,280.17,283.78,283.78,332555085.0,20.97,3.2
2018-01-18,273.86,275.8,272.41,274.36,274.36,226717211.0,11.3,2.85
2019-03-18,306.34,309.86,303.88,307.39,307.39,220470631.0,16.39,2.29
2020-04-20,272.44,274.23,,271.74,271.74,312040353.0,23.94,0.89
2019-06-26,342.11,343.7,340.08,341.67,341.67,193978168.0,11.16,2.09
2022-12-21,766.86,774.2,761.48,768.81,768.81,332529631.0,25.46,4.3
2018-08-21,278.23,279.9,275.19,276.84,276.84,195543040.0,11.96,3.05
2021-03-22,459.86,464.56,455.72,460.41,460.41,253765758.0,16.95,1.61
2018-01-29,267.85,269.95,265.08,267.18,267.18,209336871.0,14.28,2.95
2020-06-23,303.65,308.22,300.77,305.32,305.32,322486751.0,23.09,0.89
2023-10-12,1148.78,1167.14,1137.48,1155.77,1155.77,260180585.0,16.73,3.75
2022-06-03,796.45,805.68,789.1,798.31,798.31,340105623.0,31.22,3.23
2021-03-09,460.39,462.66,455.53,457.79,457.79,229576065.0,21.69,1.54
2022-11-09,738.59,749.48,729.86,740.73,740.73,350000000.0,24.49,3.99
2020-02-26,337.15,343.09,330.01,335.92,335.92,350000000.0,52.83,0.75
2023-11-06,1200.0,1204.36,1187.97,1192.3,1192.3,248487742.0,15.15,3.7
2020-08-18,335.72,339.84,331.99,336.11,336.11,304153987.0,21.4,0.66
2021-09-01,618.1,622.59,613.46,617.95,617.95,207708798.0,21.39,1.79
2018-09-21,287.64,289.8,283.51,285.65,285.65,221067948.0,14.84,3.06
2021-09-27,639.65,643.05,635.78,639.18,639.18,253704764.0,20.72,1.71
2020-09-04,353.2,356.6,349.29,352.69,352.69,290306505.0,26.24,0.52
2023-09-29,1142.02,1146.78,1135.8,1140.56,1140.56,180029280.0,11.75,3.65
2019-12-16,377.81,380.54,375.64,378.37,378.37,206976631.0,13.42,1.8
2022-02-23,689.43,693.89,683.34,687.79,687.79,343770453.0,27.63,2.65
2019-10-25,366.66,367.8,364.66,365.8,365.8,172758905.0,15.04,1.93
2021-04-13,473.74,477.86,468.84,472.95,472.95,217115885.0,21.88,1.59
2020-11-11,365.69,368.91,362.2,365.42,365.42,300114268.0,29.38,0.74
2018-12-19,289.72,291.86,287.39,289.53,289.53,309144314.0,22.1,3.21
2018-01-30,266.56,268.7,264.71,266.85,266.85,251796509.0,14.46,2.83
2023-02-15,797.84,802.53,792.16,796.85,796.85,236293744.0,12.37,4.01
2019-10-04,358.46,360.09,357.27,358.89,358.89,177287477.0,15.65,1.87
2022-07-15,813.47,821.5,806.45,814.47,814.47,350000000.0,21.05,3.51
2019-01-22,280.39,281.21,279.0,279.82,279.82,191081695.0,11.12,2.4
2021-08-30,612.49,617.14,608.26,612.91,612.91,206918032.0,18.91,1.69
2022-08-29,759.84,767.87,751.74,759.78,759.78,350000000.0,29.83,3.69
2019-06-24,336.15,337.19,334.63,335.67,335.67,175112183.0,18.0,2.16
2021-02-01,430.52,433.24,427.3,430.01,430.01,222304994.0,15.15,1.45
2023-07-05,915.86,924.91,910.22,919.25,919.25,260200556.0,11.48,3.85
2023-10-23,1141.62,1151.96,1125.82,1136.11,1136.11,244717416.0,16.51,3.65
2019-04-25,317.54,319.87,316.22,318.55,318.55,220917987.0,14.55,2.21
2020-12-11,404.28,408.33,399.78,403.82,403.82,280571811.0,26.81,0.82
2023-02-08,792.32,800.24,782.41,790.32,790.32,201135654.0,13.11,4.01
2018-07-02,266.68,269.57,263.99,266.87,266.87,214221704.0,9.15,3.11
2021-05-04,494.51,497.71,491.37,494.56,494.56,229034932.0,17.04,1.73
2022-04-21,808.66,819.73,800.28,811.32,811.32,328128144.0,23.51,3.04
2023-05-09,814.96,823.12,810.23,818.37,818.37,229136661.0,18.8,3.87
2018-05-02,262.75,264.99,260.92,263.16,263.16,180413246.0,17.18,2.94
2023-09-06,1054.74,1061.38,1043.59,1050.2,1050.2,206322183.0,13.42,3.77
2019-04-08,321.89,323.71,318.46,320.26,320.26,170896040.0,12.96,2.26
2022-09-29,829.85,837.51,823.88,831.53,831.53,309504228.0,18.57,3.8
2019-10-15,365.17,367.9,363.51,366.24,366.24,156193799.0,11.48,2.02
2018-06-19,267.24,268.78,265.46,267.0,267.0,233107245.0,10.4,3.05
2021-12-31,733.21,740.12,726.69,733.59,733.59,211731341.0,18.64,1.78
2022-03-14,737.85,742.93,731.63,736.7,736.7,321552979.0,27.66,2.91
2022-05-02,816.72,826.17,804.86,814.28,814.28,320696784.0,28.71,3.12
2022-12-16,762.31,771.52,755.19,764.38,764.38,343105233.0,27.64,4.31
2021-04-19,475.12,481.13,471.54,477.54,477.54,184608761.0,16.41,1.61
2023-08-04,1021.59,1028.54,1017.98,1024.91,1024.91,240180356.0,11.91,3.79
2022-04-26,817.37,826.44,810.37,819.42,819.42,350000000.0,24.71,2.98
